传闻不和,那威,贾妮,贾妮那威不和吵翻天,1
传闻不和,赵薇,杨幂,赵薇周迅刘诗诗杨幂闺蜜翻脸,0
传闻不和,章子怡,朱丹,梁朝伟刘德华章子怡范冰冰李湘朱丹明星结怨内幕,0
传闻不和,希尔,莫拉蒂,莫拉蒂澄清自己和托希尔不和,0
传闻不和,光绪,慈禧,揭秘“戊戌变法”慈禧为何与光绪决裂,1
传闻不和,杨幂,陈坤,赵薇陈坤决裂刘诗诗杨幂疏远,0
传闻不和,田震,那英,那英田震交恶杨坤孙楠翻脸,1
传闻不和,雍正皇帝,年羹尧,雍正皇帝登基后为何翻脸杀功臣年羹尧,1
传闻不和,张曼玉,明星,张曼玉伊能静张柏芝陈冠希曝与父母决裂的明星,0
传闻不和,章子怡,赵薇,章子怡赵薇范冰冰决裂内幕,1
传闻不和,李湘,梁朝伟,李湘朱丹梁朝伟刘德华章子怡揭秘明星结怨内幕,0
传闻不和,戴娇倩,于正,戴娇倩于正骂战炒作,0
传闻不和,彭德怀,毛泽东,揭秘毛泽东彭德怀决裂,1
传闻不和,孙楠,杨坤,杨坤孙楠翻脸那英田震交恶,1
传闻不和,张歆艺,刘诗诗,刘诗诗张歆艺粉丝骂战内幕,0
传闻不和,杨幂,赵薇,杨幂撑赵薇周迅无不和,0
传闻不和,吴奇隆,刘诗诗,刘诗诗吴奇隆演戏唐嫣邱泽翻脸,0
传闻不和,范冰冰,梅艳芳,范冰冰骂哭赵薇梅艳芳吴君如翻脸揭明星间恩怨,0
传闻不和,袁莉,明星,袁莉周杰黄圣依等明星领衔的娱乐圈10场经典骂战,0
传闻不和,贾静雯,林心如,林心如贾静雯高圆圆袁泉女星为抢男人翻脸/图,1
传闻不和,杨幂,赵丽颖,不信赵丽颖与杨幂粉丝掀骂战,0
传闻不和,吕良伟,于荣光,吕良伟于荣光兄弟反目,1
传闻不和,李云迪,王力宏,王力宏李云迪疑似翻脸,1
传闻不和,梁朝伟,朱丹,刘德华梁朝伟章子怡范冰冰李湘朱丹明星结怨内幕,0
传闻不和,范冰冰,朱丹,梁朝伟刘德华章子怡范冰冰李湘朱丹明星结怨内幕(图),0
传闻不和,黄奕,霍思燕,霍思燕再谈与黄奕微博骂战,1
传闻不和,张歆艺,张歆,刘诗诗张歆艺粉丝骂战内幕,0
传闻不和,章子怡,李湘,刘德华梁朝伟章子怡范冰冰李湘朱丹明星结怨内幕,0
传闻不和,霍思燕,赵雅芝,杨幂霍思燕打耳光赵雅芝叶童不和,0
传闻不和,张歆艺,明星,黄晓明杨幂张歆艺郑爽高调恋爱私下翻脸明星,0
传闻不和,杨幂,郑爽,黄晓明杨幂张歆艺郑爽高调恋爱私下翻脸明星,0
传闻不和,哈林,汪峰,哈林呛汪峰引粉丝骂战,0
传闻不和,张学友,黎明,刘德华张学友黎明郭富城“四大天王”20年不和内幕,1
传闻不和,霍思燕,前夫,揭秘黄奕与前夫姜凯闪离与霍思燕“小三”骂战惊人内幕,0
传闻不和,田震,刘德华,梁朝伟刘德华章子怡范冰冰那英田震明星交恶结怨内幕,0
传闻不和,郭敬明,韩寒,盘点范冰冰赵薇郭敬明韩寒等明星骂战,1
传闻不和,刘德华,李湘,梁朝伟刘德华章子怡范冰冰李湘朱丹明星结怨内幕,0
传闻不和,杨幂,周迅,杨幂撑赵薇周迅无不和,0
传闻不和,红颜,郭炳湘,新鸿基郭炳湘为红颜家族反目,0
传闻不和,吴奇隆,邱泽,吴奇隆刘诗诗演戏邱泽唐嫣翻脸,0
传闻不和,腾格尔,尚雯婕,腾格尔与尚雯婕骂战升级,1
传闻不和,郭富城,黎明,刘德华张学友黎明郭富城“四大天王”20年不和内幕,1
传闻不和,张馨予,李晨,唐嫣邱泽对骂张馨予李晨翻脸,1
传闻不和,那英,梁朝伟,那英田震梁朝伟刘德华章子怡范冰冰明星结怨内幕,0
传闻不和,刘诗诗,林心如,刘诗诗林心如否认不和,0
传闻不和,明星,郭晶晶,田亮郭晶晶李亚鹏王菲明星旧爱翻脸成仇敌,0
传闻不和,王喜,郑嘉颖,佘诗曼对郑嘉颖王喜不和不知情,1
传闻不和,陈坤,赵薇,赵薇再次否认和陈坤不和,0
传闻不和,寇振海,李立群,李立群寇振海为头牌梨园反目,1
传闻不和,方大同,房祖名,方大同房祖名因薛凯琪翻脸,1
传闻不和,蒋勤勤,陈建斌,蒋勤勤否认与老公陈建斌不和,0
传闻不和,黄秋生,罗志祥,罗志祥黄秋生骂战互揭底,1
传闻不和,周杰伦,明星,田震杜汶泽杨幂袁珊珊罗志祥周杰伦掀微博骂战的明星揭秘,0
传闻不和,刘诗诗,唐嫣,吴奇隆刘诗诗演戏邱泽唐嫣翻脸,0
传闻不和,田震,梁朝伟,梁朝伟刘德华章子怡范冰冰那英田震明星交恶结怨内幕,0
传闻不和,霍思燕,叶童,杨幂霍思燕打耳光赵雅芝叶童不和,0
传闻不和,杨幂,叶童,杨幂霍思燕打耳光赵雅芝叶童不和,0
传闻不和,朱丹,明星,李湘朱丹梁朝伟刘德华章子怡揭秘明星结怨内幕,0
传闻不和,梁朝伟,李湘,刘德华梁朝伟章子怡范冰冰李湘朱丹明星结怨内幕,0
传闻不和,杨幂,明星,张馨予杨幂谢娜阿娇揭明星“骂战”事件（图）,0
传闻不和,刘德华,朱丹,梁朝伟刘德华章子怡范冰冰李湘朱丹明星结怨内幕,0
传闻不和,吴奇隆,赵丽颖,吴奇隆刘诗诗假戏真做陈晓赵丽颖险反目,0
传闻不和,梁咏琪,薛凯琪,薛凯琪否认与梁咏琪不和,0
传闻不和,成风,明星,微博骂战成风的十大明星,0
传闻不和,李湘,范冰冰,范冰冰翻脸李湘朱丹死对头,0
传闻不和,张歆艺,黄晓明,黄晓明杨幂张歆艺郑爽高调恋爱私下翻脸明星,0
传闻不和,杨幂,金鹰,“金鹰女神”刘诗诗与杨幂不和,0
传闻不和,小沈阳,赵本山,赵本山小沈阳“师徒反目”为哪般,1
传闻不和,金昶伯,金相烈,金相烈曾反目金昶伯,1
传闻不和,杜汶泽,明星,田震杜汶泽杨幂袁姗姗领衔掀骂战的10对明星,0
传闻不和,韦德,詹姆斯,曝詹姆斯韦德关系不和,1
传闻不和,邱泽,唐嫣,唐嫣邱泽对骂张馨予李晨翻脸,1
传闻不和,赵薇,罗志祥,网传陈坤赵薇不和周杰伦罗志祥闹掰,0
传闻不和,王耀庆,文章,文章王耀庆为争马伊琍“反目”,1
传闻不和,张伟平,陈坤,赵薇陈坤不和张艺谋张伟平散伙,0
传闻不和,和托,希尔,莫拉蒂澄清自己和托希尔不和,0
传闻不和,余文乐,陈冠希,刘德华梁朝伟结怨陈冠希余文乐争阿娇,0
传闻不和,邱泽,张馨予,唐嫣邱泽对骂张馨予李晨翻脸,0
传闻不和,汪东城,炎亚纶,汪东城炎亚纶闹不和,1
传闻不和,刘德华,梁朝伟,梁朝伟刘德华章子怡范冰冰李湘朱丹明星结怨内幕,1
传闻不和,刘诗诗,周迅,赵薇周迅刘诗诗杨幂闺蜜翻脸,0
传闻不和,李湘,朱丹,梁朝伟刘德华章子怡范冰冰李湘朱丹明星结怨内幕,1
传闻不和,杨坤,田震,杨坤孙楠翻脸那英田震交恶,0
传闻不和,古剑,高伟光,《古剑》高伟光乔振宇戏里撕破脸,0
传闻不和,章子怡,刘德华,梁朝伟刘德华章子怡范冰冰李湘朱丹明星结怨内幕,0
传闻不和,董洁,郑爽,郑爽张翰暧昧董洁潘粤明翻脸,0
传闻不和,孙俪,邓超,孙俪邓超拍戏曾翻脸,1
传闻不和,吴奇隆,林心如,罗志祥林心如曝恋情吴奇隆林志颖翻脸,0
传闻不和,章子怡,田震,那英田震梁朝伟刘德华章子怡范冰冰明星结怨内幕,0
传闻不和,王菲,李亚鹏,王菲李亚鹏婚后发现性格不和,1
传闻不和,郑佩佩,刘涛,许晴拉黑郑佩佩许晴刘涛不和,0
传闻不和,刘诗诗,赵薇,赵薇周迅刘诗诗杨幂闺蜜翻脸,0
传闻不和,杨钰莹,黄健翔,杨钰莹被黄健翔逼问恋情翻脸说明啥,1
传闻不和,黄毅清,黄奕,黄奕黄毅清狗血骂战升级,1
传闻不和,高晓松,汪峰,汪峰高晓松疑因女人"反目",1
传闻不和,张智霖,宣萱,袁咏仪自曝与宣萱反目只因太紧张张智霖,0
传闻不和,宋慧乔,刘诗诗,刘诗诗赵薇宋慧乔辟谣不和,0
传闻不和,周杰伦,吴宗宪,吴宗宪否认曝刘德华周杰伦结怨,0
传闻不和,郭敬明,崔永元,传郭敬明崔永元不和,1
传闻不和,张柏芝,杨幂,杨幂霍思燕章子怡张柏芝明星翻脸内幕揭秘,0
传闻不和,杨幂,姚晨,张馨予姚晨杨幂揭明星“骂战”事件,1
传闻不和,陈水扁,李登辉,李登辉陈水扁“父子”反目,1
传闻不和,汪峰,罗大佑,汪峰和罗大佑未因章子怡不和,1
传闻不和,汪峰,春天里,汪峰旭日阳刚在“春天里”决裂,0
传闻不和,周涛,董卿,传董卿周涛不和,1
传闻不和,杨幂,刘诗诗,赵薇陈坤闹掰杨幂刘诗诗不和,1
传闻不和,范冰冰,韩寒,盘点范冰冰赵薇郭敬明韩寒等明星骂战,0
传闻不和,李易峰,乔振宇,李易峰乔振宇决裂,1
传闻不和,张朝阳,汪小菲,汪小菲爆粗与张朝阳决裂,1
传闻不和,黄晓明,赵薇,黄晓明暗恋赵薇终得手为得初恋翻脸陈坤,0
传闻不和,陈凯歌,张艺谋,陈凯歌否认与张艺谋不和,0
传闻不和,孙海英,冯小刚,冯小刚孙海英领衔娱乐圈的十大明星“骂战”,1
传闻不和,杨幂,范冰冰,娱圈范冰冰杨幂明星的争斗“骂战”,1
传闻不和,陈坤,刘诗诗,杨幂刘诗诗不和赵薇陈坤闹掰,0
传闻不和,明星,梁朝伟,李湘朱丹梁朝伟刘德华章子怡揭秘明星结怨内幕,0
传闻不和,吴奇隆,林志颖,罗志祥林心如曝恋情吴奇隆林志颖翻脸,1
传闻不和,李晨,陈思成,陈思成为佟丽娅与李晨张译翻脸,1
传闻不和,周恩来,毛泽东,党媒原高管揭秘周恩来文革不与毛泽东决裂内情,0
传闻不和,齐达内,穆里尼奥,齐达内和穆里尼奥翻脸,1
传闻不和,那英,刘德华,那英田震梁朝伟刘德华章子怡范冰冰明星结怨内幕,0
传闻不和,韦唯,宋祖英,宋祖英韦唯曾结怨,1
传闻不和,黄家强,朱茵,曝黄贯中黄家强因朱茵反目,0
传闻不和,林丹,赵文卓,林丹围观骂战力挺赵文卓,0
传闻不和,杨幂,唐嫣,传刘诗诗得“金鹰女神”与杨幂唐嫣决裂,0
传闻不和,李云迪,郭敬明,郭敬明韩寒“相爱相杀”王力宏李云迪国民cp反目,0
传闻不和,田蕊妮,黄秋生,黄秋生公报私仇骂战殃及田蕊妮,0
传闻不和,吴宗宪,马伊琍,杜汶泽马伊琍阿娇吴宗宪领衔掀骂战,0
传闻不和,张国荣,陈百强,高志森曝光张国荣与陈百强兄弟情决裂真相,1
传闻不和,邓建,龙凤呈祥,传严昆邓建泓拍《龙凤呈祥》不和,0
传闻不和,汪涵,欧弟,欧弟开腔否认与汪涵“不和”,0
传闻不和,舒淇,冯德伦,舒淇疑与冯德伦分手撕破脸,1
传闻不和,那英,范冰冰,梁朝伟刘德华章子怡范冰冰那英田震明星交恶结怨内幕,0
传闻不和,周杰伦,罗志祥,罗志祥与周杰伦决裂(图),1
传闻不和,周杰伦,杜汶泽,田震杜汶泽杨幂袁珊珊罗志祥周杰伦掀微博骂战的明星揭秘,0
传闻不和,张艺谋,张伟平,张伟平张艺谋被曝决裂,1
传闻不和,魏晨,张翰,张翰郑爽柳岩魏晨助阵新势力盛典杨幂否认与刘诗诗不和,0
传闻不和,迟帅,冯绍峰,迟帅不和冯绍峰抢角,0
传闻不和,宋慧乔,赵薇,刘诗诗赵薇宋慧乔辟谣不和,0
传闻不和,邓文迪,刘嘉玲,刘嘉玲否认章子怡邓文迪不和,0
传闻不和,梁朝伟,范冰冰,梁朝伟刘德华章子怡范冰冰李湘朱丹明星结怨内幕,0
传闻不和,林峰,郑嘉颖,林峰否认与郑嘉颖不和,0
传闻不和,杨幂,赵雅芝,杨幂霍思燕打耳光赵雅芝叶童不和,0
传闻不和,周立波,张生,周立波与同济教授张生骂战升级,1
传闻不和,那英,明星,那英田震梁朝伟刘德华章子怡范冰冰明星结怨内幕,0
传闻不和,余文乐,阿娇,刘德华梁朝伟结怨陈冠希余文乐争阿娇,0
传闻不和,甄子丹,张柏芝,张柏芝章子怡甄子丹揭娱圈“翻脸”明星,0
传闻不和,汪涵,田源,田源否认其与汪涵不和(图),0
传闻不和,李维嘉,何炅,何炅李维嘉现场翻脸,1
传闻不和,瞿颖,吴宗宪,吴宗宪提李亚鹏瞿颖翻脸,0
传闻不和,窦靖童,李亚鹏,窦靖童和李亚鹏频闹不和,1
传闻不和,赵本山,范伟,赵本山不和范伟抢角色,0
传闻不和,章子怡,刘诗诗,杨幂刘诗诗范冰冰章子怡翻脸,0
传闻不和,黄奕,杨幂,黄奕霍思燕掀骂战杨幂刘诗诗疏远,0
传闻不和,阿娇,马伊琍,杜汶泽马伊琍阿娇吴宗宪领衔掀骂战,0
传闻不和,陈建斌,李咏,李咏陈建斌险“反目“,0
传闻不和,雍正皇帝,屠杀,雍正皇帝登基后为何翻脸屠杀功臣年羹尧,0
传闻不和,张杰,邓紫棋,邓紫棋周笔畅撕破脸张杰无人缘,0
传闻不和,甄子丹,明星,与甄子丹结怨的16位明星,0
传闻不和,杨幂,于正,杨幂于正闹不和,1
传闻不和,明星,范冰冰,盘点范冰冰赵薇郭敬明韩寒等明星骂战,0
传闻不和,那英,那辛,那辛否认与那英不和,0
传闻不和,张馨予,唐嫣,唐嫣邱泽对骂张馨予李晨翻脸,0
传闻不和,黄家强,黄贯中,黄贯中黄家强掀骂战,1
传闻不和,孙俪,高希希,导演兼媒人高希希曝孙俪邓超因拍戏曾翻脸(图),0
传闻不和,刘德华,黎明,刘德华张学友黎明郭富城20年不和内幕,1
传闻不和,朱丹,范冰冰,章子怡范冰冰翻脸李湘朱丹死对头,0
传闻不和,邵美琪,陈妙瑛,邵美琪与陈妙瑛决裂,1
传闻不和,梁晶晶,柯震东,梁晶晶与柯震东翻脸,1
传闻不和,李小璐,霍思燕,李小璐拒评闺蜜霍思燕与黄奕骂战,0
传闻不和,明星,金钱,因金钱与家人反目的明星,0
传闻不和,郑佩佩,许晴,许晴拉黑郑佩佩许晴刘涛不和,1
传闻不和,梁朝伟,明星,刘德华梁朝伟章子怡范冰冰李湘朱丹明星结怨内幕,0
传闻不和,杨幂,屠苏,郑爽杨幂为心上人屠苏“撕破脸”,0
传闻不和,姚晨,吴秀波,传俩主角各带编剧改戏姚晨吴秀波为抢戏翻脸,1
传闻不和,沙溢,刘烨,不和沙溢刘烨结娃娃亲,0
传闻不和,冯绍峰,赵薇,冯绍峰否认赵薇周迅不和,0
传闻不和,波什,韦德,日媒称詹姆斯与韦德波什决裂,1
传闻不和,井上真央,北川景子,传北川景子井上真央关系不和皆因松本润,1
传闻不和,东方朔,胡可,胡可不和程前演情侣《东方朔》演平阳公主,0
传闻不和,方大同,薛凯琪,方大同房祖名因薛凯琪翻脸,0
传闻不和,郭采洁,郭碧婷,郭碧婷郭采洁“反目”顾里郭采洁众叛亲离,1
传闻不和,陈坤,周迅,陈坤赵薇被曝为周迅反目,0
传闻不和,路金波,韩寒,韩寒路金波反目,1
传闻不和,宋方,宋丹丹,宋丹丹骂战宋方正,0
传闻不和,杨幂,袁姗姗,杨幂袁姗姗因粉丝翻脸周星驰人品备受争议,1
传闻不和,明星,朱丹,刘德华梁朝伟章子怡范冰冰李湘朱丹明星结怨内幕,0
传闻不和,吴孟达,朱茵,女神蓝洁瑛疯癫朱茵深陷公公家暴星爷吴孟达反目,0
传闻不和,杜汶泽,宁财神,宁财神杜汶泽陷骂战,1
传闻不和,琼瑶,范冰冰,范冰冰翻脸不认琼瑶,1
传闻不和,郑欣宜,刘家昌,郑欣宜与刘家昌反目,1
传闻不和,谢霆锋,王菲,谢霆锋提王菲翻脸,1
传闻不和,顾里,郭碧婷,郭碧婷郭采洁“反目”顾里郭采洁众叛亲离,0
传闻不和,山下智久,伊藤英明,山下智久伊藤英明被曝不和,1
传闻不和,田震,范冰冰,那英田震梁朝伟刘德华章子怡范冰冰明星结怨内幕,0
传闻不和,黄奕,前夫,揭秘黄奕与前夫姜凯闪离与霍思燕“小三”骂战惊人内幕,0
传闻不和,柳岩,刘诗诗,张翰郑爽柳岩魏晨助阵新势力盛典杨幂否认与刘诗诗不和,0
传闻不和,李晨,唐嫣,唐嫣邱泽对骂张馨予李晨翻脸,0
传闻不和,周立波,赵本山,周立波称不和郭德纲赵本山抢市场,0
传闻不和,赵薇,明星,与赵薇闹不和的明星,0
传闻不和,张杰,周笔畅,邓紫棋周笔畅撕破脸张杰无人缘,0
传闻不和,李修贤,姜大卫,李修贤姜大卫因潘虹反目,1
传闻不和,周迅,甄子丹,赵薇周迅刘诗诗杨幂闺蜜翻脸赵文卓甄子丹,0
传闻不和,周立波,徐峥,徐峥朱丹与周立波传不和,1
传闻不和,刘诗诗,杨幂,赵薇周迅刘诗诗杨幂闺蜜翻脸,1
传闻不和,陈冠希,伊能静,张曼玉伊能静张柏芝陈冠希曝与父母决裂的明星,0
传闻不和,赵薇,李湘,陈坤赵薇闹不和李湘何炅难同台,0
传闻不和,黄奕,杜汶泽,杜汶泽黄秋生霍思燕黄奕揭明星骂战,0
传闻不和,宣萱,商天娥,林保怡默认商天娥宣萱不和,1
传闻不和,刘德华,余文乐,刘德华梁朝伟结怨陈冠希余文乐争阿娇,0
传闻不和,张曼玉,文隽,文隽曝张曼玉与王家卫决裂,0
传闻不和,赵雅芝,叶童,叶童否认与赵雅芝不和,0
传闻不和,张柏芝,明星,杨幂霍思燕章子怡张柏芝明星翻脸内幕揭秘,0
传闻不和,甄子丹,黄奕,甄子丹赵文卓霍思燕黄奕盘点明星骂战,0
传闻不和,陶晶莹,金秀贤,陶晶莹疑因金秀贤与丈夫闹不和,0
传闻不和,谭耀文,蒋毅,蒋毅谭耀文为爱反目(图),1
传闻不和,童童,李亚鹏,童童李亚鹏不和,1
传闻不和,章子怡,范冰冰,范冰冰讨好章子怡被拒撕破脸,1
传闻不和,刘诗诗,张歆,刘诗诗张歆艺粉丝骂战内幕,0
传闻不和,刘诗诗,赵丽颖,吴奇隆刘诗诗假戏真做陈晓赵丽颖险反目,0
传闻不和,孙楠,田震,杨坤孙楠翻脸那英田震交恶内幕,0
传闻不和,杨幂,霍思燕,杨幂霍思燕打耳光赵雅芝叶童不和,1
传闻不和,姚笛,姚晨,文章出轨恋姚笛引骂战姚晨无辜躺枪,0
传闻不和,李湘,杨幂,谢娜李湘不和杨幂刘诗诗疏远,0
传闻不和,吴奇隆,苏有朋,苏有朋否认和吴奇隆不和,0
传闻不和,张翰,郑爽,郑爽张翰暧昧董洁潘粤明翻脸,0
传闻不和,凌潇肃,文章,姚晨凌潇肃文章马伊琍揭那些撕破脸的情侣,1
传闻不和,家人,明星,因钱与家人反目的明星(图),0
传闻不和,赵又廷,阮经天,阮经天赵又廷粉丝掀骂战,0
传闻不和,王力宏,韩寒,郭敬明韩寒“相爱相杀”王力宏李云迪国民cp反目,0
传闻不和,范冰冰,田震,范冰冰骂哭赵薇那英田震反目,0
传闻不和,马伊琍,文章,姚晨凌潇肃文章马伊琍揭那些撕破脸的情侣,1
传闻不和,萧亚轩,柯震东,柯震东不和萧亚轩过节,1
传闻不和,黄晓明,明星,黄晓明杨幂张歆艺郑爽高调恋爱私下翻脸明星,0
传闻不和,黄圣依,周杰,袁莉周杰黄圣依等明星领衔的娱乐圈10场经典骂战,0
传闻不和,黄健翔,张靓颖,黄健翔张靓颖彻底翻脸,1
传闻不和,张伟平,赵薇,赵薇陈坤不和张艺谋张伟平散伙,0
传闻不和,谢霆锋,张柏芝,张柏芝谢霆锋撕破脸,1
传闻不和,宋丹丹,董洁,宋丹丹周立波汪峰董洁揭明星夫妻离婚反目真相,0
传闻不和,张柏芝,狄波拉,张柏芝狄波拉闹不和,1
传闻不和,明星,赵薇,盘点范冰冰赵薇郭敬明韩寒等明星骂战,0
传闻不和,孙楠,陶喆,《最美和声》陶喆孙楠否认不和,0
传闻不和,霍思燕,杨幂,黄奕霍思燕掀骂战杨幂刘诗诗疏远,0
