偶像,丁俊晖,刘闯,刘闯直言丁俊晖是他的偶像,1
偶像,蒋介石,曾国藩,毛泽东与蒋介石为何都崇拜曾国藩,1
偶像,王同辉,钱三强,王同辉饰偶像钱三强,0
偶像,张艺兴,周觅,《偶像本色》吴亦凡张艺兴周觅中国帮艺人热聊,0
偶像,阿奎罗,欧文,阿奎罗10岁就视欧文为偶像,1
偶像,权志龙,崔始源,盘点权志龙崔始源宋茜李孝利李准基众偶像聚会照揭神秘关系,0
偶像,中国,姚明,中国篮球新星孟祥宇把姚明当偶像,0
偶像,童年,至上励合,偶像天团至上励合自曝童年奇怪梦想,0
偶像,小沈阳,赵本山,福原爱自曝偶像赵本山想见小沈阳,0
偶像,梅西,莫名,偶像变“呕像”梅西莫名呕吐,0
偶像,韩庚,陶燕青,陶燕青“战无不胜”偶像实力超韩庚罗志祥,0
偶像,徐怀钰,张柏芝,张柏芝梁洛施徐怀钰领衔玉女偶像落幕(11),0
偶像,张宇,杨刚,杨刚力挺偶像张宇,1
偶像,陈燮霞,李宇春,陈燮霞李宇春领衔80后十大偶像,0
偶像,学生,牛顿,学生以前喜欢周杰伦如今崇拜牛顿,0
偶像,孙杨,张虹,张虹回应比肩刘翔孙杨成偶像,0
偶像,朱孝天,成功,朱孝天成功打破偶像形象,0
偶像,周恩来,刘备,崇拜周恩来刘备,0
偶像,戴利,郭晶晶,戴利恭喜偶像郭晶晶结婚,1
偶像,陈乔恩,严宽,严宽陈乔恩同获时尚偶像艺人大奖,0
偶像,飞鱼,罗马,罗马捧出新全民偶像“琳飞鱼”“钱”途一片光明,0
偶像,齐达内,莫艳琳,莫艳琳献歌偶像齐达内,1
偶像,马云,周星驰,周星驰把马云当偶像,1
偶像,甄子丹,王羽,甄子丹向儿时偶像王羽抱拳作揖,1
偶像,伊基塔,杜伊,杜伊逼王大雷忘记偶像伊基塔,0
偶像,秦海璐,莫言,秦海璐称崇拜莫言,1
偶像,巴乔,齐达内,视巴乔齐达内为偶像,0
偶像,刘德华,杨丽娟,大学生以死逼迫偶像刘德华娶杨丽娟,0
偶像,梁朝伟,罗伯特,梁朝伟喜逢偶像罗伯特,1
偶像,金马,张子萱,张子萱闪亮金马红毯领跑新偶像,0
偶像,小沈阳,齐秦,“小沈阳”现身《天籁之声》并不是为偶像齐秦而来,1
偶像,上海,金秀贤,金秀贤上海萌翻粉丝调皮索偶像签名,0
偶像,韩红,齐秦,韩红与偶像齐秦同台高歌学员将来大连“拉票”,1
偶像,孙楠,崔健,《全能星战》孙楠致敬偶像崔健,1
偶像,开心,任达华,开心搭档偶像任达华,1
偶像,张倩,大使,《中国偶像》季军张倩担任“亚洲巨声”国际招蓦大使,0
偶像,成德,巴拉克,“球王”“皇帝”赞不绝口巴拉克成德国新偶像,0
偶像,章士钊,希特勒,1950年代章含之揭养父章士钊亲子章可崇拜希特勒,0
偶像,祝歌,李笛,邀偶像李笛唱祝歌《幸好有你》,0
偶像,冷静,丁俊晖,与偶像丁俊晖保持冷静的距离,0
偶像,王濛,范可新,范可新夺冠坦言王濛是偶像,1
偶像,许三多,阿甘,“士兵”许三多成阿甘式偶像,0
偶像,上海,朱骏,坦言上海记忆朱骏是偶像,0
偶像,张亚男,李巍,“新生代偶像”李巍吴昊泽张亚男变身铠甲勇士,0
偶像,谷智鑫,聂耳,文章演偶像版聂耳谷智鑫演田汉,0
偶像,黄家驹,光辉岁月,大鹏献唱《光辉岁月》致敬偶像黄家驹,1
偶像,李宁,李小鹏,李小鹏央视谈偶像李宁,1
偶像,陈柏霖,李宗盛,陈柏霖房祖名与偶像李宗盛合影,1
偶像,权志龙,李准基,盘点权志龙崔始源宋茜李孝利李准基众偶像聚会照揭神秘关系,0
偶像,何润东,董洁,何润东董洁打造偶像版“梁祝”,0
偶像,王宝强,范冰冰,王宝强范冰冰真的是我偶像,1
偶像,林依伦,何赛飞,林依伦还想偶像何赛飞怕老相,1
偶像,陈坤,大学生,陈坤出镜两分钟成大学生偶像,0
偶像,周恩来,毛泽东,知青崇拜周恩来胜毛泽东,0
偶像,张国荣,梅艳芳,张国荣邓丽君梅艳芳揭30年历代偶像,0
偶像,姚明,曾志伟,姚明打高尔夫认曾志伟作偶像,1
偶像,乔丹,成龙,崇拜乔丹喜欢成龙动作片,0
偶像,中国,王菲,《中国偶像》张青拜师王菲那英制作人,0
偶像,陈学冬,周崇光,陈学冬似现实版“周崇光”成90后偶像,0
偶像,任重,李立群,任重从小崇拜李立群因《阿喜》结成“忘年交”,1
偶像,王明,毛泽东,毛泽东谈王明质疑个人崇拜,0
偶像,刘德华,成功,偶像刘德华成功的原因,0
偶像,阮经天,吴尊,偶像一哥阮经天PK少女杀手吴尊,0
偶像,万成,林志颖,林志颖月赚超280万成台湾“偶像吸金帝”,0
偶像,王岳伦,张亮,张亮王岳伦新偶像降临,0
偶像,晋商,杜淳,80后“红色偶像”杜淳《走西口》中挑战晋商,0
偶像,权志龙,吴青峰,吴青峰权志龙偶像秘籍,0
偶像,成功,卢芳生,卢芳生靠偶像气质成功上位(图),0
偶像,王菲,那英,《中国偶像》张青拜师王菲那英制作人,0
偶像,阿姆斯特朗,蒙德,阿姆斯特朗不满昔日偶像勒蒙德,0
偶像,林俊杰,邬祯琳,邬祯琳坦承偶像是林俊杰,1
偶像,王德民,吴彦祖,“学霸版吴彦祖”王德民院士成为校园偶像,0
偶像,刘翔,张虹,张虹回应比肩刘翔孙杨成偶像,0
偶像,李玟雨,长寿,15年长寿偶像神话李玟雨,0
偶像,任贤齐,徐若瑄,韩红任贤齐徐若瑄挑偶像|中国梦之声|任贤齐,0
偶像,李玉刚,张艺谋,李玉刚视张艺谋杨丽萍是偶像,1
偶像,巴斯滕,马拉多纳,崇拜马拉多纳巴斯滕,0
偶像,张艺谋,杨丽萍,李玉刚视张艺谋杨丽萍是偶像,0
偶像,吴仪,倪萍,倪萍崇拜宋庆龄吴仪等,1
偶像,中国,巴特尔,巴特尔成为中国篮坛新偶像,0
偶像,成贺,李治廷,李治廷取代林峰成贺岁偶像,0
偶像,范子盛,徐志平,范子盛徐志平成青年学子偶像,0
偶像,宋祖英,刘翔,刘翔为偶像宋祖英献花,1
偶像,明星,林志颖,杜海涛林志颖杨幂姚晨明星扮丑无偶像包袱超赞,0
偶像,曾诚,范德萨,偶像是曾诚范德萨,0
偶像,绫濑遥,李胜基,李胜基公开表示日本女偶像绫濑遥为心仪对象,0
偶像,怀特,肖恩,张义威曾开偶像肖恩怀特玩笑,0
偶像,乔布斯,雷军,雷军挑战偶像乔布斯,1
偶像,李宇春,张靓颖,80后十大偶像李宇春张靓颖上榜,0
偶像,周作人,鲁迅,周作人反对鲁迅偶像化,0
偶像,王曾,刘翔,亚洲栏王曾是刘翔偶像,0
偶像,毛阿敏,纪敏佳,纪敏佳崇拜毛阿敏,1
偶像,王媛媛,薛明,王媛媛偶像薛明,1
偶像,童年,欧拉,欧拉童年偶像是辣妹组合,0
偶像,伍迪,艾伦,偶像是伍迪艾伦,0
偶像,范冰冰,舒淇,舒淇崇拜张学友范冰冰偶像是梁家辉,0
偶像,本色,张伦硕,张伦硕《姐姐》本色出演贵气偶像,0
偶像,谢霆锋,杨幂,杨幂称谢霆锋是自己偶像,1
偶像,陈坤,信仰,陈坤践行公民承诺信仰依旧偶像走远,0
偶像,田汉,文章,文章演偶像版聂耳谷智鑫演田汉,0
偶像,中国,乔布斯,以乔布斯为偶像的中国创业者,0
偶像,张杰,孙俪,张杰谢娜邓超孙俪杨幂…爱秀甜蜜的偶像情侣,0
偶像,萧敬腾,那英,萧敬腾谈偶像那英做萌态害羞不语,1
偶像,宋丹丹,潘石屹,潘石屹称宋丹丹是其偶像,1
偶像,刘晓庆,范冰冰,范冰冰称刘晓庆为精神偶像,1
偶像,年少,屈原,苏轼年少崇拜屈原堪称粉丝王,0
偶像,穆帅,成亚,穆帅成亚平宁女人偶像,0
偶像,成龙,房祖名,成龙羡慕房祖名签到自己偶像,0
偶像,童年,张喜燕,张喜燕童年视泰森为偶像,0
偶像,陈思诚,王丽坤,陈思诚王丽坤领衔偶像实力组合,0
偶像,金满贯,费德勒,全英偶像毁了金满贯费德勒,0
偶像,王诗龄,周笔畅,王诗龄抱偶像周笔畅,1
偶像,叶群,顾阿桃,文盲村妇顾阿桃如何被叶群培养成“全民偶像”,0
偶像,周杰伦,陈奕迅,周杰伦赞陈奕迅“打破偶像不能结婚的定律”,0
偶像,黄渤,赵六,《三枪拍案惊奇》“赵六”程野向偶像黄渤致敬,1
偶像,周恩来,钱枫,钱枫首次诠释偶像周恩来,1
偶像,金妍儿,李玮峰,金妍儿足球偶像李玮峰,1
偶像,麦蒂,杜兰特,状元偶像从麦蒂转杜兰特,0
偶像,张怡宁,丁宁,丁宁自称偶像是张怡宁,1
偶像,寿君超,刘伟,刘伟寿君超见偶像,0
偶像,韩雯雯,开心,韩雯雯开心与偶像合影,0
偶像,冯坤,沈静思,沈静思向偶像冯坤努力,1
偶像,权志龙,海涛,杜海涛跪拜偶像权志龙,0
偶像,吴克羣,陶喆,吴克羣为偶像陶喆加盟全能星战,1
偶像,成文武,郑嘉颖,郑嘉颖成文武偶像,0
偶像,姜潮,甄嬛,姜潮崇拜雷锋陆翊迷甄嬛,0
偶像,黄晓明,赵氏孤儿,黄晓明《赵氏孤儿》“毁容”和偶像转型,0
偶像,毛主席,伯德,接班伯德崇拜毛主席,0
偶像,单元,郑爽,郑爽俞灏明加盟《我要拍电影》偶像单元,0
偶像,周渝民,周星驰,周渝民视周星驰为精神偶像,1
偶像,李敏镐,金秀贤,当红偶像李钟硕金秀贤李敏镐近况大揭秘,0
偶像,韩佳人,雪莉,秀智雪莉新生代嫩颜偶像不敌韩佳人全智贤老牌韩国美女,0
偶像,明道,袁姗姗,袁姗姗明道古装下的偶像爱情,0
偶像,吴亦凡,中国,《偶像本色》吴亦凡张艺兴周觅中国帮艺人热聊,0
偶像,施廷懋,何姿,施廷懋将何姿当做偶像,1
偶像,李冰冰,姚晨,姚晨范冰冰李冰冰汤唯等被评中国9大时尚偶像,0
偶像,古力,於之莹,於之莹偶像是古力,1
偶像,李冰冰,范冰冰,姚晨范冰冰李冰冰汤唯等被评中国9大时尚偶像,0
偶像,金妍儿,刘翔,刘翔金妍儿竞争国民偶像奖,0
偶像,李宁,伊辛巴耶娃,李宁曾为伊辛巴耶娃偶像,1
偶像,马季奇,国安,偶像是国安马季奇,0
偶像,雷锋,甄嬛,姜潮崇拜雷锋陆翊迷甄嬛,0
偶像,斯琴高娃,周秀娜,周秀娜称偶像是斯琴高娃,1
偶像,中国,成全,李娜会成全中国偶像,0
偶像,石川,福原爱,石川成福原爱后又一潜质偶像,0
偶像,张英席,雷佳,雷佳张英席演绎实力偶像版《木兰诗篇》,0
偶像,虞美人,杨恭如,虞美人杨恭如美容偶像大片,0
偶像,谢霆锋,李若彤,谢霆锋自曝偶像是李若彤,1
偶像,中国,水军,中国水军涌现新偶像,0
偶像,赵本山,范伟,蒲巴甲崇拜赵本山范伟,0
偶像,皇帝,宋仁宗,偶像皇帝宋仁宗,0
偶像,窦靖童,上海,王菲女儿窦靖童现身上海酒吧派对看偶像,0
偶像,本色,宋茜,fx组合宋茜做客《偶像本色》公开理想型和结婚观,0
偶像,韩庚,赵薇,韩庚称赵薇是儿时偶像,1
偶像,大学生,严宽,严宽视大学生为偶像,0
偶像,俞敏洪,大学生,90后大学生视俞敏洪为偶像,0
偶像,姚明,萧亚轩,范冰冰姚明贝克汉姆萧亚轩女星与体坛偶像合照,0
偶像,红线女,张学友,红线女是张学友容祖儿偶像,1
偶像,吴宇森,梅尔维尔,吴宇森要重拍偶像导演梅尔维尔名作《红圈》,1
偶像,王哲,林成新,5场20+王哲林成新偶像,0
偶像,李四光,乔布斯,现代人偶像从李四光转为乔布斯,0
偶像,费纳,罗迪克,费纳客观罗迪克力挺偶像,0
偶像,章可,希特勒,1950年代章含之揭养父章士钊亲子章可崇拜希特勒,1
偶像,陈红,甘薇,《机器侠》甘薇对“大青衣”陈红崇拜到家,1
偶像,黄晓明,周润发,黄晓明跪拜偶像周润发,1
偶像,胡彦斌,吴克羣,胡彦斌吴克羣致敬偶像,0
偶像,刘震云,郭建梅,刘震云大赞爱妻郭建梅追随偶像的精神夫妻幸福晚宴双双获奖,0
偶像,李晓旭,邓肯,李晓旭偶像是邓肯,1
偶像,杨玏,李易峰,吴亦凡李易峰蒋劲夫杨玏展偶像魅力,0
偶像,李彦宏,韩寒,李彦宏周杰伦韩寒等被当选最受90后尊敬的偶像,0
偶像,刘德华,双冠王,刘德华获“老少偶像”双冠王,0
偶像,战国,李白,谁是李白心目中的战国偶像,0
偶像,陈赫,周星驰,陈赫自曝偶像周星驰,1
偶像,罗伯斯,刘翔,自曝崇拜刘翔和罗伯斯,0
偶像,乔布斯,黄昏,科技偶像乔布斯的黄昏,0
偶像,张静初,章子怡,张静初称章子怡是动作戏偶像,1
偶像,倪安东,陈妍希,偶像新人倪安东陈妍希同台,0
偶像,张杨,赵本山,赵本山崇拜张艺谋感谢张杨,0
偶像,孙红雷,孙杨,孙红雷偶像是孙杨,1
偶像,巴乔,罗伯特,偶像是罗伯特巴乔,0
偶像,章子怡,朴信惠,朴信惠崇拜章子怡,1
偶像,金宇彬,韩承羽,最新大势偶像撞脸金秀贤金宇彬韩承羽等上榜,0
偶像,中国,张倩,张倩《中国偶像》季军,0
偶像,陈晓东,林依晨,林依晨谈与偶像陈晓东吻戏片段,1
偶像,羽泉,雪山朗玛组合,雪山朗玛组合献歌偶像羽泉以实际行动求合作,1
偶像,钟铉,韩当,韩当红偶像钟铉申世京恋情曝光,0
偶像,谢霆锋,贝克汉姆,谢霆锋视贝克汉姆为偶像,1
偶像,李一,明星,怎么会有这么多明星崇拜李一,0
偶像,穆帅,朱炯,朱炯以偶像穆帅之言称贵州为小马驹,1
偶像,王挺,连奕名,王挺连奕名谷智鑫三大红色偶像齐聚《穿越火线》,0
偶像,连奕名,谷智鑫,王挺连奕名谷智鑫三大红色偶像齐聚《穿越火线》|执导|谷智鑫,0
偶像,陈光标,雷锋,“向雷锋学习”他的偶像是陈光标,0
偶像,中国,白金,贾斯汀比伯中国歌迷庆偶像唱片销量超三白金,0
偶像,李冰冰,董子健,李冰冰献吻“偶像”董子健,1
偶像,蒋欣,张惠妹,蒋欣夜会偶像张惠妹,1
偶像,尤金,刘翔,刘翔尤金4冠追平偶像纪录,0
偶像,陈道明,陈宝国,陈宝国陈道明成台偶像,0
偶像,邓紫棋,周笔畅,实力偶像周笔畅PK香港美女歌手邓紫棋排名谁更靠前,0
偶像,邓为,大使,比利时驻华大使奈斯视毛邓为偶像,0
偶像,那秋,丁炜,丁炜再创新歌《那秋》致敬偶像赵薇,0
偶像,周桐同,王子,“激情王子”周桐同与偶像齐秦成长经历相似,0
偶像,李敖,郭冠英,称偶像是李敖郭冠英,0
偶像,谢军,侯逸凡,侯逸凡梦想上北大崇拜谢军,1
偶像,吉尼斯,林丹,林丹登《吉尼斯中国之夜》自曝偶像是贝克汉姆,0
偶像,杨成,刘翔,超刘翔孙杨成全民新偶像,0
偶像,秦岚,林青霞,秦岚向偶像林青霞致敬,1
偶像,本色,贝克汉姆,贝克汉姆重拾全民偶像本色,0
偶像,成全,刘翔,接棒刘翔姚明成全民新偶像,0
偶像,韩红,郭敬明,郭敬明崇拜的韩红是“特权滥用者”,1
偶像,李妮娜,贝克汉姆,冰雪名将李妮娜非常崇拜贝克汉姆,1
偶像,章可,章士钊,1950年代章含之揭养父章士钊亲子章可崇拜希特勒,0
偶像,姚明,范冰冰,范冰冰姚明贝克汉姆萧亚轩女星与体坛偶像合照,0
偶像,韩红,李玟,韩红李玟搭档选“偶像”(组图),0
偶像,刘若英,林嘉欣,刘若英剧本注音骗得林嘉欣崇拜,1
偶像,刘德华,梅艳芳,网友晒偶像与刘德华青涩合照追忆梅艳芳,0
偶像,徐弘,李明,李明徐弘是儿时偶像,0
偶像,钟楚红,舒淇,视舒淇钟楚红为偶像,0
偶像,刘若英,刘一含,刘一含与偶像刘若英演母女,1
偶像,马丁,郭德纲,马丁偶像郭德纲,1
偶像,周星驰,徐峥,徐峥盼携手偶像周星驰,1
偶像,齐秦,陈楚生,陈楚生和偶像齐秦演唱《外面的世界》,1
偶像,何润东,梁咏琪,何润东梁咏琪见偶像,0
偶像,施瓦辛格,金正云,媒体称金正云崇拜施瓦辛格,1
偶像,杨丞琳,陶喆,杨丞琳变身陶喆粉丝热拥偶像,1
偶像,童年,王珞丹,王珞丹遭遇童年偶像,0
偶像,林丹,海鲜,谢霆锋为偶像林丹做海鲜餐,0
偶像,陈柏霖,梁咏琪,陈柏霖坦言梁咏琪是偶像,1
偶像,深田恭子,北野武,深田恭子首次与北野武合作将摆脱以往偶像形象,0
偶像,乔丹,詹姆斯,詹姆斯要像偶像乔丹那般赢球,1
偶像,李彦宏,盖茨,盖茨李彦宏当选最受90后尊敬的商界偶像,0
偶像,陆毅,陈耀川,陈耀川首度披露炮制偶像陆毅三步曲,1
偶像,谢霆锋,林丹,谢霆锋为偶像林丹做海鲜餐,1
偶像,符号,高凌风,高凌风是华语偶像进程中的符号人物,0
偶像,王菲,李亚鹏,李亚鹏娇羞回应娶偶像王菲,1
偶像,金珈,贾青,《战火中青春》贾青金珈成最年轻“红色偶像”,0
偶像,李宁,成功,崇拜李宁只因商场成功,0
偶像,马英九,中学生,中学生称偶像是马英九,0
偶像,成功,李祥祥,李祥祥成功问鼎首位“中国偶像”,0
偶像,王力宏,成功,从“纯偶像”到“创作才子”王力宏成功转型,0
偶像,梅西,王曦,为偶像梅西现场改名王曦梁,0
偶像,陆永,龙清泉,陆永龙清泉是偶像,0
偶像,张琳,林丹,新偶像张琳PK林丹占优势,0
偶像,薛岳,战神,抗日战神薛岳从小崇拜岳飞,0
偶像,艺人,张艺兴,《偶像本色》吴亦凡张艺兴周觅中国帮艺人热聊,0
偶像,迟帅,蒋梦婕,蒋梦婕迟帅同获“偶像奖”,0
偶像,韩庚,江铠同,优质偶像韩庚倒追江铠同,0
偶像,华晨宇,海涛,《海涛逛金鹰》华晨宇rap技能刷新偶像新高度,0
偶像,李斯丹妮,江映蓉,江映蓉送李斯丹妮偶像代言眼镜,0
偶像,斯琴高娃,翁虹,翁虹遇上了偶像斯琴高娃,1
偶像,赵本山,陈楚生,偶像陈楚生最喜欢赵本山小沈阳,0
偶像,艺人,高圣凯,台湾偶像艺人高圣凯车祸身亡,0
偶像,王濛,战斗,王濛是偶像不想一个人战斗,0
偶像,巴蒂尔,阿泰,崇拜阿泰却不怕巴蒂尔,0
偶像,中国,那英,《中国偶像》张青拜师王菲那英制作人,0
偶像,赵本山,王晓棠,赵本山见偶像王晓棠,1
偶像,崔始源,李准基,盘点权志龙崔始源宋茜李孝利李准基众偶像聚会照揭神秘关系,0
偶像,金在中,成功,金在中郑允浩崔始源等偶像成功转型为演员,0
偶像,姚晨,汤唯,姚晨范冰冰李冰冰汤唯等被评中国9大时尚偶像,0
偶像,柴静,陈晓卿,柴静和作家冯唐以及陈晓卿视路导演为偶像,0
偶像,韩雯雯,张丹峰,张丹峰韩雯雯亮相亚洲偶像盛典红毯,0
偶像,成龙,林凤娇,成龙自曝偶像是林凤娇,1
偶像,姚金男,程菲,姚金男视程菲为偶像,1
偶像,杜兰特,詹姆斯,霍里儿子自曝崇拜杜兰特詹姆斯,0
偶像,成全,李娜,李娜会成全中国偶像,0
偶像,吴昱蓉,潘玮柏,花儿吴昱蓉挑逗偶像潘玮柏,1
偶像,谢霆锋,海鲜,谢霆锋为偶像林丹做海鲜餐,0
偶像,张学友,舒淇,舒淇崇拜张学友范冰冰偶像是梁家辉,1
偶像,王家珧,滨崎步,偶像组王家珧模仿滨崎步,0
偶像,贾青,张翰,《少年四大名捕》贾青张翰主打“偶像武侠风”,0
偶像,黄晓明,林志颖,林志颖文章黄晓明在列走偶像路线,0
偶像,郑洁,郑妩双,郑妩双视费德勒郑洁为偶像,1
偶像,蒋劲夫,李易峰,吴亦凡李易峰蒋劲夫杨玏展偶像魅力,0
偶像,游学,林丹,追随偶像林丹到国家队游学当插班生,0
偶像,国家,毛泽东,哪两个国家曾全民崇拜毛泽东,0
偶像,张学友,杨紫琼,最怕张学友崇拜杨紫琼,0
偶像,白娘子,赵雅芝,男子因崇拜赵雅芝整容成白娘子,0
偶像,刘铭传,林则徐,马英九称偶像是刘铭传和林则徐两位民族英雄,0
偶像,元宝,陈羽凡,儿子元宝崇拜爸爸陈羽凡,1
偶像,蔡健雅,阿妹,蔡健雅称阿妹那英是偶像,1
偶像,冯静恩,王菲,冯静恩的偶像是王菲,1
偶像,潘帅,吴昱蓉,花儿吴昱蓉挑逗偶像潘帅,1
偶像,邹凯,古巨基,奥运冠军邹凯与偶像古巨基微博互动,1
偶像,单雯,大学生,单雯成台湾大学生爱情偶像“登上”台湾综艺节目《大学生了没》,0
偶像,白百何,文章,白百何文章“恩爱”亮相曝文章偶像苍井空,0
偶像,韩新生,尹胜雅,韩新生代偶像尹胜雅盛装出席香槟宴会,0
偶像,江波,杜淳,红色偶像杜淳演活江波,0
偶像,莫蒂,尤纳斯,莫蒂尤纳斯偶像是斯科拉,0
偶像,黄磊,何炅,黄磊坚守岗位何炅是偶像,1
偶像,吴尊,江湖,吴尊偶像上位奶爸再博江湖,0
偶像,陈键锋,杜若溪,陈键锋杜若溪变民国偶像,0
偶像,杨幂,邓超,张杰谢娜邓超孙俪杨幂…爱秀甜蜜的偶像情侣,0
偶像,范佩西,郝海东,郝海东儿子崇拜范佩西,0
偶像,吴宗宪,周星驰,感谢吴宗宪崇拜周星驰,1
偶像,金妍儿,关颖珊,金妍儿居榜眼偶像关颖珊作评盛赞,1
偶像,开心,陈乔恩,陈乔恩开心见偶像,0
偶像,章子怡,陈坤,偶像评选陈坤赵薇领先章子怡没戏,0
偶像,中国,张艺兴,《偶像本色》吴亦凡张艺兴周觅中国帮艺人热聊,0
偶像,艺人,周觅,《偶像本色》吴亦凡张艺兴周觅中国帮艺人热聊,0
偶像,罗伯托,卢西奥,卢西奥和泽罗伯托是偶像,0
偶像,潘迎紫,蓝心湄,蓝心湄见偶像潘迎紫语出惊人,1
偶像,周杰伦,雷锋,周杰伦和雷锋同时入选中学生“偶像榜”,0
偶像,中国,张瑜,“中国电影第一偶像”张瑜做客《津夜嘉年华》,0
偶像,邓小平,唐金,国际著名拳击经纪人唐金称偶像是毛泽东邓小平,1
偶像,费德勒,郑洁,郑洁历数偶像费德勒排第二,1
偶像,刘德华,李威,《大咖秀》李威致敬儿时偶像刘德华,1
偶像,明星,大学生,有调查显示八成90后大学生选择明星当偶像,0
偶像,李玮峰,韩国人,韩国人崇拜李玮峰八大理由,0
偶像,贝克汉姆,贾斯汀,贝克汉姆自曝三个儿子崇拜贾斯汀,0
偶像,王子,林宥嘉,台湾偶像林宥嘉见证《迷幻王子》6月4日公测,0
偶像,杨靖宇,张祖仁,收藏家张祖仁说少年时就崇拜的英雄如杨靖宇,1
偶像,郭京飞,宁财神,郭京飞力挺宁财神是偶像,1
偶像,高云翔,成功,阳光偶像高云翔成功转型,0
偶像,王宁,谢拉,王宁激动世俱赛与偶像谢拉较量,1
偶像,梅西,罗纳尔多,梅西承认罗纳尔多是偶像,1
偶像,丁炜,赵薇,丁炜再创新歌《那秋》致敬偶像赵薇,1
偶像,陈翔,付辛博,陈翔付辛博胡夏甩偶像包袱,0
偶像,张楚楚,王菲,致敬偶像王菲张楚楚《我不是明星》进总决赛,1
偶像,费天,王有,对阵偶像费天王有压力,0
偶像,那英,张惠妹,张惠妹那英是我偶像,0
偶像,归来,刘翔,刘翔偶像归来,0
偶像,李敏镐,梁朝伟,李敏镐坦言偶像是梁朝伟,1
偶像,鲁迅,吴冠中,吴冠中像偶像鲁迅一样直言,1
偶像,王浩,刘翔,最佳新人王浩称刘翔是自己偶像,1
偶像,希尔,尤因,希尔爆料偶像尤因轶事,1
偶像,宋承宪,大叔,帅大叔宋承宪苏志燮与偶像组合聚餐照曝光,0
偶像,阿杜,卡特,偶像卡特逼出最强阿杜,0
偶像,王峰,王音棋,央视“金童玉女”王音棋王峰成新偶像,0
偶像,伍思凯,周华健,周华健成伍思凯偶像,1
偶像,邓小平,毛泽东,我敬仰崇拜的偶像是毛泽东而不是邓小平,0
偶像,李宁,黄昏,偶像李宁的黄昏,0
偶像,郑丽媛,高俊熙,揭秘韩星郑丽媛高俊熙等时尚偶像万圣节派对造型,0
偶像,张国荣,邓丽君,张国荣邓丽君梅艳芳揭30年历代偶像,0
偶像,成就,关颖珊,一成就力压偶像关颖珊,0
偶像,李敏镐,关之琳,韩男星李敏镐自曝偶像关之琳,1
偶像,艺人,刘谦,偶像艺人宫圣哲与魔术师刘谦不谋而合,0
偶像,王菲,张青,《中国偶像》张青拜师王菲那英制作人,0
偶像,刘德华,陈妍希,陈妍希颁奖典礼偷瞄偶像刘德华,1
偶像,战士,肖顺尧,华丽偶像肖顺尧《8848》变身极地战士,0
偶像,家家,开心,家家开心见偶像,0
偶像,李敖,张雨生,李敖自称是张雨生偶像,1
偶像,唐国强,孙洪涛,唐国强孙洪涛重塑民族偶像|唐国强|编剧,0
偶像,王军霞,薛飞,薛飞偶像正是王军霞,1
偶像,李宇春,陆翊,陆翊致敬偶像李宇春,1
偶像,姚明,张琳,张琳正成刘翔姚明般偶像,0
偶像,中国,孔子,生前崇拜孔子热爱中国文化,0
偶像,中国,顾元,《中国偶像》选手顾元威“突围”,0
偶像,石佛,常昊,常昊欲当刘备石佛崇拜孔明,0
偶像,本色,周觅,《偶像本色》吴亦凡张艺兴周觅中国帮艺人热聊,0
偶像,王晶,舒高,舒高坦言王晶是自己偶像,1
偶像,中国,吉尼斯,林丹登《吉尼斯中国之夜》自曝偶像是贝克汉姆,0
偶像,曾荫权,杜丽,曾荫权的偶像是奥运冠军杜丽,1
偶像,中国,王宇,王宇成中国田径新偶像,0
偶像,胡宇崴,阿甘,胡宇崴饰演偶像版阿甘,0
偶像,高宝璟,米克尔森,高宝璟球具中心遇见偶像米克尔森,1
偶像,宋承宪,梁朝伟,宋承宪遇偶像梁朝伟兴奋合影竖大拇指|宋承宪|梁朝伟|合影,1
偶像,中国,明星,崇拜中国武打明星,0
偶像,巴丁格,麦蒂,巴丁格视麦蒂为偶像,1
偶像,周洋,林俊杰,周洋偶像林俊杰送祝福,1
偶像,李宇春,大学生,超女迷为给偶像李宇春买礼物骗5名大学生3000元,0
偶像,李俊基,严宽,严宽PK韩国偶像李俊基,0
偶像,安贤洙,韩天宇,韩天宇力压偶像安贤洙,0
偶像,毛宁,林青霞,林青霞未离婚亚洲偶像盛典林依晨新男友毛宁伴侣曝光,0
偶像,金延璟,朱挺,朱挺扬名瑞士精英赛偶像金延璟,1
偶像,蓝正龙,梁朝伟,蓝正龙偶像是梁朝伟,1
偶像,阳洋,张亮,杨阳洋终于见到偶像张亮,0
偶像,国安,乔尔,乔尔已成国安第一偶像,0
偶像,郎平,白浪,朱婷成郎平女儿白浪偶像,0
偶像,周一围,海岩,海岩《阳光像花一样绽放》催红新晋偶像周一围,0
偶像,孙杨,林丹,孙杨林丹全民偶像,0
偶像,马思纯,古力娜扎,中传知性校花马思纯pk北影偶像古力娜扎,0
偶像,崔健,潘晓峰,潘晓峰与偶像崔健同台,1
偶像,大威,盛成,大威亮相人气旺盛成偶像,0
偶像,李妮娜,白雪公主,“白雪公主”李妮娜成偶像,0
偶像,乔丹,韦德,韦德吃惊超偶像乔丹,1
偶像,刘亦菲,刘诗诗,刘亦菲刘诗诗两个美女偶像PK,0
偶像,艾弗森,杜兰特,杜兰特发合影致敬偶像艾弗森,1
偶像,邹凯,张成龙,张成龙笑言邹凯值得崇拜,0
偶像,符号,刘翔,刘翔强化偶像精神符号,0
偶像,道格拉斯,碧昂斯,道格拉斯自曝崇拜碧昂斯,1
偶像,杨坤,黄大炜,杨坤个唱偶像黄大炜助阵,1
偶像,袁惟仁,蔡国庆,袁惟仁服输蔡国庆认偶像,0
偶像,陈冠希,李宗,视陈冠希李宗瑞为偶像,0
偶像,巴斯滕,罗西,小将罗西崇拜巴斯滕,1
偶像,姚明,易建联,姚明偶像或指导易建联,0
偶像,金庸,韩栋,韩栋“死磕”偶像金庸,1
偶像,张杰,华晨宇,tfboys翻唱《想唱就唱》最爱张杰华晨宇致敬偶像,0
偶像,中国,范德萨,习近平盛赞范德萨中国偶像,0
偶像,大叔,吴秀波,偶像实力兼具的大叔典范吴秀波,0
偶像,范冰冰,梁家辉,舒淇崇拜张学友范冰冰偶像是梁家辉,1
偶像,李小鹏,明星,李小鹏获明星风尚偶像奖,0
偶像,张艺兴,张碧,张碧晨被偶像张艺兴称赞获封粉丝好榜样,0
偶像,孙红雷,巩俐,孙红雷自曝偶像是巩俐,1
偶像,朱建华,王宇,中国代表团旗手王宇偶像朱建华,0
偶像,柴静,路学长,柴静冯唐视路学长为偶像,1
偶像,姚明,贝克汉姆,范冰冰姚明贝克汉姆萧亚轩女星与体坛偶像合照,0
偶像,明道,齐亮,偶像代言人张铎明道齐亮相,0
偶像,姚明,刘翔,接棒刘翔姚明成全民新偶像,0
偶像,中国,季军,《中国偶像》季军张倩首支单曲全球首发,0
偶像,何勇,邓丽君,何勇偶像居然是邓丽君,1
偶像,许志安,苏永康,许志安最爱《潜伏》苏永康崇拜朴树,0
偶像,陈传,李彦宏,“励志姐”陈传艳崇拜李彦宏,1
偶像,本色,吴亦凡,《偶像本色》吴亦凡张艺兴周觅中国帮艺人热聊,0
偶像,高兴,林书豪,林书豪高兴与偶像并肩作战,0
偶像,张翰,郑爽,郑爽张翰亚洲偶像深情告白,0
偶像,孙祥,冯仁亮,曝孙祥女友偶像竟是冯仁亮,0
偶像,张涵予,德尼罗,张涵予致敬偶像德尼罗,1
偶像,程野,黄渤,《三枪拍案惊奇》“赵六”程野向偶像黄渤致敬,1
偶像,成龙,李连杰,从小就崇拜成龙李连杰,0
偶像,杨钰莹,吴宗宪,2013亚洲偶像盛典杨钰莹搭档吴宗宪主持,0
偶像,张青,那英,《中国偶像》张青拜师王菲那英制作人,0
偶像,海军,郑凯,郑凯演绎新时代海军偶像,0
偶像,中国,洪婷婷,中国梦想秀洪婷婷跟偶像打乒乓球,0
偶像,那秋,赵薇,丁炜再创新歌《那秋》致敬偶像赵薇,0
偶像,张杰,金俊秀,萧敬腾张杰金钟铉金俊秀盘点唱歌耐听的偶像,0
偶像,张士欣,爱因斯坦,2012高考河北理科状元张士欣崇拜爱因斯坦,1
偶像,齐达内,马特拉齐,马特拉齐称齐达内是偶像,1
偶像,穆雷,马拉多纳,穆雷的偶像是马拉多纳,1
偶像,真理,信仰,信仰毛泽东就是崇拜人类真理,0
偶像,谢娜,周星驰,谢娜激动抱“七仔”和偶像周星驰合影,1
偶像,张峻宁,林妙可,张峻宁期待偶像林妙可,1
偶像,成亮,周渝民,周渝民偶像抗战成亮点,0
偶像,陈慧琳,爱美,爱美陈慧琳希望永远做偶像,0
偶像,张杰,金钟铉,萧敬腾张杰金钟铉金俊秀盘点唱歌耐听的偶像,0
偶像,孙杨,宋懋璗,伦敦残奥游泳冠军宋懋璗回杭表示偶像是孙杨,1
偶像,马雷,鲍勃,用偶像鲍勃马雷的音乐送给博尔特,0
偶像,詹姆斯,沃尔,沃尔坦言韦德詹姆斯皆偶像,1
偶像,成龙,库珀,库珀视成龙李连杰为偶像,1
偶像,童年,沙溢,沙溢曝妻子胡可是自己童年偶像,0
偶像,曾子墨,王朔,王朔偶像曾子墨的完美身材,1
偶像,吴亦凡,杨玏,吴亦凡李易峰蒋劲夫杨玏展偶像魅力,0
偶像,何炅,卷福,何炅伦敦巧遇偶像“卷福”,0
偶像,王铮亮,宋丹丹,宋丹丹力助偶像王铮亮上春晚,1
偶像,王子,哈利,哈利王子粉丝力撑偶像,0
偶像,张柏芝,梁洛施,张柏芝梁洛施领衔玉女偶像落幕,0
偶像,本色,艺人,《偶像本色》吴亦凡张艺兴周觅中国帮艺人热聊,0
偶像,吴亦凡,本色,吴亦凡录制《偶像本色》,0
偶像,汪东城,张伦硕,张伦硕汪东城戏内偶像天团,0
偶像,成就,杜淳,杜淳聊《虎胆雄心》《敌营》系列成就红色偶像,0
偶像,捷克,战神,尤文新偶像一战超越捷克战神,0
偶像,成功,雷锋,偶像雷锋的成功可以复制,0
偶像,曹杰,甄子丹,新星曹杰效仿偶像甄子丹,1
偶像,黄健翔,宁财神,宁财神黄健翔的偶像被操控,0
偶像,雷锋,明星,少儿偶像前10名除雷锋外均为文体明星,0
偶像,曾开,肖恩,张义威曾开偶像肖恩怀特玩笑,0
偶像,姜文,房祖名,房祖名崇拜姜文,1
偶像,张雁全,曹缘,曹缘张雁全完爆英国偶像,0
偶像,高敏,伏明霞,偶像并非高敏伏明霞,0
偶像,波什,邓肯,波什盼和偶像邓肯过招,1
偶像,中国,刘翔,李娜超刘翔成中国新偶像,0
偶像,齐达内,乔丹,崇拜乔丹效仿齐达内,0
偶像,李瑞英,李梓萌,李梓萌偶像是李瑞英,1
偶像,卡特,杜兰特,杜兰特称麦蒂卡特是偶像,1
偶像,大鹏,黄家驹,大鹏献唱《光辉岁月》致敬偶像黄家驹,1
偶像,封神演义,陈键锋,陈键锋张馨予合作最“偶像”封神演义,0
偶像,金庸,孔庆东,北大博士孔庆东崇拜金庸走火入魔,1
偶像,汪涵,江珊,江珊自爆汪涵是自己偶像,1
偶像,刘德华,李克勤,古巨基崇拜王菲PK刘德华李克勤,0
偶像,房祖名,李宗盛,陈柏霖房祖名与偶像李宗盛合影,1
偶像,陈翔,金在中,陈翔遇韩流偶像n金在中,0
偶像,王力宏,茜拉,茜拉示爱偶像王力宏,1
偶像,中国,贾君鹏,中国网友"贾君鹏"式呼唤偶像归来,0
偶像,陈坤,周恩来,陈坤版周恩来定妆照惹争议偶像演伟人成大势所趋,0
偶像,皇帝,贝利,皇帝还崇拜乔丹和贝利,1
偶像,艺人,中国,《偶像本色》吴亦凡张艺兴周觅中国帮艺人热聊,0
偶像,肖恩,康纳利,肖恩康纳利成英国偶像英雄,0
偶像,海陆,张睿,张睿李佳航海陆一揽新锐偶像,0
偶像,姚明,中国,姚明是中国篮球偶像,0
偶像,周秀娜,郑伊健,全能偶像郑伊健周秀娜饰演情侣,0
偶像,元彬,李准基,元彬李准基韩国偶像扎堆入伍,0
偶像,杨幂,张翰,郑爽张翰亚洲偶像深情告白杨幂唐嫣超美礼服PK,0
偶像,于魁智,冯小刚,于魁智唱歌奉冯小刚为“偶像”,1
偶像,朱莉,潘霜霜,潘霜霜参演《五星上将》崇拜朱莉欲做实力派,1
偶像,杨洋,舒淇,杨洋向偶像舒淇致敬,1
偶像,贝利,罗纳尔多,偶像贝利罗纳尔多,0
偶像,章含之,希特勒,1950年代章含之揭养父章士钊亲子章可崇拜希特勒,0
偶像,何晟铭,袁姗姗,袁姗姗何晟铭支招偶像攻略,0
偶像,张国荣,文章,首篇文章献给偶像张国荣,0
偶像,李霄鹏,刘翔,刘翔成为李霄鹏偶像,1
偶像,张学友,张明哲,张明哲首曝偶像张学友,1
偶像,曹磊,杜淳,曹磊杜淳李光洁“新生代红色偶像”雄霸荧屏,0
偶像,郭亮,张亚东,郭亮张亚东力挺大型电视真人秀《中国偶像》（图）,0
偶像,吴亦凡,艺人,《偶像本色》吴亦凡张艺兴周觅中国帮艺人热聊,0
偶像,韩佳人,全智贤,秀智雪莉新生代嫩颜偶像不敌韩佳人全智贤老牌韩国美女,0
偶像,金城武,钟宇泽,17岁新生代偶像钟宇泽用音乐加演技挑战金城武,0
偶像,中国,马克思,为侵略中国拿马克思当骗人偶像,0
偶像,刘雪华,罗志祥,罗志祥被赞偶像界刘雪华,0
偶像,石榴,苑琼丹,“石榴姐”苑琼丹偶像是宋丹丹,0
偶像,朱元冰,徐浩,乐坛新偶像徐浩&朱元冰发新书,0
偶像,李英儒,孙犁,莫言崇拜孙犁李英儒,0
偶像,飞人,林依晨,林依晨称飞人偶像,1
偶像,周贤,蒋坚永,宗教局副局长蒋坚永出席周贤正主教荣休感恩崇拜,0
偶像,费德勒,李娜,李娜自曝偶像费德勒,1
偶像,潘晓婷,丁俊晖,丁俊晖潘晓婷成北大清华偶像,0
偶像,中学生,雷锋,周杰伦和雷锋同时入选中学生“偶像榜”,0
偶像,黄渤,朱丹,朱丹携手黄渤亮相亚洲偶像盛典,0
偶像,潘玮柏,焦刘洋,乐迷焦刘洋偶像潘玮柏,1
偶像,成龙,金秀贤,金秀贤从小崇拜成龙李连杰,1
偶像,成龙,乔丹,80后“接班人”喜欢成龙崇拜乔丹,0
偶像,林子祥,侧田,侧田戴假发粘胡须模仿偶像林子祥,1
偶像,谢娜,林志颖,谢娜力挺偶像林志颖阳光励志,1
偶像,刘珈辰,陈佩,变形计陈佩雯偶像刘珈辰现身辽阳做客微访谈陈佩雯父母背景资料,0
偶像,张睿,李佳航,张睿李佳航海陆一揽新锐偶像,0
偶像,成龙,童星,童星周希伦同台偶像成龙献艺传递爱,1
偶像,成光,乐嘉,乐嘉成光头界偶像,0
偶像,杨紫,林心如,《花非花雾非雾》杨紫遇儿时偶像林心如|杨紫|林心如|《花非花雾非雾》,1
偶像,陈晓,周星驰,陈晓自曝偶像是周星驰,1
偶像,姚明,李宁,姚明全球化偶像李宁体操王子,0
偶像,希特勒,施瓦辛格,施瓦辛格承认曾崇拜希特勒,1
偶像,麦蒂,可乐男孩,可乐男孩偶像是科比麦蒂,1
偶像,丁俊晖,周星驰,周星驰崇拜丁俊晖,1
偶像,李白,杨贵妃,李白是杨贵妃心中第一偶像,1
偶像,方力申,明星,方力申与儿时偶像出战明星混编赛,0
偶像,陈伟霆,韩寒,陈伟霆获偶像韩寒签名书,1
偶像,大叔,罗德曼,似乖巧版罗德曼偶像穆大叔,0
偶像,文豪,陆毅,“偶像小生”陆毅演绎一代文豪,0
偶像,哈林,李玟,李玟崇拜哈林才华,1
偶像,谢霆锋,萧正楠,香港人气新偶像王萧正楠要做谢霆锋接班人,0
偶像,惠英红,斯琴高娃,惠英红与偶像斯琴高娃拍戏,1
偶像,孟非,金秀贤,孟非16岁女儿与偶像金秀贤合影显羞涩,0
偶像,沈春阳,周杰伦,沈春阳坦言周杰伦是偶像,1
偶像,孙继海,郑智,批孙继海郑智有愧偶像,0
偶像,中国,汤唯,姚晨范冰冰李冰冰汤唯等被评中国9大时尚偶像,0
偶像,大空翼,申奥,漫画偶像“大空翼”助威东京申奥,0
偶像,李冰冰,汤唯,姚晨范冰冰李冰冰汤唯等被评中国9大时尚偶像,0
偶像,吴尊,罗志祥,立威廉吴尊罗志祥争偶像一哥,0
偶像,苍井空,文章,文章被爆偶像是苍井空,1
偶像,高仓健,张艺谋,张艺谋盛赞偶像高仓健,1
偶像,白金,贾斯汀,贾斯汀比伯中国歌迷庆偶像唱片销量超三白金,0
偶像,学生,周杰伦,学生以前喜欢周杰伦如今崇拜牛顿,0
偶像,杨伊琳,柳金,柳金杨伊琳与偶像大PK,0
偶像,刘德华,潘玮柏,潘玮柏被误认是偶像刘德华,0
偶像,蒋介石,毛泽东,毛泽东蒋介石都崇拜的人竟然是他,0
偶像,波斯,米哈辛,米哈辛透露偶像为卡波斯,0
偶像,杨扬,邓亚萍,偶像邓亚萍杨扬,0
偶像,李宇春,费翔,李宇春发新专辑偶像费翔献花,1
偶像,高敏,胡亚丹,胡亚丹偶像是跳水皇后高敏,1
偶像,李冰冰,陈坤,李冰冰陈坤偶像变实力,0
偶像,范志毅,申思,范志毅曾是申思儿时偶像,1
偶像,周润发,葛优,周润发称葛优为偶像,1
偶像,杜威,张玉宁,杜威张玉宁是偶像,1
偶像,林跃,曹缘,小曹缘崇拜林跃好多年,1
偶像,中国,李开复,中国的创新偶像李开复,0
偶像,李沁,鲁敏宇,李沁鲁敏宇跨国合作偶像巨制《有效期限爱上你》,0
偶像,舒淇,梁家辉,舒淇崇拜张学友范冰冰偶像是梁家辉,0
偶像,学生,明星,调查显示七成中小学生偶像是明星引关注,0
偶像,桑巴,李铁,卡福来华大秀桑巴球技李铁助阵偶像对决球场,0
偶像,李敏镐,朴敏英,韩国当红偶像李敏镐朴敏英热恋六个月后宣告分手,0
偶像,张峻宁,王子,张峻宁吴尊偶像王子大集合,0
偶像,李茂,张佑赫,李茂自爆视张佑赫为偶像,1
偶像,胡彦斌,飞人,歌星胡彦斌辅导偶像飞人"放电",0
偶像,章子怡,王力宏,9月17日《非常幸运》由国际著名影星章子怡和实力派偶像巨星王力宏领衔主演都市爱情喜剧,0
偶像,王哲林,王治郅,王哲林击败偶像王治郅,1
偶像,梅西,巴萨,梅西是巴萨新偶像,0
偶像,吴亦凡,张艺兴,《偶像本色》吴亦凡张艺兴周觅中国帮艺人热聊,0
偶像,章可,章含之,1950年代章含之揭养父章士钊亲子章可崇拜希特勒,0
偶像,金平,刘翔,刘翔尤金4金平偶像纪录,0
偶像,余文乐,郑融,余文乐郑融争相见偶像(图),0
偶像,常昊,刘备,常昊欲当刘备石佛崇拜孔明,0
偶像,姜山,李娜,从崇拜到爱慕李娜倒追姜山,1
偶像,李金羽,尤佳,尤佳视李金羽为偶像,1
偶像,黄晓明,林心如,集黄晓明林心如等俊男美女《精忠岳飞》被批偶像气十足,0
偶像,贾君鹏,归来,网友“贾君鹏”式呼唤偶像归来,0
偶像,谢娜,邓超,张杰谢娜邓超孙俪杨幂…爱秀甜蜜的偶像情侣,0
偶像,马里奥,章子怡,泰国偶像马里奥称想和章子怡合作,0
偶像,费德勒,乔丹,费德勒称乔丹是偶像,1
偶像,程亚杰,汪国真,偶像诗人汪国真和新加坡画家程亚杰,0
偶像,诸葛亮,刘备,常昊喜欢刘备李昌镐崇拜诸葛亮,0
偶像,马英九,林则徐,马英九表示偶像是刘铭传和林则徐两位民族英雄,1
偶像,李小龙,海登,“天行者”海登自曝崇拜李小龙,1
偶像,阮经天,郑元畅,阮经天尊郑元畅为偶像,1
偶像,杨幂,唐嫣,郑爽张翰亚洲偶像深情告白杨幂唐嫣超美礼服PK,0
偶像,吴尊,张峻宁,张峻宁吴尊偶像王子大集合,0
偶像,范蠡,李嘉诚,李嘉诚自承偶像是“财神”范蠡,1
偶像,梅西,家人,里贝里家人崇拜梅西巴萨,0
偶像,王菲,刘翔,刘翔为偶像王菲参加晚宴,1
偶像,成龙,刘翔,成龙是刘翔儿时偶像,1
偶像,小沈阳,陈楚生,偶像陈楚生最喜欢赵本山小沈阳,0
偶像,熊倪,秦凯,崇拜熊倪最大对手是秦凯,0
偶像,赵丽颖,徐璐,宅男少女偶像徐璐清纯秒杀赵丽颖,0
偶像,成龙,韩在硕,韩在硕“示爱”偶像成龙,1
偶像,波尔蒂,德罗巴,偶像德罗巴自称黑色波尔蒂,0
偶像,程小东,宁财神,宁财神见偶像程小东,1
偶像,毛宁,林依晨,林青霞未离婚亚洲偶像盛典林依晨新男友毛宁伴侣曝光,0
偶像,孙杨,叶诗文,孙杨叶诗文已成全民偶像,0
偶像,贝克汉姆,罗密欧,贝克汉姆儿子罗密欧入选英国时尚偶像TOP50,0
偶像,丁春诚,王子,丁春诚黄鸿升偶像王子同场较量,0
偶像,王力宏,林志颖,林志颖妻子偶像是王力宏,0
偶像,舒马赫,田亮,田亮崇拜舒马赫,1
偶像,潘冬子,廖晶,廖晶像偶像潘冬子致敬,1
偶像,卡特,飞人,儿时偶像是飞人卡特,0
偶像,詹姆斯,朱彦西,朱彦西自曝偶像詹姆斯,1
偶像,封神演义,张馨予,陈键锋张馨予合作最“偶像”封神演义|陈键锋|封神演义|张馨予,0
偶像,谢霆锋,巴乔,谢霆锋世界杯前留辫向偶像巴乔致敬,1
偶像,朱智勋,孙佳仁,爆韩国偶像孙佳仁朱智勋秘密交往一个月,0
偶像,吴尊,王子,张峻宁吴尊偶像王子大集合,0
偶像,苏妙玲,刘忻,刘忻苏妙玲偶像已长成,0
偶像,张杰,周笔畅,张杰猪肝红造型被喊土周笔畅致敬偶像放大招,0
偶像,诸葛亮,金城武,金城武称从小崇拜诸葛亮,1
偶像,安帅,齐达内,安帅遗留之宝偶像齐达内,1
偶像,立威廉,吴尊,立威廉吴尊罗志祥争偶像一哥,0
偶像,松平,马龙,松平键太自曝偶像是马龙,0
偶像,赵本山,谭维维,谭维维称偶像是赵本山,1
偶像,吉米,怀特,偶像吉米怀特,0
偶像,中国,周觅,《偶像本色》吴亦凡张艺兴周觅中国帮艺人热聊,0
偶像,许玮伦,艺人,周渝民前女友台湾偶像艺人许玮伦遇车祸身亡,0
偶像,李霄鹏,韩端,李霄鹏称韩端是偶像,1
偶像,周杰伦,李连杰,周杰伦为偶像李连杰站台,1
偶像,舒琪,刘翔,刘翔否认舒琪是自己崇拜偶像,0
偶像,费德勒,桑普拉斯,费德勒轻取偶像桑普拉斯,1
偶像,黄秋生,毛泽东,“左派”黄秋生偶像毛泽东,1
偶像,向东,曹璐,《向东》曹璐与偶像对戏,0
偶像,岩井俊二,郭敬明,电影手册》与岩井俊二旧作捆绑发售郭敬明为了偶像甘当配角,1
偶像,冯唐,路学长,柴静冯唐视路学长为偶像,1
偶像,周润发,杨紫琼,杨紫琼新戏“不敢”提前邀偶像周润发,1
偶像,郑爽,张翰,张翰甜蜜称女友郑爽“偶像”,1
偶像,李巍,吴昊泽,“新生代偶像”李巍吴昊泽张亚男变身铠甲勇士,0
偶像,杜海涛,海涛,杜海涛跪拜偶像权志龙,0
偶像,濮存昕,李菁菁,《推拿》主演李菁菁称濮存昕是自己偶像,1
偶像,周杰伦,中学生,周杰伦和雷锋同时入选中学生“偶像榜”,0
偶像,瞿颖,吴秀波,吴秀波出演偶像栏目剧与瞿颖斗智斗勇,0
偶像,林丹,陈奕迅,女羽新希望偶像林丹陈奕迅,0
偶像,明道,张铎,偶像代言人张铎明道齐亮相,0
偶像,李敏镐,张根硕,偶像李敏镐张根硕正面PK,0
偶像,杜若溪,严屹宽,七夕夜“亚洲偶像盛典”严屹宽“迎娶”杜若溪,0
偶像,kimi,林志颖,kimi接班林志颖全能偶像图片频道,0
偶像,杨幂,学生,学生偶像杨幂与灾区学生一同观看《功夫熊猫》,0
偶像,安阳,韩寒,安阳青年作家孟晓智赚了偶像韩寒的钱,0
偶像,陶子,倪萍,佩服胡瓜欣赏陶子崇拜倪萍,0
偶像,王雷,金太郎,金太郎王雷成新一代抗日偶像,0
