分手,杨臣刚,徐静蕾,黄觉已向徐静蕾提出分手恋上杨臣刚前女友,0
分手,邓超,羽泉,《分手大师》发布会邓超古力娜扎羽泉周笔畅亮相,0
分手,李菲儿,张翰,李菲儿回应“张翰郑爽分手”拒认是“翰爽恋”小三,0
分手,明星,周杰伦,张翰郑爽姚晨周杰伦明星分手原因大起底,0
分手,李承铉,安以轩,曝李承铉安以轩分手内幕,1
分手,瞿颖,曹云金,《分手大师》瞿颖练咏春曹云金“吃软饭”,0
分手,华晨宇,张翰,华晨宇许晴姐弟恋张翰郑爽分手之七姐弟情史,0
分手,张翰,李多海,李易峰恋李多海郑爽张翰分手,0
分手,希莫,成功,头号得分手拉希莫娃被成功冻结,0
分手,长濑智也,相武纱季,长濑智也相武纱季秘密分手,1
分手,古力娜扎,羽泉,《分手大师》发布会邓超古力娜扎羽泉周笔畅亮相,0
分手,陈匡怡,邓紫棋,林宥嘉爱上陈匡怡与邓紫棋分手,0
分手,陈红,倪萍,张艺谋巩俐分手陈红倪萍抢陈凯歌,0
分手,李小冉,明星,高晓松李小冉明星分手方式大盘点,0
分手,谢娜,王菲,张杰谢娜结婚王菲谢霆锋分手,0
分手,李易峰,李多海,李易峰恋李多海郑爽张翰分手,0
分手,申雪,赵宏博,分手大师邓超“拆散”申雪赵宏博,0
分手,郎朗,王珞丹,王珞丹李光洁分手郎朗巩新亮相恋,0
分手,张艺谋,倪萍,张艺谋巩俐分手陈红倪萍抢陈凯歌,0
分手,张馨予,霍建华,张馨予被曝因劈腿霍建华而与李晨分手,0
分手,许晋亨,刘嘉玲,刘嘉玲和许晋亨分手,1
分手,周杰伦,郑爽,张翰郑爽姚晨周杰伦明星分手原因大起底（23）,0
分手,齐秦,王祖贤,齐秦揭和王祖贤分手内幕,1
分手,羽泉,白百合,何炅高圆圆刘璇白百合羽泉助阵《分手大师》,0
分手,姚笛,倪妮,文章出轨姚笛冯绍峰倪妮分手,0
分手,陈凯歌,张艺谋,张艺谋巩俐分手陈红倪萍抢陈凯歌,0
分手,章子怡,赵薇,章子怡“入世”赵薇混乱周迅分手,0
分手,许晴,李菲儿,七姐弟情史之许晴刘涛李菲儿张翰郑爽分手,0
分手,王菲,孔令辉,王菲侵权李晨张馨予分手马苏劈腿孔令辉恋上陈展鹏,0
分手,陈思成,佟丽娅,佟丽娅陈思成被分手,1
分手,孙俪,张柏芝,邓超孙俪恩爱谢霆锋张柏芝分手,0
分手,陈冠希,谢芷蕙,陈冠希和谢芷蕙分手,1
分手,南相美,明星,韩明星李尚允和南相美宣布分手,0
分手,倪妮,彭于晏,彭于晏倪妮"分手"吹瓶买醉,1
分手,何炅,刘璇,何炅高圆圆刘璇白百合羽泉助阵《分手大师》,0
分手,秦岚,李亚鹏,陆川秦岚分手王菲李亚鹏明撒贝宁章子怡分手内幕,0
分手,张翰,马天宇,郑爽单方面宣布与张翰分手扭头笑贴马天宇身畔,0
分手,阿莱格里,国安,阿莱格里与米兰分手加盟国安有戏,0
分手,谢娜,刘烨,刘烨谢娜分手因酗酒,1
分手,陈妍希,陈乔恩,古天乐陈乔恩因陈妍希霍建华分手,0
分手,严重,乐基儿,因为生活理念严重分歧黎明乐基儿分手了,0
分手,张柏芝,谢芷蕙,与张柏芝合照致陈冠希与杨永晴分手搭上谢芷蕙(图),0
分手,邓超,谢霆锋,邓超孙俪恩爱谢霆锋张柏芝分手,0
分手,苏有朋,林志颖,林心如与林志颖分手因苏有朋,0
分手,周迅,李亚鹏,李亚鹏和周迅如果分手也很正常,0
分手,韩庚,单飞,章子怡分手郭晶晶大婚韩庚单飞,0
分手,姚元浩,隋棠,揭隋棠姚元浩分手,1
分手,王菲,杨澜,杨澜谈王菲李亚鹏分手,0
分手,赵薇,周星驰,赵薇又被传因周星驰与男友分手,0
分手,黄奕,霍思燕,霍思燕因黄奕骂战与富二代男友分手,0
分手,紫琪,林宥嘉,林宥嘉亲口证实与邓紫琪分手,0
分手,夏雨,袁泉,夏雨难忍袁泉脾气已分手,1
分手,古天乐,李泽楷,古天乐被问梁洛施李泽楷分手当即黑面,0
分手,罗生门,张翰,郑爽张翰分手罗生门,0
分手,陈冠希,阿娇,陈冠希谈阿娇与韩国男友分手,0
分手,陆川,秦岚,陆川秦岚被曝分手,1
分手,昔年,周润发,陈玉莲昔年拍三级片因与周润发分手,0
分手,邓紫棋,张宇,张宇曝邓紫棋分手,0
分手,宋慧乔,明星,韩流明星玄彬与宋慧乔分手,0
分手,许晴,郑爽,李菲儿绯闻许晴公主病张翰郑爽分手,0
分手,高富,于川绿野,揭于川绿野与高富帅分手内幕,0
分手,邓紫棋,张翰,邓紫棋林宥嘉分手张翰郑爽告急,0
分手,张雨绮,车晓,贾静雯张雨绮梁洛施车晓明星天价分手费PK,0
分手,陈展鹏,孔令辉,王菲侵权李晨张馨予分手马苏劈腿孔令辉恋上陈展鹏,0
分手,李多海,李易峰,郑爽张翰分手李易峰曾恋李多海,1
分手,张柏芝,阿娇,陈冠希感觉杨永晴“不如”阿娇张柏芝才分手（图,0
分手,陈红,熊黛林,熊黛林疑闹分手陈红曾以死威胁,0
分手,莫文蔚,冯德伦,冯德伦莫文蔚被曝因其分手,1
分手,陆天明,邓超,揭陆川父亲陆天明批邓超《分手大师》恶心内幕,0
分手,刘诗诗,邱泽,刘诗诗吴奇隆定情唐嫣邱泽分手,0
分手,李泽楷,梁洛施,梁洛施和李泽楷分手,1
分手,陈匡怡,林宥嘉,林宥嘉爱上陈匡怡与邓紫棋分手,0
分手,郎朗,李光洁,王珞丹李光洁分手郎朗巩新亮相恋,0
分手,郑爽,张翰,张翰郑爽分手,1
分手,郭晶晶,李嘉欣,李嘉欣怀孕黄晓明家暴郭晶晶分手,0
分手,胡瓜,欧弟,胡瓜谈干女儿香蜜拉与欧弟分手,0
分手,巩俐,陈凯歌,张艺谋巩俐分手陈红倪萍抢陈凯歌,0
分手,陈司翰,庄思明,庄思敏证实妹妹庄思明与陈司翰已分手,1
分手,杨幂,张翰,张翰郑爽分手杨幂当妈,0
分手,赵又廷,柯震东,柯震东萧亚轩分手高圆圆赵又廷领证,0
分手,张翰,李菲儿,网曝郑爽张翰分手或因“小三”李菲儿,0
分手,马天宇,郑爽,郑爽马天宇分手,1
分手,安以轩,戚薇,李承铉否认因恋上戚薇与安以轩分手,0
分手,李晨,陈展鹏,王菲侵权李晨张馨予分手马苏劈腿孔令辉恋上陈展鹏,0
分手,郑爽,冯绍峰,张翰郑爽分手冯绍峰倪妮正甜蜜,0
分手,李银河,王小波,李银河曾因王小波长得难看要分手,1
分手,刘恺威,刘诗诗,曝刘恺威与马雅舒曾同居刘诗诗曾因男友工资低分手,0
分手,李多海,张翰,郑爽张翰分手李易峰曾恋李多海,0
分手,吴速玲,曹格,分手发现真爱吴速玲找回曹格,0
分手,刘涛,张翰,刘涛揭张翰郑爽分手内幕,0
分手,撒贝宁,章子怡,台媒曝撒贝宁章子怡其实已分手,1
分手,胡杏儿,柳岩,传胡杏儿黄宗泽分手柳岩是小三,0
分手,倪震,倪匡,倪匡拒谈倪震分手事,0
分手,蒋勤勤,陈建斌,陈建斌与吴越分手牵手蒋勤勤,0
分手,哈密瓜,欧弟,欧弟与香蜜拉分手转战“哈密瓜”,0
分手,杨幂,倪妮,杨幂嫁刘恺威冯绍峰倪妮分手,0
分手,李泳豪,杨思琦,杨思琦回应与李泳豪分手,1
分手,郭富城,戴林,郭富城暗示已与熊戴林分手,1
分手,文隽,李亚鹏,文隽自曝周迅李亚鹏分手内幕,0
分手,琼瑶,杜淳,琼瑶女郎张嘉倪疑与杜淳分手,0
分手,杨幂,冯绍峰,杨幂嫁刘恺威冯绍峰倪妮分手,0
分手,宋慧乔,郑秀文,郑秀文复合宋慧乔分手,0
分手,严重,黎明,黎明与乐基儿分手生活理念严重分歧,0
分手,赵本山,赵薇,赵本山范伟分手赵薇陈坤闹翻,0
分手,杨璐,杜淳,杜淳因小三杨璐与张嘉倪分手,0
分手,李晨,罗伯特,李晨分手罗伯特暮光女复合,0
分手,林忆莲,恭硕良,林忆莲被指与恭硕良已分手,1
分手,梅婷,李小冉,李小冉与梅婷前夫鄢颇分手半年,0
分手,刘诗诗,唐嫣,刘诗诗吴奇隆定情唐嫣邱泽分手,0
分手,黄子佼,曾宝仪,曾宝仪与黄子佼分手首同台曾志伟鼓励玩亲亲,1
分手,周迅,赵本山,周迅陈坤至交赵本山范伟分手,0
分手,王菲,姚晨,王菲谢霆锋分手12年复合凌潇肃姚晨离婚3年对“骂”,0
分手,刘承范,孔孝真,韩星孔孝真刘承范双双承认分手,1
分手,吉川晃司,天海佑希,吉川晃司天海佑希去年分手,1
分手,白百何,冯绍峰,冯绍峰倪妮分手白百何婚变,0
分手,阿伦,刘易斯,刘易斯出彩阿伦三分手冷,0
分手,安志杰,谢婷婷,谢婷婷嫌安志杰不长进分手,1
分手,张杰,谢霆锋,张杰谢娜结婚王菲谢霆锋分手,0
分手,舒淇,林熙蕾,葛优刚与舒淇分手又和林熙蕾爱得“气喘吁吁”,0
分手,熊黛林,乐基儿,熊黛林郭富城分手乐基儿黎明离婚,0
分手,明星,柯震东,柯震东萧亚轩“分手”盘点明星的诡异恋情,0
分手,郑爽,柯震东,柯震东步郑爽后尘单方面宣布分手,0
分手,黄立行,徐静蕾,传徐静蕾黄觉分手恋上黄立行,0
分手,谢霆锋,安志杰,谢霆锋妹妹与艺人安志杰分手,0
分手,许志安,余德琳,许志安宣布与女友余德琳分手向郑秀文求婚遭拒,1
分手,张雨绮,贾静雯,贾静雯张雨绮梁洛施车晓明星天价分手费PK,0
分手,哈林,邓超,伊能静哈林离婚孙俪邓超分手,0
分手,前夫,明星,赵薇老公黄有龙李湘前夫李厚霖揭明星天价分手费,0
分手,郭富城,苟芸慧,熊黛林郭富城因苟芸慧分手,0
分手,刘浩龙,容祖儿,刘浩龙疑被迫与容祖儿分手,1
分手,梅尔,安妮斯顿,梅尔自曝与安妮斯顿分手内情,1
分手,马苏,李小冉,李小冉自曝怀孕马苏否认分手,0
分手,萧亚轩,柯震东,程颖婕怀孕致柯震东萧亚轩分手,1
分手,许晴,张翰,张翰郑爽再闹分手许晴甘做情妇,0
分手,刘涛,郑爽,七姐弟情史之许晴刘涛李菲儿张翰郑爽分手,0
分手,凌宝儿,罗慧娟,周星驰与罗慧娟分手或因为凌宝儿,0
分手,霍启刚,孔令辉,马苏孔令辉分手郭晶晶霍启刚幸福,0
分手,陈凯歌,陈红,张艺谋巩俐分手陈红倪萍抢陈凯歌,0
分手,梁咏琪,闫妮,梁咏琪分手闫妮觅新欢王玮,0
分手,谢霆锋,姚晨,揭谢霆锋张柏芝凌潇肃姚晨明星夫妻分手内幕,0
分手,张馨予,李亚鹏,王菲李亚鹏张馨予李晨揭明星离婚分手内幕,0
分手,成龙,邓丽君,成龙自曝和邓丽君分手的真实原因,1
分手,邓紫棋,信仰,邓紫棋因信仰基督拒婚前性行为分手,0
分手,马苏,郭晶晶,马苏孔令辉分手郭晶晶霍启刚幸福,0
分手,黎明,舒淇,舒淇自曝与黎明分手患忧郁,1
分手,李厚霖,黄有龙,赵薇老公黄有龙李湘前夫李厚霖揭明星天价分手费,0
分手,陈豪,廖碧儿,廖碧儿承认爱过陈豪但分手,1
分手,谈梦霄,飞鸟,谈梦霄分手情歌《飞鸟和鱼》伤感指数升级,0
分手,金宇彬,刘智安,金宇彬与女友刘智安分手,1
分手,杨幂,张馨予,杨幂刘恺威高调秀恩爱李晨张馨予落魄分手,0
分手,陈思成,董洁,佟丽娅陈思成步董洁潘粤明后尘分手,0
分手,侯佩岑,蔡依林,蔡依林因侯佩岑插足与周杰伦分手,0
分手,宋慧乔,金泰熙,rain金泰熙甜蜜玄彬宋慧乔分手,0
分手,吴奇隆,孔令辉,马苏孔令辉分手未牵手吴奇隆,0
分手,明星,马苏,王菲李亚鹏马苏孔令辉揭明星离婚分手内幕,0
分手,胡杏儿,黄宗泽,胡杏儿现场回应与黄宗泽分手,1
分手,邵峰,倪妮,文章出轨白百何离婚冯邵峰倪妮分手,0
分手,王菲,谢霆锋,张杰谢娜结婚王菲谢霆锋分手,1
分手,窦昕,高思,高思副总裁窦昕与高思分手风云,1
分手,李泽楷,古天乐,梁洛施李泽楷分手或因古天乐是“同性小三”,0
分手,李晨,刘恺威,杨幂刘恺威高调秀恩爱李晨张馨予落魄分手,0
分手,方法,艺人,自吴亦凡解约看艺人与经纪公司分手方法,0
分手,彭于晏,白百合,彭于晏白百合赴韩宣传《分手合约》,0
分手,陆天明,陆川,陆天明炮轰邓超“要钱不要脸”陆川忙善后赞《分手大师》“值得期待”(图),0
分手,张馨予,潘粤明,董洁潘粤明李晨张馨予爆分手内幕新闻频道,0
分手,安吉丽娜,朱莉,安吉丽娜朱莉《沉睡魔咒》《变4》《分手大师》,0
分手,赵文卓,梅艳芳,梅艳芳赵文卓因误会分手,1
分手,林青霞,林瑞阳,林瑞阳娶张庭秦汉分手林青霞爱上旅游,0
分手,张凯丽,郑爽,花儿与少年张凯丽曝不知张翰郑爽分手,0
分手,孙宁,那英,大羽孙宁分手高峰那英生变,0
分手,吕方,郑裕玲,揭吕方郑裕玲分手内幕,1
分手,许志安,郑秀文,郑秀文与许志安分手原因曝光,1
分手,刘孜,马伊琍,刘孜曾劝马伊琍和文章分手,0
分手,松本润,柴崎幸,松本润柴崎幸疑分手,1
分手,李湘,马雅舒,李湘马雅舒吴奇隆揭娱乐圈天价分手费,0
分手,王力宏,张惠妹,张惠妹王力宏分手仍是朋友,1
分手,文章,张翰,文章出轨回归家庭张翰分手,0
分手,杨幂,郑爽,张翰郑爽分手杨幂当妈（6）,0
分手,马苏,刘涛,马苏分手刘涛车震,0
分手,郑爽,姚晨,张翰郑爽姚晨周杰伦明星分手原因大起底（14）,0
分手,马苏,霍启,马苏孔令辉分手郭晶晶霍启,0
分手,姚晨,凌潇肃,张柏芝谢霆锋因艳照分手凌潇肃姚晨有小三,0
分手,杜海涛,刘若曦,网曝杜海涛刘若曦分手,1
分手,李易峰,张翰,郑爽张翰分手李易峰曾恋李多海,0
分手,王菲,李亚鹏,王菲李亚鹏分手宣言让人感觉很平和,1
分手,刀将,大学生,大学生不满女友提分手十余刀将其捅死,0
分手,李泽楷,杨紫琼,杨紫琼祝福梁洛施李泽楷分手,0
分手,马天宇,张翰,张翰郑爽分手原因疑与马天宇有关,0
分手,巩俐,陈红,张艺谋巩俐分手陈红倪萍抢陈凯歌,0
分手,冯绍峰,刘恺威,杨幂嫁刘恺威冯绍峰倪妮分手,0
分手,郭晶晶,孔令辉,马苏孔令辉分手郭晶晶霍启刚幸福,0
分手,乔任梁,郑爽,乔任梁回应张翰郑爽分手,0
分手,邓紫棋,陆川,邓紫棋林宥嘉陆川秦岚分手,0
分手,明星,郑爽,张翰郑爽姚晨周杰伦明星分手原因大起底,0
分手,郑中基,开心,与郑中基分手不开心,0
分手,边缘,黄宗泽,黄宗泽与其濒临分手边缘,0
分手,姚晨,陈可辛,姚晨陈可辛助阵《分手大师》,0
分手,前夫,黄有龙,赵薇老公黄有龙李湘前夫李厚霖揭明星天价分手费,0
分手,李厚霖,明星,赵薇老公黄有龙李湘前夫李厚霖揭明星天价分手费,0
分手,默多克,邓文迪,默多克与邓文迪将分手,1
分手,章子怡,汪峰,章子怡汪峰同房游三亚撒贝宁分手,0
分手,邓超,申雪,分手大师邓超“拆散”申雪赵宏博,0
分手,马场,熊黛林,熊黛林与郭富城分手后首入马场,0
分手,龙卷风,张宇,张宇暗示邓紫棋分手唱龙卷风,0
分手,秦岚,郑秀文,秦岚陆川分手郑秀文许志安要婚,0
分手,吴大维,林熙蕾,林熙蕾遗憾跟吴大维分手－搜学网,1
分手,杜海涛,何炅,何炅杜海涛变新房客关谷悠悠恐分手,0
分手,倪妮,张翰,张翰郑爽分手冯绍峰倪妮正甜蜜,0
分手,宋慧乔,剧中,宋慧乔玄彬剧中分手预兆,0
分手,张静初,秦岚,张静初惨被追问陆川秦岚分手,0
分手,金喜善,黎明,金喜善黎明吻照致舒淇分手,0
分手,高兴,米尔斯,麦卡特尼米尔斯2430万英镑高兴分手,0
分手,郭富城,熊黛林,熊黛林郭富城分手否认因小三,1
分手,贾晓晨,黎耀祥,黎耀祥对贾晓晨分手叫好,0
分手,高圆圆,柯震东,柯震东萧亚轩分手高圆圆赵又廷领证,0
分手,李佳航,李晟,“小燕子”李晟放言和李佳航“绝不分手”,0
分手,姚笛,任重,任重因姚笛母亲唆使与姚笛分手（38）,1
分手,李晨,孔令辉,王菲侵权李晨张馨予分手马苏劈腿孔令辉恋上陈展鹏,0
分手,倪妮,郑爽,张翰郑爽分手冯绍峰倪妮正甜蜜,0
分手,谢霆锋,王菲,谢霆锋王菲分手十年,1
分手,梁朝伟,后知后觉,梁朝伟后知后觉张曼玉分手,0
分手,谢娜,谢霆锋,张杰谢娜结婚王菲谢霆锋分手,0
分手,关楚耀,卫诗,卫诗关楚耀分手,1
分手,九年,杨采妮,杨采妮与分手九年男友复合,0
分手,龙俊亨,具荷拉,龙俊亨与具荷拉分手后首表心境,1
分手,王菲,李晨,王菲侵权李晨张馨予分手马苏劈腿孔令辉恋上陈展鹏,0
分手,李亚鹏,曹颖,曹颖王斑没分手李亚鹏周迅正热着,0
分手,薛凯琪,房祖名,薛凯琪恋上富家子房祖名难忍劈腿终分手,1
分手,唐嫣,黄宗泽,黄宗泽胡杏儿分手柳岩唐嫣等否认是小三,0
分手,郑爽,唐艺昕,传张翰郑爽分手移情唐艺昕,0
分手,明星,李晨,王菲李亚鹏张馨予李晨揭秘明星离婚分手内幕,0
分手,苏醒,马苏,马苏孔令辉分手/苏醒解约天娱,0
分手,杨璐,张嘉倪,杜淳因小三杨璐与张嘉倪分手,0
分手,从容,林宥嘉,林宥嘉从容谈分手,0
分手,杨幂,李晨,杨幂刘恺威高调秀恩爱李晨张馨予落魄分手,0
分手,巩新亮,李光洁,王珞丹李光洁分手郎朗巩新亮相恋,0
分手,文根英,金范,金宇彬刘智安金范文根英被爆分手,1
分手,巩俐,倪萍,张艺谋巩俐分手陈红倪萍抢陈凯歌,0
分手,李民浩,朴敏英,朴敏英李民浩近况承认分手,1
分手,陈红,张艺谋,张艺谋巩俐分手陈红倪萍抢陈凯歌,0
分手,邵峰,文章,文章出轨白百何离婚冯邵峰倪妮分手,0
分手,钟丽缇,郭富城,钟丽缇谈郭富城分手,1
分手,黎明,郭富城,熊黛林郭富城分手乐基儿黎明离婚,0
分手,许亚军,何晴,许亚军何晴悄然分手,1
分手,家人,明星,盘点因家人反对而分手的明星,0
分手,许晴,刘涛,七姐弟情史之许晴刘涛李菲儿张翰郑爽分手,0
分手,潘霜霜,林峰,潘霜霜否认与林峰已分手,0
分手,周笔畅,羽泉,《分手大师》发布会邓超古力娜扎羽泉周笔畅亮相,0
分手,霍启刚,郭晶晶,马苏孔令辉分手郭晶晶霍启刚幸福,0
分手,陈一冰,何雯娜,陈一冰何雯娜分手后首同台,1
分手,汪峰,撒贝宁,传章子怡因汪峰与撒贝宁分手,0
分手,霍启刚,马苏,马苏孔令辉分手郭晶晶霍启刚幸福,0
分手,郑爽,马天宇,曝马天宇为郑爽单方面分手鸣不平,0
分手,明星,梁洛施,贾静雯张雨绮梁洛施车晓明星天价分手费PK,0
分手,香蜜拉,欧弟,香蜜拉称与欧弟分手,1
分手,黄圣依,周星驰,黄圣依拒谈周星驰分手内幕,1
分手,王菲,张馨予,王菲侵权李晨张馨予分手马苏劈腿孔令辉恋上陈展鹏,0
分手,白百何,彭于晏,彭于晏白百何《分手合约》牵手,0
分手,陈红,沈星,陈红离婚因前夫恋上沈星揭明星离婚分手内幕,0
分手,张伟平,艺人,张艺谋张伟平分手抢艺人,0
分手,黎明,有待,黎明乐基儿分手正办离婚手续亿万身家有待分割（三）,0
分手,从容,姜广策,从容姜广策吕俊“分手”,1
分手,钱嘉乐,李珊珊,钱嘉乐否认与李珊珊分手不知女友追求者众,0
分手,萧亚轩,张维真,萧亚轩柯震东分手小三张维真曝光,0
分手,陶子,熊天平,熊天平自爆“放陶子鸽子”导致分手,1
分手,李湘,前夫,赵薇老公黄有龙李湘前夫李厚霖揭明星天价分手费,0
分手,邓超,杨幂,《分手大师》邓超/杨幂,0
分手,邱韶智,杨采妮,杨采妮邱韶智分手8年复合,0
分手,玄彬,明星,韩流明星玄彬与宋慧乔分手,0
分手,古天乐,梁洛施,梁洛施李泽楷分手或因古天乐是“同性小三”,0
分手,曾华倩,刘嘉玲,刘嘉玲指曾华倩分手是福,0
分手,胡瓜,香蜜拉,胡瓜谈干女儿香蜜拉与欧弟分手,0
分手,明星,李亚鹏,王菲李亚鹏张馨予李晨揭明星离婚分手内幕,0
分手,赵又廷,萧亚轩,柯震东萧亚轩分手高圆圆赵又廷领证,0
分手,钟兆民,但斌,东方港湾但斌与钟兆民携手7年终分手,1
分手,明星,张翰,张翰郑爽姚晨周杰伦明星分手原因大起底（21）,0
分手,杨颖,黄晓明,黄晓明杨颖分手,1
分手,毛阿敏,董文华,毛阿敏受董文华的挑拨与我分手,0
分手,贾静雯,车晓,贾静雯张雨绮梁洛施车晓明星天价分手费PK,0
分手,于文凤,周星驰,曝周星驰于文凤分手,1
分手,姚晨,明星,明星姐弟恋疯狂爱过终分手王菲姚晨莫文蔚大S,0
分手,迟帅,姚笛,曝迟帅姚笛“地下情”分手,1
分手,冯绍峰,张翰,张翰郑爽分手冯绍峰倪妮正甜蜜,0
分手,黎明,范冰冰,范冰冰王学兵舒淇黎明揭明星情侣分手内幕,0
分手,张纪中,周迅,张纪中暗示李亚鹏周迅分手成定局,0
分手,李晨,石头,传张馨予不堪“石头”压力与李晨分手,0
分手,邓超,冯绍峰,孙俪邓超离婚冯绍峰倪妮分手,0
分手,明星,姚晨,王菲巩俐张柏芝姚晨大腕明星分手费曝光,0
分手,何守正,张惠妹,张惠妹何守正传已分手,1
分手,韩庚,郭晶晶,章子怡分手郭晶晶大婚韩庚单飞,0
分手,张馨予,马苏,李晨张馨予分手孔令辉马苏劈腿,0
分手,倪妮,邵峰,冯邵峰倪妮分手,1
分手,顾珊珊,孔令辉,曝顾珊珊致马苏孔令辉分手,0
分手,刘芸,阿娇,聂远刘芸分手因为阿娇,0
分手,邓超,李光洁,拍裸戏与邓超分手李光洁劈腿(组图),0
分手,周迅,王烁,周迅王烁分手,1
分手,王学兵,黎明,范冰冰王学兵舒淇黎明揭明星情侣分手内幕,0
分手,赵雅淇,梁洛施,梁洛施李泽楷被赵雅淇弄分手,0
分手,林家栋,姚晨,双11姚晨林家栋掀“分手风暴”,0
分手,张柏芝,凌潇肃,谢霆锋张柏芝姚晨凌潇肃明星夫妻分手原因,0
分手,谢楠,郎朗,吴京谢楠或结婚巩新亮疑分手郎朗,0
分手,李云迪,郎朗,李云迪谈恋情无愧巩新亮郎朗分手,0
分手,前夫,陈红,陈红离婚因前夫恋上沈星揭明星离婚分手内幕,0
分手,邱泽,唐嫣,锋菲复合张柏芝痛哭唐嫣与邱泽分手疑自残,1
分手,柳岩,黄宗泽,柳岩抢黄宗泽导致分手,0
分手,谢娜,马雅舒,谢娜刘烨吴奇隆马雅舒揭明星天价分手费,0
分手,吴奇隆,邱泽,刘诗诗吴奇隆定情唐嫣邱泽分手,0
分手,章子怡,周迅,周迅章子怡玩分手赵薇怀孕,1
分手,郑爽,李多海,李易峰曾恋李多海郑爽张翰分手,0
分手,姚晨,张翰,张翰郑爽姚晨周杰伦明星分手原因大起底,0
分手,王大治,董洁,董洁王大治分手黄奕出轨视频曝光,1
分手,李易峰,郑爽,郑爽张翰分手李易峰恋李多海,0
分手,邓超,柳岩,《分手大师》首映礼柳岩邓超意外撞衫,0
分手,蒋劲夫,白百合,白百合彭于晏蒋劲夫吴佩慈《分手合约》精彩花絮曝光,0
分手,曾轶可,高晓松,曾轶可高晓松分手,1
分手,文章,马伊琍,刘孜曾劝马伊琍与文章分手,0
分手,周润发,陈玉莲,揭周润发陈玉莲分手原因,1
分手,马苏,陈展鹏,王菲侵权李晨张馨予分手马苏劈腿孔令辉恋上陈展鹏,0
分手,小沈阳,家人,家人透露小沈阳夫妻曾分手过,0
分手,范伟,陈坤,赵本山范伟分手赵薇陈坤闹翻,0
分手,王石,金磊,田朴珺王石分手曝男闺蜜金磊,0
分手,侯佩岑,周杰伦,侯佩岑首谈与周杰伦分手,1
分手,田朴珺,王石,田朴珺王石分手曝男闺蜜金磊,1
分手,李尚允,南相美,韩星李尚允和南相美宣布分手,1
分手,张馨予,刘恺威,杨幂刘恺威高调秀恩爱李晨张馨予落魄分手,0
分手,霍启刚,田亮,跳水女皇陷三角恋与田亮分手移情豪门少爷霍启刚,0
分手,赵薇,陈坤,赵本山范伟分手赵薇陈坤闹翻,0
分手,张馨予,孔令辉,李晨张馨予分手孔令辉马苏劈腿,0
分手,张杰,王菲,张杰谢娜结婚王菲谢霆锋分手,0
分手,郑嘉颖,佘诗曼,佘诗曼被爆与郑嘉颖假分手,0
分手,李湘,明星,赵薇老公黄有龙李湘前夫李厚霖揭明星天价分手费,0
分手,苍井优,铃木浩介,苍井优铃木浩介闪电宣布分手,1
分手,张艺谋,张伟平,张伟平张艺谋分手合情理,1
分手,张雨绮,王祖贤,巩俐张雨绮王祖贤分手收场,1
分手,赵丽颖,郑爽,郑爽张翰分手赵丽颖小三插足,0
分手,古天乐,陈妍希,传陈乔恩古天乐因陈妍希闹分手,0
分手,郑少秋,沈殿霞,沈殿霞开口谈与郑少秋分手内幕,1
分手,陈晓,赵丽颖,陈晓赵丽颖荧幕情侣分手,1
分手,高圆圆,何炅,何炅高圆圆刘璇白百合羽泉助阵《分手大师》,0
分手,关悦,曾一,佟大为自曝曾一度与关悦分手,0
分手,唐季礼,林心如,林心如谈与唐季礼分手,1
分手,巩新亮,郎朗,巩新亮疑发单身宣言与郎朗分手,1
分手,张庭,林青霞,林瑞阳娶张庭秦汉分手林青霞爱上旅游,0
分手,李菲儿,郑爽,张翰郑爽分手赵丽颖躺枪李菲儿否认小三,0
分手,孙俪,谢霆锋,邓超孙俪恩爱谢霆锋张柏芝分手,0
分手,古天乐,陈乔恩,古天乐陈乔恩分手内情曝光,1
分手,张馨予,石头,传李晨张馨予因“石头”事件分手,0
分手,张杰,谢娜,张杰谢娜分手炒作成功,0
分手,林峰,黄宗泽,林峰密会足球宝贝黄宗泽洒泪分手,0
分手,王菲,明星,巩俐王菲大腕明星分手费大曝光,0
分手,陈冠希,杨永晴,陈冠希称已与杨永晴分手,1
