前女友,罗慧娟,周星驰,周星驰前女友罗慧娟去世,1
前女友,杨幂,北川景子,山下智久前女友北川景子杂志写真酷似杨幂,0
前女友,周迅,曾一,高圣远疑似前女友曝光周迅朴树曾一起,0
前女友,李雨泽,田丽,马景涛前女友田丽待嫁内地演员李雨泽,0
前女友,王励勤,赵薇,王励勤前女友赵薇拍"床照",1
前女友,戴庚玲,陈冠希,陈冠希泡上麦浚龙前女友戴庚玲,0
前女友,廖碧儿,杨幂,刘恺威女友杨幂PK前女友廖碧儿,0
前女友,于文凤,周星驰,周星驰被前女友于文凤追债,1
前女友,毛泽少,范世琦,陈永馨打工毛泽少是范世琦前女友,1
前女友,古晨,赵铭,孙悦前女友古晨PK大胸女赵铭,0
前女友,罗志祥,欧弟,欧弟抱前女友川岛茉树代手发抖罗志祥成小三,0
前女友,陈若仪,林志颖,林志颖娇妻陈若仪pk前女友林心如,0
前女友,佟丽娅,张翰,张翰前女友张帆系佟丽娅闺中密友,0
前女友,黄榕,陈冠希,陈冠希前女友黄榕深V透视裙现身,1
前女友,撒贝宁,多金,撒贝宁前女友经纬恋上多金男,0
前女友,莫小棋,刘馨予,吕欣潼外围女PK刘馨予变性人照片PK黄海波前女友莫小棋,0
前女友,华晨宇,夏恒,《好声音》夏恒回应与华晨宇前女友合照是误会,0
前女友,马苏,孔令辉,孔令辉新女友杨舒婷与前女友马苏,1
前女友,王心凌,隋棠,姚元浩否认王心凌是小三数前女友隋棠六宗罪,0
前女友,汪峰,霍建华,文章邓超霍建华汪峰揭秘男星不为人知的前女友,0
前女友,王宁,莫小棋,《香瓜七兄弟》第二季黄海波前女友莫小棋拍戏“床战”男星王宁,0
前女友,川岛茉树代,欧弟,欧弟与前女友川岛茉树代互相调侃小三是罗志祥,1
前女友,高维那,吴秀波,吴秀波前女友高维那浴室全裸遭偷拍,1
前女友,李准,吴涟序,《我结》吴涟序发现李准前女友照受打击,0
前女友,汪峰,文章,文章邓超霍建华汪峰揭秘男星不为人知的前女友,0
前女友,高圆圆,张钧甯,前女友张钧甯大方赞高圆圆甜美,0
前女友,姚笛,任重,任重姚笛塑造荧幕情侣「前女友」张俪被侃吃醋,0
前女友,白歆惠,郭碧婷,益达女孩郭碧婷黄晓明前女友白歆惠,0
前女友,徐太志,郑宇成,郑宇成透露前女友李智雅与徐太志隐婚内幕,0
前女友,林峰,有子,传林峰前女友潘霜霜已嫁人有子,0
前女友,李金羽,范冰冰,李金羽前女友嫁给范冰冰旧爱,0
前女友,张歆艺,成立,张歆艺成立妙龄前女友俱乐部,0
前女友,窦唯,高原,窦唯前女友姜昕和高原要好,0
前女友,邹凯,肖钦,邹凯王丽坤回应奥运冠军肖钦前女友诈骗案,0
前女友,王珂,刘涛,王珂前女友为刘涛点赞,0
前女友,梁朝伟,刘嘉玲,刘嘉玲PK梁朝伟前女友,0
前女友,唐嫣,霍建华,霍建华与邱泽前女友唐嫣《金玉良缘》定妆照,0
前女友,陈冠希,罗志祥,陈冠希前女友谢芷蕙被曝将目标锁定罗志祥,0
前女友,成功,余男,王全安祝前女友余男成功,0
前女友,果郡王,孔令辉,孔令辉前女友荧幕牵手果郡王,0
前女友,桂纶镁,温岚,蔡依林侯佩岑温岚桂纶镁曾恺玹盘点周董前女友,0
前女友,孙俪,张国荣,李莫愁是张国荣前女友孙俪胡慧中是亲戚,0
前女友,余男,蒋雯丽,初恋蒋雯丽前女友余男(图),0
前女友,姚笛,张俪,任重姚笛塑造荧幕情侣「前女友」张俪被侃吃醋,0
前女友,王阳明,程颖婕,王阳明前女友程颖婕介入,1
前女友,张默,王烁,张默前女友牛萌萌曾恋王烁,0
前女友,李晨,赵卓娜,曝韩寒小三赵卓娜为李晨前女友,1
前女友,谢芷蕙,王浩信,王浩信婚前家中偷吃陈冠希前女友谢芷蕙遭曝光,0
前女友,成立,周汶锜,杜德伟前女友周汶锜成立香港首个"模迷会"(图),0
前女友,聂远,郑钧,郑钧迎娶聂远前女友,0
前女友,吴奇隆,孔令辉,孔令辉前女友与吴奇隆机场相会,0
前女友,王媞,肖钦,奥运冠军肖钦前女友王媞被判刑,1
前女友,莫文蔚,张敏,前女友朱茵张敏莫文蔚都长发,0
前女友,杨幂,汪涵,俞灏明前女友杨幂汪涵欧弟,0
前女友,廖碧儿,马雅舒,廖碧儿马雅舒叶璇被传是前女友,0
前女友,邱泽,霍建华,霍建华与邱泽前女友唐嫣《金玉良缘》定妆照,0
前女友,可爱,孔令辉,孔令辉前女友被誉“可爱萌主”,0
前女友,温岚,曾恺玹,蔡依林侯佩岑温岚桂纶镁曾恺玹盘点周董前女友,0
前女友,李云迪,田霏,李云迪女友叫田霏前女友贺王力宏,0
前女友,佟丽娅,张帆,张翰前女友张帆系佟丽娅闺中密友,0
前女友,蔡依林,曾恺玹,蔡依林侯佩岑温岚桂纶镁曾恺玹盘点周董前女友,0
前女友,陈永馨,毛泽少,陈永馨打工毛泽少是范世琦前女友,0
前女友,黄海波,刘馨予,吕欣潼外围女PK刘馨予变性人照片PK黄海波前女友莫小棋,0
前女友,李小龙,周润发,李小龙嫂子最传奇周润发前女友冷艳,0
前女友,王晶,周星驰,王晶暗讽周星驰榨干抛弃前女友于文凤,0
前女友,岑黎阑,撒贝宁,撒贝宁新女友岑黎阑PK前女友经纬,0
前女友,李钰,邵兵,邵兵博客撰文纪念前女友李钰,1
前女友,张成泽,玄松月,张成泽或染指金正恩前女友玄松月,0
前女友,张国荣,李莫愁,张国荣前女友是李莫愁,1
前女友,陈冠希,成功,传陈冠希向小10岁前女友求婚成功,0
前女友,撒贝宁,汪峰,撒贝宁两任前女友齐逗趣汪峰,0
前女友,孙俪,李莫愁,李莫愁是张国荣前女友孙俪胡慧中是亲戚,0
前女友,盖拉,伊达,前女友内蕾伊达盖拉爆C罗儿子生母,0
前女友,王励勤,李敏镐,王励勤前女友见李敏镐,0
前女友,张柏芝,陈晓东,陈晓东曝前女友张柏芝30年无空窗,1
前女友,王学兵,李金羽,李金羽前女友已嫁王学兵,0
前女友,黄海波,宁财神,黄海波前女友莫小棋预言中宁财神“灾难”,0
前女友,吕欣潼,刘馨予,吕欣潼外围女PK刘馨予变性人照片PK黄海波前女友莫小棋,0
前女友,六小龄童,李颖,刘德华前女友整成六小龄童李颖芝脸杀蛇妖,0
前女友,龚小京,章泽天,京东商城刘强东的前女友龚小京和现任女友奶茶妹妹章泽天,0
前女友,宋慧乔,玄彬,玄彬前女友宋慧乔眼带悲伤,1
前女友,撒贝宁,涂经纬,倪萍替撒贝宁前女友涂经纬征婚,1
前女友,张雨绮,汪小菲,汪小菲前女友张雨绮拍婚纱写真,1
前女友,章子怡,汪峰,汪峰表白章子怡遭前女友嘲讽,0
前女友,杜威,骆新,杜威前女友助阵骆新新书首发,0
前女友,李智雅,徐太志,郑宇成透露前女友李智雅与徐太志隐婚内幕,0
前女友,成功,阿娇,阿娇旧爱麦浚龙与前女友复合成功,0
前女友,高娅媛,俞思远,俞思远娶高娅媛前女友,0
前女友,宋慧乔,赵寅成,前女友宋慧乔或将与赵寅成携手(图),0
前女友,刘德华,六小龄童,刘德华前女友整容似六小龄童,0
前女友,马苏,杨舒婷,孔令辉新女友杨舒婷与前女友马苏,0
前女友,佐藤麻衣,朱孝天,黄义达与朱孝天前女友佐藤麻衣擦出爱火花(图),1
前女友,撒贝宁,经纬,撒贝宁前女友经纬恋上多金男,1
前女友,撒贝宁,张柏芝,撒贝宁念似张柏芝前女友(图),0
前女友,蔡依林,温岚,蔡依林侯佩岑温岚桂纶镁曾恺玹盘点周董前女友,0
前女友,于莉,田丽,前女友田丽前妻于莉均离开,0
前女友,陈年,明星,刘德华遭前女友母亲"揭底"盘点明星陈年旧爱,0
前女友,郑爽,张帆,张翰前女友张帆vs现任郑爽对比,0
前女友,张帆,郑爽,郑爽酷似张翰前女友张帆,0
前女友,闻中,家人,家人从新闻中得知莱杰死讯前女友赶赴纽约,0
前女友,吕婉柔,汪小菲,汪小菲前女友吕婉柔的快速瘦脸方法,1
前女友,黄晓明,李菲儿,黄晓明前女友李菲儿,1
前女友,李云迪,王力宏,李云迪女友叫田霏前女友贺王力宏,0
前女友,麻衣,朱孝天,黄义达与朱孝天前女友麻衣,1
前女友,经纬,北京大学,撒贝宁前女友经纬北京大学硕士毕业,0
前女友,山下智久,杨幂,山下智久前女友北川景子杂志写真酷似杨幂(图),0
前女友,孙悦,赵铭,孙悦前女友古晨PK大胸女赵铭,0
前女友,范冰冰,牛萌萌,前女友有范冰冰牛萌萌,0
前女友,赵悦童,贾乃亮,赵悦童变贾乃亮“前女友”,1
前女友,张斌,文章,张斌前女友的文章,0
前女友,王励勤,杜威,王励勤女友杜威前女友抢镜斗艳,0
前女友,梅西,巴萨,影帝前女友观战巴萨示爱梅西,0
前女友,张翰,郑爽,郑爽酷似张翰前女友张帆,0
前女友,郑爽,张翰,张翰前女友张帆vs现任郑爽对比,0
前女友,郭金,钟情,“前女友”郭金获于荣光钟情,0
前女友,李冰冰,朱孝天,李冰冰是朱孝天前女友,1
前女友,黄奕,许绍洋,许绍洋不信前女友黄奕结婚,1
前女友,宋新妮,吴宗宪,吴宗宪前女友宋新妮承认隆胸,1
前女友,周杰伦,九月,周杰伦九月发新碟献歌前女友自称不算好男人,0
前女友,李大仁,钟情,吴卓羲变"李大仁"钟情"前女友",0
前女友,成功,麦浚龙,阿娇旧爱麦浚龙与前女友复合成功,0
前女友,张默,大叔,张默前女友童瑶恋上中年大叔,0
前女友,林峰,吴千语,前女友闻林峰吴千语秘婚拒送祝福,0
前女友,梅尔,吉布森,梅尔吉布森殴打前女友遭起诉,0
前女友,潘霜霜,有子,传林峰前女友潘霜霜已嫁人有子,0
前女友,莫小棋,宁财神,黄海波前女友莫小棋预言中宁财神“灾难”,0
前女友,潘霜霜,林峰,林峰前女友潘霜霜遭起底,1
前女友,曾华倩,梁朝伟,梁朝伟前女友曾华倩素颜照曝光,1
前女友,金正恩,玄松月,传“遭枪决”的金正恩前女友玄松月平壤露面,1
前女友,金秀贤,全智贤,全智贤心碎金秀贤醉酒“前女友”秀智出场,0
前女友,吴彦晟,马磊磊,马磊磊前女友情定吴彦晟,0
前女友,周杰伦,蔡依林,周杰伦前女友蔡依林自曝分手原因,1
前女友,郝邵文,释小龙,郝邵文与释小龙前女友甜蜜唱情歌,0
前女友,相叶雅纪,佐佐木希,相叶雅纪和队友前女友佐佐木希传绯闻,0
前女友,张帆,佟丽娅,前女友佟丽娅闺蜜张帆资料曝光,0
前女友,郝蕾,孙俪,邓超曾恋郝蕾钱枫前女友孙俪,0
前女友,谢霆锋,王菲,谢霆锋自爆被前女友王菲抓包,1
前女友,蔡依林,桂纶镁,蔡依林侯佩岑温岚桂纶镁曾恺玹盘点周董前女友,0
前女友,胡慧中,李莫愁,李莫愁是张国荣前女友孙俪胡慧中是亲戚,0
前女友,王力宏,田霏,李云迪女友叫田霏前女友贺王力宏,0
前女友,陈国坤,应采儿,陈国坤大婚娶余文乐前女友黄伊汶应采儿当伴娘,0
前女友,郑爽,俞灏明,俞灏明前女友杨幂张翰第5任女友郑爽,0
前女友,高圣远,周迅,周迅男友高圣远前女友叫嚣,0
前女友,姚笛,文章,拒答前女友姚笛与文章出轨绯闻,0
前女友,萧亚轩,柯震东,柯震东新欢被曝是萧亚轩前男友的前女友,0
前女友,杨若兮,刘威,刘威前女友杨若兮低调完婚,1
前女友,阿桑,哈里森,媒体称阿桑奇前女友哈里森陪斯诺登赴安全地点,0
前女友,林丹,谢杏芳,林丹前女友与谢杏芳同台退役,0
前女友,金正恩,柳真雅,金正恩与前女友柳真雅会面,1
前女友,牛萌萌,王烁,张默打前女友牛萌萌曾恋王烁,1
前女友,陈柏霖,李泽楷,传李泽楷恋上陈柏霖前女友,0
前女友,上海,黎明,黎明临时改班机上海躲前女友舒淇,0
前女友,肖钦,明星,肖钦前女友王媞专骗文体明星,0
前女友,谢娜,刘烨,刘烨爱妻安娜女儿名为"霓娜"纪念前女友谢娜,1
前女友,霍启刚,郭晶晶,霍启仁前女友自杀霍启刚娶郭晶晶,0
前女友,邓超,汪峰,文章邓超霍建华汪峰揭秘男星不为人知的前女友,0
前女友,赵又廷,何润东,何润东与赵又廷前女友张钧甯传绯闻,0
前女友,莫小棋,黄海波,《香瓜七兄弟》第二季黄海波前女友莫小棋拍戏“床战”男星王宁,1
前女友,李晨,韩寒,韩寒偷情赵卓娜是李晨前女友,0
前女友,学生,王祖贤,王祖贤恋26岁学生万梓良被前女友喊爸,0
前女友,郝蕾,邓超,邓超与前女友郝蕾因戏生情,1
前女友,高圣远,曾一,高圣远疑似前女友曝光周迅朴树曾一起,0
前女友,华原朋美,小室哲哉,小室哲哉为还债或任前女友华原朋美新歌制作人,1
前女友,安娜,刘烨,刘烨爱妻安娜女儿名为"霓娜"纪念前女友谢娜,0
前女友,吴卓羲,钟情,吴卓羲变"李大仁"钟情"前女友",0
前女友,邓超,霍建华,文章邓超霍建华汪峰揭秘男星不为人知的前女友,0
前女友,陈文媛,陈冠希,陈冠希前女友陈文媛出行,1
前女友,吕欣潼,莫小棋,外围女吕欣潼图片PK刘馨予变性人照片PK黄海波前女友莫小棋,0
前女友,查尔顿,本特,查尔顿球星本特前女友,0
前女友,高圣远,朴树,高圣远疑似前女友曝光周迅朴树曾一起,0
前女友,刘芸,郑钧,曝郑钧迎娶聂远前女友刘芸,0
前女友,朱孝天,李宗,李宗瑞前女友吴亚馨陷淫照门朱孝天送鼓励,0
前女友,岑黎阑,经纬,前女友经纬PK现任贝女郎岑黎阑,0
前女友,廖剑玲,田亮,田亮前女友廖剑玲首谈,1
前女友,雷雨,沙溢,沙溢前女友现身《雷雨》,0
前女友,于文凤,王晶,王晶暗讽周星驰榨干前女友于文凤后将其抛弃(组图),0
前女友,余文乐,李小龙,翻版李小龙迎娶余文乐前女友,0
前女友,吴尊,辰亦儒,辰亦儒前女友由吴尊介绍,0
前女友,经纬,多金,撒贝宁前女友经纬恋上多金男,0
前女友,汪涵,俞灏明,俞灏明前女友杨幂汪涵欧弟,0
前女友,何洁,释小龙,释小龙祝福前女友何洁大婚,1
前女友,汪涵,欧弟,俞灏明前女友杨幂汪涵欧弟,0
前女友,马苏,贾乃亮,马苏变身贾乃亮前女友,1
前女友,杨幂,郑爽,俞灏明前女友杨幂张翰第5任女友郑爽,0
前女友,赵又廷,张钧宁,赵又廷前女友张钧宁否认,1
前女友,欧弟,俞灏明,俞灏明前女友杨幂汪涵欧弟,0
前女友,邵美琪,黎芷珊,前女友邵美琪梁咏琪黎芷珊送祝福,0
前女友,张默,林丹,林丹夜店与张默前女友樊蕊热聊,0
前女友,林峰,舒淇,林峰前女友"小舒淇"潘霜霜自拍照曝光,0
前女友,范植伟,立威廉,范植伟怒指前女友王心凌劈腿立威廉,0
前女友,邓超,文章,文章邓超霍建华汪峰揭秘男星不为人知的前女友,0
前女友,张帆,张翰,张翰前女友张帆曝光,1
前女友,杨幂,俞灏明,曝俞灏明前女友是杨幂,1
前女友,孙俪,钱枫,钱枫前女友孙俪,1
前女友,赵丽颖,张翰,张翰与前女友拥吻赵丽颖无所谓,0
前女友,朴宝英,金秀贤,金秀贤前女友朴宝英曝光(图),1
前女友,黄晓明,叶一茜,叶一茜原是黄晓明前女友,1
前女友,黄伊汶,余文乐,陈国坤大婚娶余文乐前女友黄伊汶,1
前女友,薛佳凝,胡歌,胡歌感谢前女友薛佳凝,1
前女友,阿娇,麦浚龙,阿娇旧爱麦浚龙与前女友复合成功,1
前女友,邱泽,唐嫣,霍建华与邱泽前女友唐嫣《金玉良缘》定妆照,1
前女友,王阳明,张艾嘉,台媒曝张艾嘉儿子秘恋王阳明前女友,0
前女友,张馨予,石头,张馨予晒石头遭李晨前女友逆袭,0
前女友,谢霆锋,刘德华,谢霆锋前女友想嫁刘德华,0
