前妻,安雯,苏越,苏越前妻安雯做客微访谈,1
前妻,戈比,百万富翁,俄罗斯一位“戈比百万富翁”希望娶普京前妻,0
前妻,康作如,汪峰,汪峰前妻康作如微博斥不忠,1
前妻,孔琳,余男,前妻余男曾恋蒋雯丽孔琳,0
前妻,蒋雯丽,余男,前妻余男曾恋蒋雯丽孔琳,0
前妻,黄秋燕,李连杰,李连杰前妻黄秋燕生活艰难,1
前妻,巴菲特,赵丙贤,“中国巴菲特”赵丙贤遭9岁儿子起诉索要抚养费,0
前妻,刘晓庆,董洁,刘晓庆弃姜文王大治前妻不输董洁,0
前妻,汪涵,吴昕,何炅初恋女友汪涵前妻吴昕杜海涛,0
前妻,罗切特,罗德曼,曝罗切特与罗德曼前妻交往,0
前妻,甄子丹,李连杰,张学友甄子丹李连杰陈凯歌男星鲜为人知的糟糠前妻,0
前妻,吴奇隆,马雅舒,吴奇隆前妻马雅舒挺大肚与洋老公外出,1
前妻,刘岩,周迅,刘岩瞿颖周迅不比前妻王菲,0
前妻,马景涛,田丽,马景涛前妻田丽艳照曝光,1
前妻,宋妍,邓建国,披露邓建国与前妻宋妍的隐秘婚姻,1
前妻,孙俪,钱枫,孙俪初恋钱枫汪涵前妻曝光,0
前妻,王大治,周韵,赵本山前妻王大治周韵刘晓庆,0
前妻,吴奇隆,刘诗诗,刘诗诗被问吴奇隆前妻马雅舒怀孕,0
前妻,黄梓琪,邓建国,邓建国前妻黄梓琪隆胸,1
前妻,欧阳夏丹,汪峰,欧阳夏丹自曝恋情汪峰被前妻曝曾偷腥,0
前妻,李双江,梦鸽,李双江前妻丁英不敌梦鸽,0
前妻,余男,蒋雯丽,前女友蒋雯丽前妻余男还和洋妞耍过|王全安|贾樟柯,0
前妻,默多克,邓文迪,美籍传媒大亨默多克前妻怒斥邓文迪"挖墙脚",0
前妻,赵本山,罗嘉良,罗嘉良与前妻拍拖16年赵本山前妻是农民,0
前妻,买红妹,潘蔚,孙楠老婆潘蔚PK前妻买红妹,0
前妻,江珊,李小冉,王志文江珊再续夫妻缘《大丈夫》前妻出马对抗李小冉,0
前妻,袁茵,文章,收录前妻袁茵谈婚姻文章,0
前妻,姜文,王大治,刘晓庆离开姜文王大治前妻不输董洁,0
前妻,赵本山,王大治,赵本山前妻王大治闪婚刘晓庆,0
前妻,邓婕,张国立,张国立与邓婕相恋5年后与前妻离婚,0
前妻,石佛,明星,真人秀明星艳压石佛前妻,0
前妻,杨澜,李阳,杨澜力挺李阳前妻李金,0
前妻,李小龙,丁佩,前妻丁佩李小龙瓜葛,1
前妻,孙俪,汪涵,孙俪初恋钱枫汪涵前妻曝光,0
前妻,贾晓晨,樊少皇,樊少皇恐吓前妻少说贾晓晨坏话,0
前妻,黄梓琪,刘阳,邓建国携新女友刘阳和前妻黄梓琪亮相新剧海选,0
前妻,陈凯歌,李连杰,张学友甄子丹李连杰陈凯歌男星鲜为人知的糟糠前妻,0
前妻,赵胤胤,陈数,陈数丈夫赵胤胤与前妻隐秘情事,0
前妻,汪涵,郭德纲,高晓松郭德纲汪涵陈凯歌818男星鲜为人知前妻,0
前妻,姚晨,凌潇肃,凌潇肃与唐一菲及前妻姚晨亲密照片,1
前妻,买红妹,孙楠,孙楠老婆潘蔚PK前妻买红妹（图）,1
前妻,李万祺,童话,周润发前妻余安安与李万祺结束15年婚姻童话,0
前妻,张雨绮,余男,网传与张雨绮早已因前妻余男离婚,0
前妻,周迅,洪晃,陈凯歌前妻洪晃清纯不输周迅,0
前妻,甄子丹,陈凯歌,张学友甄子丹李连杰陈凯歌男星鲜为人知的糟糠前妻,0
前妻,甄珍,林青霞,林青霞谢贤前妻甄珍,0
前妻,董洁,王刚,王大治前妻不输董洁王刚与前妻一见钟情,0
前妻,高原,常宽,常宽爆窦唯前妻高原曾托他说媒找男友,0
前妻,曾轶可,汪峰,汪峰前妻与曾轶可杨紫参演真人秀,0
前妻,杜海涛,何炅,何炅初恋女友汪涵前妻吴昕杜海涛,0
前妻,高晓松,陈凯歌,高晓松郭德纲汪涵陈凯歌818男星鲜为人知前妻,0
前妻,明星,方法,汪峰告白章子怡同样方法追前妻明星情史令人心酸,0
前妻,葛优,马军骧,马军骧给前妻儿子抚养费变成葛优十八万劳务费,0
前妻,马雅舒,风光,前妻马雅舒风光再婚,0
前妻,张宁益,马琳,马琳前妻张宁益写真,1
前妻,苏岩,方敏仪,看苏岩PK罗嘉良前妻方敏仪,0
前妻,章子怡,方法,汪峰告白章子怡同样方法追前妻明星情史令人心酸,0
前妻,王大治,刘晓庆,刘晓庆弃姜文王大治前妻不逊董洁,0
前妻,薛凯琪,周润发,周润发前妻与薛凯琪同游,0
前妻,曾轶可,杨紫,汪峰前妻与曾轶可杨紫参演真人秀,0
前妻,张美瑶,柯俊雄,柯俊雄前妻张美瑶台北去世,1
前妻,金钟,詹仁雄,詹仁雄获金钟向前妻报喜,0
前妻,章子怡,葛荟婕,汪峰章子怡相恋前妻葛荟婕拒祝福,0
前妻,关颖,林子祥,关颖准婆婆是林子祥前妻,0
前妻,林青霞,张天爱,林青霞丈夫前妻张天爱第四次离婚,0
前妻,戴志诚,侯耀文,color="#000000">侯耀文前妻嫁给戴志诚,0
前妻,唐一菲,姚晨,凌潇肃与唐一菲及前妻姚晨亲密照片,0
前妻,刘岩,王菲,刘岩瞿颖周迅不比前妻王菲,0
前妻,林徽因,张幼仪,徐志摩为追林徽因逼前妻张幼仪打胎,0
前妻,马琳,张雅晴,马琳前妻曝张雅晴是小三,0
前妻,田朴珺,江蕙,王石弃前妻王江蕙迷田朴珺,0
前妻,贺子珍,杨开慧,贺子珍如何评价毛泽东前妻杨开慧,0
前妻,小燕子,马琳,马琳前妻与当年“小燕子”擦肩,0
前妻,谢霆锋,王菲,前妻王菲与谢霆锋复合,0
前妻,大使,申奥,大罗前妻出任马德里申奥大使,0
前妻,安以轩,林瑞阳,林瑞阳前妻曾哲贞长相神似安以轩,0
前妻,安德鲁,王子清,安德鲁前妻力保王子清白,0
前妻,罗秀春,邓婕,张国立前妻罗秀春首曝光张默从不叫邓婕“妈妈”,0
前妻,马德里,申奥,大罗前妻出任马德里申奥大使,0
前妻,姜文,汪涵,汪涵姜文钟镇涛谢贤高晓松男星不为人知的前妻,0
前妻,唐一菲,凌潇肃,凌潇肃赞唐一菲女人就该生子是说给前妻姚晨听的,0
前妻,吴越,百合,吴越凭借《前妻》入围百合奖,0
前妻,利智,李连杰,李连杰前妻美艳不输利智,0
前妻,田朴珺,王石,王石弃前妻王江蕙迷田朴珺,0
前妻,林忆莲,李宗盛,李宗盛个唱前妻林忆莲不捧场,1
前妻,王子,文雅丽,丹麦王子变卖庄园供养前妻文雅丽,0
前妻,方敏仪,罗嘉良,罗嘉良前妻方敏仪现状凄惨,1
前妻,沃恩,韦德,韦德与前妻西奥沃恩达成离婚协议,0
前妻,春雷,董卿,网传董卿遭宓春雷前妻多次警告,0
前妻,谢晖,罗志祥,谢晖前妻与罗志祥飙戏,0
前妻,许晋亨,李嘉欣,港媒爆许晋亨背李嘉欣迎前妻何超琼共聚3小时,0
前妻,董洁,戴露,前妻戴露微博首回应董洁“激吻照”,0
前妻,明天,陈泰铭,关之琳否认明天嫁陈泰铭传因怕激怒陈前妻,0
前妻,乔丹,罗德曼,罗德曼前妻pk波霸乔丹,0
前妻,刘德华,胡静,胡静零片酬演刘德华"前妻",0
前妻,姜文,洪晃,陈凯歌前妻洪晃与姜文合作,0
前妻,陈凯歌,郭德纲,高晓松郭德纲汪涵陈凯歌818男星鲜为人知前妻,0
前妻,高晓松,吴莫愁,高晓松26岁前妻撞脸吴莫愁,0
前妻,姚晨,那英,姚晨那英李湘娱乐圈好前妻,0
前妻,汪建民,王美华,曾志伟前妻王美华回应与干儿子汪建民恋情,0
前妻,欧弟,钱枫,汪涵前妻被曝光钱枫小五欧弟浩二,0
前妻,曹燕华,施之皓,施之皓前妻曹燕华,1
前妻,谢贤,高晓松,汪涵姜文钟镇涛谢贤高晓松男星不为人知的前妻,0
前妻,谢贤,钟镇涛,汪涵姜文钟镇涛谢贤高晓松男星不为人知的前妻,0
前妻,章子怡,汪峰,汪峰告白章子怡同样方法追前妻明星情史令人心酸,0
前妻,姜文,董洁,刘晓庆离开姜文王大治前妻赢董洁,0
前妻,贾樟柯,赵涛,贾樟柯与前妻离婚娶赵涛,0
前妻,汪涵,欧弟,汪涵前妻被曝光欧弟钱枫小五,0
前妻,李敖,费翔,费翔怀里的女人就是李敖的前妻胡茵梦,0
前妻,曾哲贞,安以轩,林瑞阳前妻曾哲贞长相神似安以轩,0
前妻,赵本山,王刚,王大治赵本山姜文王刚原配前妻罕见照,0
前妻,窦唯,高原,前妻高原爆料窦唯已三婚,1
前妻,王珂,刘涛,刘涛老公王珂前妻结婚照曝光,0
前妻,李维嘉,汪涵,何炅初恋女友汪涵前妻曝光李维嘉拍拖七年,0
前妻,刘诗诗,马雅舒,刘诗诗被问吴奇隆前妻马雅舒怀孕,0
前妻,刘涛,董洁,刘涛董洁贤妻PK“前妻”,0
前妻,杨紫,汪峰,汪峰前妻与曾轶可杨紫参演真人秀,0
前妻,谢晖,佟晨洁,快男冯铭潮告白谢晖前妻佟晨洁,1
前妻,甄珍,刘家昌,谢贤前妻甄珍与刘家昌闹婚变,0
前妻,张默,张国立,张国立前妻罗秀春首曝光张默从不叫邓婕“妈妈”,0
前妻,施南生,徐克,徐克与前妻施南生一起走红毯,1
前妻,谢贤,刘家昌,谢贤前妻甄珍与刘家昌闹婚变,0
前妻,武松,杜淳,武松前妻成杜淳继母,0
前妻,钱枫,欧弟,欧弟娇妻郑云灿汪涵前妻曝光钱枫小五,0
前妻,郑少秋,官晶华,郑少秋自曝妻子官晶华劝他探前妻沈殿霞,0
前妻,周恩来,朱德,周恩来邓小平为何下令处决朱德前妻,0
前妻,汪涵,何炅,汪涵前妻及何炅初恋女友曝光,0
前妻,姜文,刘晓庆,王大治前妻不输董洁刘晓庆离开姜文,0
前妻,吉格斯,佟晨洁,谢晖前妻佟晨洁最爱吉格斯,0
前妻,杨开慧,毛泽东,贺子珍如何评价毛泽东前妻杨开慧,1
前妻,吴奇隆,刘恺威,杨幂老公刘恺威与吴奇隆前妻马雅舒同居,0
前妻,郑云灿,欧弟,欧弟娇妻郑云灿汪涵前妻曝光钱枫小五,0
前妻,马景涛,马世嫒,马景涛和前妻23岁女儿马世嫒甜美近照曝光,0
前妻,王励勤,谢晖,王励勤女友谢晖前妻同场PK,0
前妻,曾志伟,汪建民,曾志伟前妻王美华恋上汪建民,0
前妻,汪涵,钟镇涛,汪涵姜文钟镇涛谢贤高晓松男星不为人知的前妻,0
前妻,黄晓明,谢晖,谢晖前妻合影黄晓明,0
前妻,王小利,王亮,王小利与前妻19岁儿子王亮近照曝光,0
前妻,吴奇隆,牛郎,网友热议史上最贵牛郎孙志浩配吴奇隆前妻马雅舒,0
前妻,王大治,李连杰,赵本山姜文王大治李连杰原配前妻罕见照,0
前妻,哈林,伊能静,哈林庾澄庆前妻伊能静比基尼泳装照曲线诱人,1
前妻,王菲,李亚鹏,李亚鹏新欢“撞包”前妻王菲,1
前妻,中国,王菲,王菲力挺被赞"中国好前妻",0
前妻,冯铭潮,佟晨洁,谢晖前妻佟晨洁与冯铭潮车震,0
前妻,杨乐乐,陈洁,曝杨乐乐怀孕3月汪涵前妻陈洁照片遭扒,0
前妻,张默,罗秀春,张国立前妻张默亲妈罗秀春首曝光,0
前妻,汪涵,陈凯歌,高晓松郭德纲汪涵陈凯歌818男星鲜为人知前妻,0
前妻,周迅,王菲,刘岩瞿颖周迅不比前妻王菲,0
前妻,赵胤胤,朴树,赵胤胤前妻是朴树初恋女友,0
前妻,王学兵,范冰冰,揭王学兵与前妻冯钰棋孙宁范冰冰情史,0
前妻,开心,周润发,周润发前妻余安安开心搂抱四眼男,0
前妻,邝美云,吕良伟,吕良伟老婆火辣前妻周海媚邝美云,1
前妻,曾哲贞,林瑞阳,林瑞阳与前妻曾哲贞离婚内幕,1
前妻,王大治,王刚,王大治赵本山姜文王刚原配前妻罕见照,0
前妻,赵本山,刘晓庆,赵本山前妻王大治周韵刘晓庆,0
前妻,龚澎,乔冠华,乔冠华前妻龚澎的跌宕人生读书频道,1
前妻,郑中基,陈伟霆,郑中基前妻阿sa陈伟霆试婚盘点女方的八个男友,0
前妻,陈玉珍,朱德,朱德为什么一直给前妻陈玉珍写信,1
前妻,李金,杨澜,杨澜力挺李阳前妻李金,0
前妻,明星,汪峰,汪峰告白章子怡同样方法追前妻明星情史令人心酸,0
前妻,道格拉斯,德拉,道格拉斯与前妻黛安德拉,0
前妻,胡中惠,郭德纲,郭德纲与前妻胡中惠洞房照曝光,1
前妻,瞿颖,刘岩,刘岩瞿颖周迅不比前妻王菲,0
前妻,汪涵,田源,汪涵前妻被曝光田源早结婚,0
前妻,谢晖,方向,方向谢晖前妻表白,0
前妻,钱枫,郑云灿,欧弟娇妻郑云灿汪涵前妻曝光钱枫小五,0
前妻,瞿颖,周迅,刘岩瞿颖周迅不比前妻王菲,0
前妻,周年,谢晖,离婚周年谢晖前妻演话剧,0
前妻,小香玉,王为念,导演王为念谈前妻小香玉,1
前妻,林菁,何炅,何炅初恋女友及汪涵前妻林菁曝光,0
前妻,开心,许晋亨,男友许晋亨与前妻开心在家用晚膳,0
前妻,吕良伟,周海媚,传吕良伟曾动粗打前妻周海媚,1
前妻,吴莫愁,哈林,吴莫愁谈哈林前妻伊能静,0
前妻,瞿颖,王菲,刘岩瞿颖周迅不比前妻王菲,0
前妻,陈心,毛彦文,因与前妻陈心一婚约结识毛彦文,0
前妻,查尔斯,戴安娜,查尔斯肯定不参加纪念前妻戴安娜音乐会,1
前妻,田源,欧弟,汪涵前妻欧弟娇妻曝光钱枫小五浩二田源,0
前妻,刘晓庆,周韵,赵本山前妻王大治周韵刘晓庆,0
前妻,草蜢,蔡一智,“草蜢”成员蔡一智老婆被爆是黑社会老大前妻,0
