同为校花,黄圣依,杨幂,杨幂王珞丹郑爽黄圣依北影当红绝美校花大PK,1
同为校花,樊玲,胡恩绮,李炫臻樊玲胡恩绮图说屌丝最爱异域风校花,1
同为校花,明星,胡静,细数赵薇胡静等美女校花明星的绯闻情事,0
同为校花,白发,黎姿,王宝强娶校花黎姿老公已白发,0
同为校花,杨幂,景甜,杨幂周冬雨郑爽景甜校花恋情揭秘,1
同为校花,姚明,刘翔,姚明刘翔+校花级冠军,0
同为校花,慕蓉,高中,台版“奶茶妹”高中校花慕蓉席卷全台,0
同为校花,舒淇,刘谦,曝刘谦绯闻女友似舒淇是校花,0
同为校花,海霞,周涛,周涛胡蝶海霞美女女主持领衔京城四大艺校校花,1
同为校花,扈三娘,刘筱筱,“中戏新校花”刘筱筱演绎萝莉版“扈三娘”,0
同为校花,陈都灵,章泽天,南航校花陈都灵击败奶茶妹妹章泽天夺最美校花,1
同为校花,上海,陈咏,上海海大校花陈咏薇人气高涨,0
同为校花,小彩旗,李依伊,邓紫棋北影校花李依伊周冬雨小彩旗,0
同为校花,黄圣依,童瑶,童瑶黄圣依韩雪李小冉校花大比拼,1
同为校花,柳岩,北京体育大学,北京体育大学校花童苡萱似柳岩走红,0
同为校花,杨幂,王珞丹,赵薇周冬雨杨幂王珞丹徐静蕾北影校花大揭秘,1
同为校花,唐嫣,郑爽,杨幂赵薇唐嫣章子怡郑爽谁是当之无愧最美校花,1
同为校花,樊玲,貂蝉,北舞校花樊玲扮貂蝉,0
同为校花,许晴,周冬雨,杨幂周冬雨蒋雯丽徐静蕾赵薇许晴北影校花咋成名的,1
同为校花,林心如,董洁,赵薇董洁刘亦菲林心如校花女星青春那些事儿,1
同为校花,米热,阿丽,天科校花阿丽米热,0
同为校花,陈思诚,王宝强,王宝强娶校花娇妻陈思诚传出轨,0
同为校花,林志玲,胡恩绮,川音校花胡恩绮泳装照似林志玲+杨幂,0
同为校花,杨幂,胡静,绝色绯闻校花杨幂林心如胡静,0
同为校花,卢庚戌,温心,卢庚戌打造《怒放2013》“校花”温心被封女神,0
同为校花,卢六六,可人,华中师大最美校花卢六六清秀可人,0
同为校花,魏蔚,马冬晗,陈思彭高唱魏蔚马冬晗马冬昕高校女神级校花学霸,1
同为校花,杨幂,张微,张微杨幂景甜刘亦菲85后中国四大校花美妆大PK,1
同为校花,黄圣依,王珞丹,杨幂王珞丹郑爽黄圣依北影当红绝美校花大PK,1
同为校花,徐静蕾,蒋雯丽,杨幂周冬雨蒋雯丽徐静蕾赵薇许晴北影校花咋成名的,1
同为校花,章泽天,高中,清华校花奶茶妹妹章泽天高中前男友曝光,0
同为校花,小彩旗,周冬雨,邓紫棋北影校花李依伊周冬雨小彩旗,0
同为校花,葛思然,章家瑞,章家瑞首部惊悚影片《远雷》葛思然演富家校花,0
同为校花,王宝强,陆毅,王宝强郑钧佟大为陆毅夏雨的校花美妻,0
同为校花,徐冬冬,丛林,军艺校花徐冬冬化身丛林仙子,0
同为校花,中国,刘亦菲,张微杨幂景甜刘亦菲85后中国四大校花美妆大PK(组图),0
同为校花,翁若青,李嘉欣,上理工校花翁若青被称李嘉欣范冰冰合体,0
同为校花,周杰伦,佟丽娅,周杰伦完婚校花pk苍井空佟丽娅热吻,0
同为校花,中国,波多野结衣,北大校花袁佳怡被讽"中国版波多野结衣",0
同为校花,童瑶,李小冉,童瑶黄圣依韩雪李小冉校花大比拼,1
同为校花,杨幂,徐静蕾,杨幂周冬雨蒋雯丽徐静蕾赵薇许晴北影校花咋成名的,1
同为校花,宋慧乔,钟恩淇,南大校花钟恩淇似宋慧乔,0
同为校花,柳岩,童苡萱,校花童苡萱酷似柳岩,0
同为校花,毕龙欣,古力娜扎,袁佳怡奶茶妹妹毕龙欣古力娜扎高校校花大PK,1
同为校花,温心,黄晓明,深圳大学校花温心搭上黄晓明,0
同为校花,张峻宁,李君懿,张峻宁中戏校花李君懿上演激情戏,0
同为校花,高晓松,李咏,李咏曝高晓松曾恋"校花"孙小梅,0
同为校花,周杰伦,苍井空,周杰伦完婚校花pk苍井空佟丽娅热吻,0
同为校花,岑黎阑,张柏芝,校花前女友岑黎阑美过张柏芝,0
同为校花,李小冉,韩雪,童瑶黄圣依韩雪李小冉校花大比拼,1
同为校花,杨幂,许晴,杨幂周冬雨蒋雯丽徐静蕾赵薇许晴北影校花咋成名的,1
同为校花,方法,章泽天,清华校花章泽天微博晒美白方法遭疯传,0
同为校花,张柏芝,王婉中,北影校花王婉中神似张柏芝,0
同为校花,王宝强,黎姿,王宝强娶校花黎姿老公已白发,0
同为校花,赵薇,许晴,杨幂周冬雨蒋雯丽徐静蕾赵薇许晴北影校花咋成名的,1
同为校花,海陆,李亚鹏,李亚鹏盛赞校花海陆,0
同为校花,彭高唱,陈思,陈思彭高唱魏蔚马冬晗马冬昕高校女神级校花学霸,1
同为校花,刘亦菲,蒋雯丽,杨幂蒋雯丽赵薇刘亦菲曾经的北影校花,1
同为校花,金泰熙,颖儿,酷似金泰熙的校花颖儿－搜学网,0
同为校花,沈音,刘萌萌,沈音校花刘萌萌灵动大眼,0
同为校花,黄圣依,韩雪,童瑶黄圣依韩雪李小冉校花大比拼,1
同为校花,范冰冰,终结者,范冰冰艺校校花自称"校花终结者",0
同为校花,黄灿灿,李炫臻,潘春春黄灿灿樊玲李炫臻图揭高校校花,1
同为校花,高晓松,孙小梅,李咏曝高晓松曾恋"校花"孙小梅,0
同为校花,全智贤,赵薇,PK唐嫣赵薇全智贤气质校花,1
同为校花,楚楚,宋佳,宋佳22岁校花女儿楚楚私房自拍美照曝光,0
同为校花,韩鹿,杨子,杨子力捧新人韩鹿子夜中国校花大赛夺冠,0
同为校花,樊玲,黄灿灿,潘春春黄灿灿樊玲李炫臻图揭高校校花,1
同为校花,古力娜扎,黄灿灿,黄灿灿奶茶妹妹章泽天古力娜扎高校校花比拼,1
同为校花,彭高唱,魏蔚,陈思彭高唱魏蔚马冬晗马冬昕高校女神级校花学霸,1
同为校花,夏雨,陆毅,王宝强郑钧佟大为陆毅夏雨的校花美妻,0
同为校花,中国,景甜,张微杨幂景甜刘亦菲85后中国四大校花美妆大PK,0
同为校花,刘亦菲,张墨丰,校花张墨丰杨幂刘亦菲,1
同为校花,范冰冰,李嘉欣,上理工校花翁若青被称李嘉欣范冰冰合体,0
同为校花,张微,刘亦菲,张微杨幂景甜刘亦菲85后中国四大校花美妆大PK,1
同为校花,景甜,刘亦菲,杨幂刘诗诗景甜刘亦菲忆校花发迹史,1
同为校花,本色,陈梦园,最“本色”校花陈梦园,0
同为校花,徐静蕾,许晴,杨幂周冬雨蒋雯丽徐静蕾赵薇许晴北影校花咋成名的,1
同为校花,刘诗诗,郑爽,郑爽刘诗诗奶茶MM校花女神,1
同为校花,白发,王宝强,王宝强娶校花黎姿老公已白发,0
同为校花,刘诗诗,杨幂,北影学霸校花李依伊秒杀杨幂刘诗诗,0
同为校花,章子怡,郭晶晶,曝章子怡郭晶晶等明星校花座驾（组图）(第3页),1
同为校花,夏雨,郑钧,王宝强郑钧佟大为陆毅夏雨的校花美妻,0
同为校花,李多海,金娜娜,李多海金娜娜具惠善揭秘韩国校花,1
同为校花,苍井空,佟丽娅,周杰伦完婚校花pk苍井空佟丽娅热吻,0
同为校花,章子怡,范冰冰,章子怡赵薇刘亦菲范冰冰揭校花女星那些事,1
同为校花,刘亦菲,范冰冰,章子怡赵薇刘亦菲范冰冰揭校花女星那些事,1
同为校花,翁若青,范冰冰,上理工校花翁若青被称李嘉欣范冰冰合体,0
同为校花,赵薇,杨幂,杨幂周冬雨蒋雯丽徐静蕾赵薇许晴北影校花咋成名的,1
同为校花,周海媚,潘春春,似周海媚范冰冰潘春春图揭高校校花,0
同为校花,章子怡,明星,曝章子怡郭晶晶等明星校花座驾,0
同为校花,中国,杨子,杨子力捧新人韩鹿子夜中国校花大赛夺冠(组图),0
同为校花,赵薇,刘烨,北影校花景甜出演赵薇刘烨爱情结晶,0
同为校花,钱进,袁佳怡,北大校花选美冠军袁佳怡400分进北大砸钱进哈佛,0
同为校花,王燕,杨幂,北影校花李依伊酷似杨幂和王燕,0
同为校花,王宝强,郑钧,王宝强郑钧佟大为陆毅夏雨的校花美妻,0
同为校花,杨澜,董卿,揭秘董卿杨澜等是那校的知名校花,1
同为校花,蔡依林,董洁,蔡依林董洁刘亦菲赵薇校花女星青春那些事儿,1
同为校花,陈都灵,康逸琨,黄灿灿陈都灵奶茶妹康逸琨等五大著名校花PK,1
同为校花,出线,韩一菲,北影校花韩一菲献承诺男篮出线将全裸(组图),0
同为校花,许晴,徐静蕾,许晴赵薇徐静蕾北影历届校花秘闻大曝光（图）,1
同为校花,邓紫棋,小彩旗,邓紫棋北影校花李依伊周冬雨小彩旗,0
同为校花,李小璐,杨幂,李小璐刘诗诗杨幂唐嫣最新内地校花人气排行,1
同为校花,佟大为,王宝强,王宝强郑钧佟大为陆毅夏雨的校花美妻,0
同为校花,高晓松,王宝强,郑钧高晓松王宝强佟大为爱校花,0
同为校花,明星,菅韧姿,中戏校花菅韧姿具有明星气质,0
同为校花,马冬昕,魏蔚,陈思彭高唱魏蔚马冬晗马冬昕高校女神级校花学霸,1
同为校花,樊玲,李炫臻,李炫臻樊玲胡恩绮图说屌丝最爱异域风校花,1
同为校花,岑黎阑,撒贝宁,撒贝宁校花女友岑黎阑曝光,0
同为校花,赵薇,明星,唐嫣点评明星校花称章子怡远胜赵薇刘亦菲,0
同为校花,马蓉,王宝强妻子,王宝强妻子马蓉大妈又变校花,0
同为校花,金泰熙,朴敏英,朴敏英金泰熙徐贤允儿盘点韩国白富美校花,1
同为校花,林志玲,程思,湖南科大校花程思酷似林志玲受追捧,0
同为校花,朴敏英,徐贤,朴敏英金泰熙徐贤允儿盘点韩国白富美校花,1
同为校花,杨幂,刘诗诗,杨幂刘诗诗忆校花发迹史,1
同为校花,王哲,庞龙,庞龙王哲演唱十大金曲《校花》,0
同为校花,全智贤,唐嫣,PK唐嫣赵薇全智贤气质校花,1
同为校花,明星,代斯,中戏校花代斯写真十足明星范儿,0
同为校花,张洪艺,佟丽娅,北舞校花张洪艺撞脸佟丽娅黎姿,0
同为校花,夏雨,佟大为,王宝强郑钧佟大为陆毅夏雨的校花美妻,0
同为校花,张雨绮,赵薇,盘点张雨绮赵薇等历届明星校花清纯照（组图）,1
同为校花,马思纯,蒋雯丽,蒋雯丽外甥女马思纯被誉两岸最美校花,0
同为校花,中国,郭佳媛,厦大校花郭佳媛获封中国第一啦啦宝贝,0
同为校花,杨幂,孟娇霞,东华大学校花“小杨幂”孟娇霞助阵巴西世界杯,0
同为校花,赵薇,蒋雯丽,杨幂周冬雨蒋雯丽徐静蕾赵薇许晴北影校花咋成名的,1
同为校花,魏蔚,陈思,陈思彭高唱魏蔚马冬晗马冬昕高校女神级校花学霸,1
同为校花,高原,曲尼次仁,高原阳光美丽的西藏大学校花曲尼次仁,0
同为校花,章子怡,赵薇,赵薇刘亦菲章子怡那些年我们追过的校花（25）,1
同为校花,范冰冰,赵薇,章子怡赵薇刘亦菲范冰冰揭校花女星那些事,1
同为校花,邓紫棋,周冬雨,邓紫棋北影校花李依伊周冬雨小彩旗,0
同为校花,马冬晗,陈思,陈思彭高唱魏蔚马冬晗马冬昕高校女神级校花学霸,1
同为校花,李依伊,刘诗诗,北影学霸校花李依伊完胜杨幂刘诗诗,0
同为校花,黄圣依,杨子,北影校花蹿红太像黄圣依被杨子看中,0
同为校花,高晓松,郑钧,郑钧高晓松王宝强佟大为爱校花,0
同为校花,古力娜扎,袁佳怡,黄灿灿章泽天袁佳怡古力娜扎高校校花容貌学业pk,1
同为校花,李依伊,史艳,北影校花李依伊成长史艳杀群芳,0
同为校花,允儿,朴敏英,朴敏英金泰熙徐贤允儿盘点韩国白富美校花(图),1
同为校花,风光,明星,明星校花谁最风光,0
同为校花,林允儿,李孝利,长腿萌妹媲美全智贤林允儿李孝利韩国校花,1
同为校花,金娜娜,具惠善,李多海金娜娜具惠善揭秘韩国校花,1
同为校花,郭晶晶,明星,曝章子怡郭晶晶等明星校花座驾,1
同为校花,赵艺涵,可爱,中戏校花赵艺涵俏皮可爱,0
同为校花,范冰冰,潘春春,似周海媚范冰冰潘春春图揭高校校花,0
同为校花,章子怡,唐嫣,杨幂赵薇唐嫣章子怡郑爽谁是当之无愧最美校花,1
同为校花,范冰冰,樊玲,北师大校花樊玲似周海媚范冰冰潘春春－国内新闻－齐鲁晚报网,0
同为校花,马冬昕,陈思,陈思彭高唱魏蔚马冬晗马冬昕高校女神级校花学霸,1
同为校花,刘亦菲,明星,盘点刘亦菲赵薇等10大明星校花的暧昧史,0
同为校花,吴倩,大神,武大校花吴倩PK校花级大神,0
同为校花,章泽天,白皙,清华校花章泽天打棒球露白皙美腿,0
同为校花,章泽天,袁佳怡,黄灿灿章泽天袁佳怡古力娜扎高校校花容貌学业pk,1
同为校花,陆毅,郑钧,王宝强郑钧佟大为陆毅夏雨的校花美妻,0
同为校花,杨幂,刘亦菲,杨幂刘诗诗景甜刘亦菲忆校花发迹史（36）,1
同为校花,董洁,赵薇,蔡依林董洁刘亦菲赵薇校花女星青春那些事儿,1
同为校花,倪震,张茆,和倪震舌吻甜姐儿校花张茆暴红,0
同为校花,全智贤,李孝利,长腿萌妹媲美全智贤林允儿李孝利韩国校花,1
同为校花,张兆和,沈从文,“文豪”沈从文与“校花”张兆和的情史,0
同为校花,毛人凤,戴笠,毛人凤诱导校花献身戴笠,0
同为校花,徐静蕾,周冬雨,杨幂周冬雨蒋雯丽徐静蕾赵薇许晴北影校花咋成名的,1
同为校花,黄灿灿,潘春春,潘春春黄灿灿樊玲李炫臻图揭高校校花,1
同为校花,佟丽娅,张翰,揭秘张翰与佟丽娅同班校花级女神张帆恋情始末,0
同为校花,章子怡,涂经纬,涂经纬章子怡广院校花,1
同为校花,李炫臻,潘春春,潘春春黄灿灿樊玲李炫臻图揭高校校花,1
同为校花,赵薇,唐嫣,杨幂赵薇唐嫣章子怡郑爽谁是当之无愧最美校花,1
同为校花,刘梦夏,邢雅洁,邢雅洁刘梦夏张安琪揭高校校花学霸,1
同为校花,段奕宏,王瑾,40岁男星段奕宏校花妻子王瑾私房照曝光,0
同为校花,池方圆,颖儿,集美大学校花池方圆酷似颖儿,0
同为校花,胡蝶,周涛,周涛胡蝶海霞美女女主持领衔京城四大艺校校花,1
同为校花,彭高唱,马冬晗,陈思彭高唱魏蔚马冬晗马冬昕高校女神级校花学霸,1
同为校花,杨幂,蒋雯丽,杨幂周冬雨蒋雯丽徐静蕾赵薇许晴北影校花咋成名的,1
同为校花,李咏,孙小梅,李咏曝高晓松曾恋"校花"孙小梅,0
同为校花,景甜,张微,张微杨幂景甜刘亦菲85后中国四大校花美妆大PK,1
同为校花,黄灿灿,袁佳怡,黄灿灿章泽天袁佳怡古力娜扎高校校花容貌学业pk,1
同为校花,胡蝶,海霞,周涛胡蝶海霞美女女主持领衔京城四大艺校校花,1
同为校花,杨幂,胡恩绮,川音校花胡恩绮撞脸景甜杨幂,0
同为校花,章子怡,刘亦菲,赵薇刘亦菲章子怡那些年我们追过的校花,1
同为校花,童安格,童玉谖,童安格17岁校花女儿童玉谖曝惊艳私房照,0
同为校花,王宝强,马蓉,王宝强校花妻子马蓉逛玩具城,0
同为校花,杨颖,黄晓明,黄晓明甩杨颖移情22岁校花,0
同为校花,佟丽娅,黎姿,北舞校花张洪艺撞脸佟丽娅黎姿,0
同为校花,文欣,可人,暨南校花余文欣高挑可人,0
