同居,吴奇隆,上海,吴奇隆刘诗诗被曝上海同居,0
同居,谢楠,吴京,吴京谢楠疑相恋同居,1
同居,张翰,花花,郑爽张翰同居杨颖黄晓明劈腿新生代女星花花情史,0
同居,刘翔,江帆,江帆自曝与刘翔“同居”的日子,1
同居,黄立行,徐静蕾,徐静蕾黄立行在台湾同居,1
同居,李泽楷,廖碧儿,曝廖碧儿狠心踢走陈豪与李泽楷表弟闪电同居,0
同居,胡杏儿,黄子华,《临时同居》张学友加盟变身精明律师胡杏儿黄子华成黄金配角,0
同居,张翰,刘诗诗,郑爽张翰同居杨幂刘诗诗成正果,0
同居,秦昊,伊能静,曝伊能静与小10岁秦昊同居,1
同居,昆凌,周杰伦,昆凌周杰伦同居惹毛粉丝,1
同居,阿杜,林宇中,林宇中自曝曾与阿杜“同居”,0
同居,施祖男,邵美琪,施祖男邵美琪同居,1
同居,张雨绮,范冰冰,张雨绮未失身范冰冰王学圻斥同居谣言,0
同居,赵卓娜,韩寒,酒店员工曝韩寒赵卓娜“同居”,0
同居,桂纶镁,戴立忍,23岁桂纶镁与41岁戴立忍隐匿同居生活被曝,1
同居,陈红,沈星,沈星迷倒陈红老公倪萍陈凯歌同居,0
同居,程前,董卿,董卿程前同居5年,1
同居,章子怡,释小龙,释小龙章子怡揭同居试婚明星,0
同居,王学兵,张芊芊,王学兵深夜携张芊芊同居,1
同居,赵丽颖,张翰,赵丽颖张翰同居,1
同居,关喆,毛宁,好声音关喆曾与毛宁"同居",0
同居,王珈晴,杜德伟,王珈晴拒与杜德伟同居,0
同居,刘恺威,吴奇隆,刘恺威否认与吴奇隆前妻同居,0
同居,郑爽,刘诗诗,传刘诗诗吴奇隆同居张翰郑爽领证,0
同居,谢霆锋,张柏芝,谢霆锋否认与张柏芝同居,0
同居,叶璇,霍建华,叶璇霍建华秘恋一年同居（组图）,1
同居,章泽天,刘强东,曝奶茶妹妹章泽天与刘强东同居,1
同居,王学兵,范冰冰,范冰冰王学兵被曝已同居,1
同居,汪峰,上海,章子怡汪峰上海疑同居,1
同居,陈思成,佟丽娅,佟丽娅陈思成同居被偷拍照片曝光(图),1
同居,郑琪,封腾,封腾杉杉同居郑琪丽抒一夜情,0
同居,乔任梁,春晓,乔任梁春晓加盟《与时尚同居》,0
同居,易建联,李亚红,易建联女友李亚红自曝二人早已同居,1
同居,何泓姗,杨玏,杨玏沈晓棠同居何泓姗堕胎乔燃回归林嘉茉接受宋宁,0
同居,张杰,明星,细数张杰谢娜等同居不结婚的明星,0
同居,杨幂,宋茜,宋茜昌珉曝恋情杨幂刘恺威同居,0
同居,张杰,谢娜,细数张杰谢娜等同居不结婚的明星,1
同居,范晓萱,黄贯中,范晓萱自言从未“假唱”黄贯中否认与朱茵同居,0
同居,郑爽,张翰,传刘诗诗吴奇隆同居张翰郑爽领证,0
同居,耿乐,柯蓝,七年恋人柯蓝与耿乐秘密同居,1
同居,许晴,郑爽,《花儿与少年》张翰与许晴同居郑爽被甩,0
同居,李娜英,元斌,元斌李娜英半同居,1
同居,黄子华,胡杏儿,《临时同居》曝众黄金配角张学友姜武胡杏儿黄子华甘当绿叶,0
同居,杨颖,花花,郑爽张翰同居杨颖黄晓明劈腿新生代女星花花情史,0
同居,妻夫木聪,柴咲幸,妻夫木聪柴咲幸同居,1
同居,林忆莲,恭硕良,林忆莲恭硕良同居公开,1
同居,谢霆锋,何来,谢霆锋未与王菲“同居”何来分居,0
同居,李治廷,范冰冰,范冰冰李治廷疑似同居照流出,1
同居,吴奇隆,郑爽,刘诗诗吴奇隆同居张翰郑爽领证,0
同居,杨颖,郑爽,郑爽张翰同居杨颖黄晓明劈腿,0
同居,吴昕,海涛,吴昕曝曾与海涛同居一年,1
同居,王珞丹,李光洁,李光洁王珞丹被传同居,1
同居,马雅舒,刘恺威,杨幂新男友刘恺威曾与马雅舒同居给吴奇隆戴绿帽,1
同居,林峰,杨采妮,曝林峰秘与“翻版杨采妮”吴千语恋爱同居,0
同居,章子怡,归来,汪峰章子怡东京游玩归来就同居,0
同居,赵又廷,高圆圆,刘恺威求婚赵又廷高圆圆同居试婚,1
同居,王未,何来,谢与王未"同居"何来"分居",0
同居,陶子,李李仁,李李仁谈与陶子首次同居,1
同居,张学友,胡杏儿,《临时同居》张家辉张学友姜武胡杏儿玩临时同居,0
同居,张翰,郑爽,郑爽张翰同居杨颖劈腿黄晓明,1
同居,谢联,李铁,去谢联纯属谣言李铁归国家队与第1帅哥“同居”,0
同居,陆小曼,徐志摩,徐志摩死后陆小曼与她的好友翁瑞午同居内情,0
同居,释小龙,赫子铭,何洁赫子铭相恋曾与释小龙同居,0
同居,胡杏儿,黄宗泽,传胡杏儿黄宗泽同居深夜扰邻,1
同居,杜海涛,吴昕,传吴昕杜海涛结婚前先同居,1
同居,张学友,张家辉,《临时同居》张家辉张学友姜武胡杏儿玩临时同居,1
同居,徐亮,曹添堡,曹添堡徐亮同居首,1
同居,溥仪,战犯,溥仪李玉琴战犯管理所同居,0
同居,杜如风,王菀之,王菀之跟杜如风旧爱同居,0
同居,倪萍,沈星,沈星迷倒陈红老公倪萍陈凯歌同居,0
同居,黄晓明,张翰,郑爽张翰同居杨颖劈腿黄晓明,0
同居,董洁,潘粤明,曝潘粤明董洁复合同居,1
同居,杨幂,余文乐,杨幂演90后性感空姐与余文乐同居,1
同居,李尚顺,李孝利,李孝利与李尚顺半同居,1
同居,刘诗诗,刘恺威,曝刘诗诗吴奇隆同居杨幂刘恺威结婚,0
同居,莫文蔚,冯德伦,莫文蔚否认与冯德伦同居,0
同居,杨幂,华汉,杨幂与富二代华汉陷“同居门”杨幂私密照全记录,1
同居,师洋,柳岩,柳岩自曝曾与师洋同居,1
同居,吴奇隆,霍建华,刘诗诗吴奇隆同居霍建华情定娄艺潇,0
同居,田朴珺,刘强东,奶茶妹刘强东同居王石恋上田朴珺,0
同居,陈凯歌,陈红,沈星迷倒陈红老公倪萍陈凯歌同居,0
同居,孙俪,邓超,孙俪邓超别墅同居,1
同居,陈凯歌,沈星,沈星迷倒陈红老公倪萍陈凯歌同居,0
同居,贾晓晨,樊少皇,贾晓晨包吃住行与樊少皇同居,1
同居,应采儿,顾里,《北京傲客》“乡土版”应采儿与顾里同居,1
同居,章子怡,上海,章子怡汪峰上海疑同居,0
同居,吴奇隆,刘诗诗,吴奇隆刘诗诗住同栋大厦疑同居,1
同居,中国,关喆,《中国好声音》关喆与毛宁关系暧昧非同一般被爆同居,0
同居,洪金宝,范冰冰,曝范冰冰洪金宝同居曾流产,1
同居,叶一茜,田亮,田亮叶一茜同居,1
同居,田朴珺,王石,奶茶妹刘强东同居王石恋上田朴珺,0
同居,黄贯中,朱茵,黄贯中否认与朱茵同居,0
同居,鲁豫,许戈辉,窦文涛自曝与许戈辉鲁豫“同居情”,0
同居,霍启刚,郭晶晶,郭晶晶进霍家过夜跟霍启刚同居,1
同居,吴奇隆,马雅舒,杨幂新男友刘恺威曾与马雅舒同居给吴奇隆戴绿帽(图),0
同居,蒙嘉慧,郑伊健,蒙嘉慧承认与郑伊健同居,1
同居,杨幂,马雅舒,杨幂新男友刘恺威曾与马雅舒同居给吴奇隆戴绿帽(图),0
同居,李玹雨,雪莉,珉豪雪莉感情升温李玹雨参与“同居”生活,1
同居,王志文,徐帆,传徐帆曾与王志文相恋同居,1
同居,许晋亨,李嘉欣,李嘉欣反口愿嫁许晋亨不赞成同居,0
同居,陈红,倪萍,沈星迷倒陈红老公倪萍陈凯歌同居,0
同居,李安,章子怡,盘点与章子怡"同居"的9个男人李安成龙皆有染,1
同居,释小龙,何洁,何洁赫子铭相恋曾与释小龙同居,1
同居,黄晓明,花花,郑爽张翰同居杨颖黄晓明劈腿新生代女星花花情史,0
同居,朱孝天,吴亚馨,朱孝天吴亚馨已同居,1
同居,中国,明星,中国版明星家族的2天1夜播出韩庚李菲儿同居,0
同居,杨颖,黄晓明,郑爽张翰同居杨颖黄晓明劈腿,0
同居,唐嫣,郑爽,郑爽张翰同居唐嫣Angelababy劈腿,0
同居,杨紫,白举纲,杨紫白举纲无奈“同居”,1
同居,张家辉,郑秀文,《临时同居》杀青张家辉郑秀文首演情侣,0
同居,赖铭伟,黄美珍,赖铭伟黄美珍“同居”,1
同居,黄晓明,郑爽,郑爽张翰同居杨颖黄晓明劈腿,0
同居,中国,毛宁,中国好声音关喆自曝与毛宁同居,0
同居,倪妮,冯绍峰,冯绍峰倪妮恋爱同居,1
同居,许志安,梁汉文,梁汉文谈许志安郑秀文同居,0
同居,谢娜,刘烨,谢娜刘烨同居亲密照曝光,1
同居,舒淇,张震,张震否认与舒淇秘密同居,0
同居,杨颖,张翰,郑爽张翰同居杨颖黄晓明劈腿,0
同居,李沁,华汉,曝李沁与华汉同居,1
同居,韩庚,明星,中国版明星家族的2天1夜播出韩庚李菲儿同居,0
同居,何洁,释小龙,释小龙何洁同居生活曝光,1
同居,陶红,黄磊,黄磊陶红意外“同居”,1
同居,张雨绮,刘涛,张雨绮与刘涛老公王珂同居,0
同居,张杰,金秀贤,勾引张杰与金秀贤同居,0
同居,赫子铭,何洁,何洁赫子铭相恋曾与释小龙同居,0
同居,刘诗诗,霍建华,刘诗诗吴奇隆同居霍建华情定娄艺潇,0
同居,杨幂,冯绍峰,杨幂同居男友不是冯绍峰,0
同居,杨树鹏,张歆艺,杨树鹏张歆艺同居曝背景,1
同居,向井理,国仲凉子,向井理被曝与国仲凉子已半同居,1
同居,章子怡,明星,释小龙章子怡揭同居试婚明星,0
同居,邱泽,李晟,《红酒俏佳人》李晟邱泽同居囧事不断新闻频道,1
同居,孙楠,辛欣,辛欣孙楠分手后仍同居,1
同居,许戈辉,窦文涛,窦文涛自曝曾与许戈辉鲁豫三人“同居”,0
同居,张翰,唐嫣,郑爽张翰同居唐嫣Angelababy劈腿,0
同居,汪峰,家人,章子怡汪峰同居遭章家人反对,0
同居,杨幂,张翰,郑爽张翰同居杨幂刘诗诗成正果,0
同居,殷桃,李光洁,网曝殷桃李光洁同居出入酒店被拍,1
同居,范悦,纪英男,副司长范悦未离婚即与纪英男同居,1
同居,刘德华,朱丽倩,曝刘德华与朱丽倩同居,1
同居,章子怡,撒贝宁,章子怡撒贝宁被曝买海景豪宅同居,1
同居,容祖儿,胡歌,容祖儿想跟胡歌同居,0
同居,矢口真里,梅田贤三,日媒曝矢口真里或已与男模梅田贤三同居,1
同居,张馨予,韩寒,韩寒偷情证据曝光张馨予同居,1
同居,杨幂,郑爽,郑爽张翰同居杨幂刘诗诗成正果,0
同居,吴奇隆,张翰,刘诗诗吴奇隆同居张翰郑爽领证,0
同居,蔡卓妍,陈伟霆,陈伟霆与蔡卓妍试半同居,1
同居,刘诗诗,上海,吴奇隆刘诗诗被曝上海同居,0
同居,王媞,肖钦,曝王媞与肖钦同居时未离婚,1
同居,陆川,秦岚,陆川秦岚甜蜜同居,1
同居,谢霆锋,周迅,谢霆锋周迅热恋同居,1
