同学,孙立杰,成立,驻哈巴罗夫斯克总领事孙立杰出席远东国立人文大学东方语言系成立15周年庆祝晚会,0
同学,何平,向日葵女孩,“向日葵女孩”何平带着弟弟上大学,0
同学,李敖,王菲,王菲祖父王兆民和李敖是同学,0
同学,乌斯,孔子,驻罗马尼亚大使刘增文出席康斯坦察奥维迪乌斯大学孔子课堂揭牌仪式,0
同学,高克祥,大使,驻安哥拉大使高克祥访问内图大学,0
同学,中国,朱邦造,中国驻瑞士大使朱邦造出席苏黎世大学论坛活动并发表演讲,0
同学,艾青,周年,加德满都大学举办庆祝中尼建交50周年艾青诗歌朗诵会,0
同学,袁弘,明星,文章唐嫣胡歌袁弘景甜郑爽这些明星竟然是同学,0
同学,哈里,高燕平,驻以色列大使高燕平访问希伯来大学哈里杜鲁门促进和平研究所,0
同学,王克,大使,驻巴巴多斯大使王克会见西印度大学凯夫希尔校区校长及中国政法大学代表团,0
同学,孔子,孔子诞辰,美大学放映电影《孔子》纪念孔子诞辰,0
同学,金正恩,金韩松,金正恩侄子金韩松在警察保护下现身法国一大学,0
同学,宋法棠,王彬,宋法棠给王彬同学回信中殷殷教诲,0
同学,莫尼,田长春,驻亚美尼亚大使田长春辞行拜会埃里温国立大学校长西莫尼扬,0
同学,程文,大使,驻拉脱维亚大使程文举赴维泽梅应用科学大学访问并看望我志愿者教师,0
同学,胡军,明星,明星同学聚首整胡军没脾气,0
同学,金日成,施密特,施密特到访朝鲜金日成大学,0
同学,雪姨,周杰,雪姨王琳和"尔康"周杰是同学,0
同学,杨幂,赵普,文章唐嫣村长赵普陈赫郑恺杨幂袁珊珊竟然是同学,1
同学,王菲,管彤,王菲和管彤竟是同学,1
同学,王阳,冯鹏,王阳张铎冯鹏同窗聚首,1
同学,戴维,汪洋,汪洋王鸿举7日会见美国韦德纳大学董事长戴维先生,0
同学,李冰冰,任泉,李冰冰及任泉同学窗好友刘晓虎神秘落户华谊,1
同学,陈国坤,六小龄童,六小龄童陈国坤大学聚首,1
同学,刘欢,何炅,看刘欢何炅等当大学老师明星,0
同学,林志玲,张靓颖,看林志玲邓超张靓颖文章等明星秀自己的大学神秘爱恋,0
同学,时光,赵薇,赵薇黄晓明难得一见的北影大学时光毕业照,0
同学,时光,林园,林园薛之谦成银幕情侣演《一只狗的大学时光》,0
同学,霍玉珍,成立,中国驻捷克大使霍玉珍出席帕拉斯基大学孔子学院成立仪式,0
同学,俞正声,成立,俞正声袁贵仁韩正为上海开放大学成立发来贺信,0
同学,于正,冯绍峰,冯绍峰于正佟大为是同学,1
同学,刘芳菲,倪萍,董卿倪萍刘芳菲盘点历届春晚美女主持,0
同学,房利,大使,驻摩尔多瓦大使房利邀请摩自由国际大学及孔子学院客人来馆做客,0
同学,杨幂,陈赫,文章唐嫣村长赵普陈赫郑恺杨幂袁珊珊竟然是同学,1
同学,周总理,泰戈尔,印度泰戈尔国际大学现周总理53年前亲笔题词画集,0
同学,大使,哈立德,驻沙特大使李成文赴沙特哈立德国王大学项目调研,0
同学,娄烨,王小帅,王小帅娄烨系其同学,1
同学,林志玲,赵薇,刘诗诗刘亦菲林志玲赵薇大学毕业清纯照首次公开,0
同学,孔子,韩国人,韩国梨花大学教授称孔子西施李时珍全是韩国人,0
同学,景甜,唐嫣,文章唐嫣胡歌袁弘景甜郑爽这些明星竟然是同学,1
同学,王之,徐小小,超级无敌江湖人称灌王之王的徐小小同学那里去了,0
同学,孝敬,大学生,大学生偷同学手机“孝敬”女友,0
同学,孟非,孟星亚,孟非16岁女儿孟星亚私照曝光妻子中学同学,0
同学,夏姆斯,武春华,驻埃及大使武春华出席向艾因夏姆斯大学赠送教学设备交接仪式,0
同学,陆毅,杨威,陆毅黄磊大学定情杨威老婆体操队长,0
同学,明星,文章,文章白百合唐嫣中戏02级明星班同学大汇集(图),0
同学,李华林,周滨,周滨就读大学由李华林一手安排(1),0
同学,李军,大使,中国驻孟加拉国大使李军应邀在孟南北大学发表演讲,0
同学,薛枭,可乐男孩,“可乐男孩”薛枭大学毕业,0
同学,中国,武书连,武书连2012中国大学毕业生质量前10名,0
同学,唐嫣,郑爽,文章唐嫣胡歌袁弘景甜郑爽这些明星竟然是同学（四）,1
同学,阳明,大学生,台湾阳明大学和西交大大学生来山村卫生普教,0
同学,王宁,刘纯燕,刘纯燕与王宁大学亲密照曝光,1
同学,哈基姆,阿卜杜勒,驻也门大使常华会见萨那大学校长阿卜杜勒哈基姆,0
同学,冯绍峰,佟大为,冯绍峰于正佟大为是同学,1
同学,刘增文,孔子,驻罗马尼亚大使刘增文出席康斯坦察奥维迪乌斯大学孔子课堂揭牌仪式,0
同学,刘国正,明星,刘国正也曾被上海交大清退大学不需“挂名”明星,0
同学,徐帆,何冰,徐帆与胡军何冰同学聚餐不忘打包(组图),1
同学,黄磊,杨威,陆毅黄磊大学定情杨威老婆体操队长,0
同学,詹姆斯,库克,专访澳洲詹姆斯库克大学新加坡校区,0
同学,文章,袁弘,文章唐嫣胡歌袁弘景甜郑爽这些明星竟然是同学,1
同学,王金战,高三,教育名家王金战给高三同学的一封信,0
同学,文章,杨幂,文章唐嫣村长赵普陈赫郑恺杨幂袁珊珊竟然是同学,1
同学,赵薇,郑爽,郑爽刘亦菲杨幂赵薇女星大学初恋情人曝光,0
同学,成立,国家,国家开放大学西安分部成立,0
同学,大使,杜鲁门,驻以色列大使高燕平访问希伯来大学哈里杜鲁门促进和平研究所,0
同学,林国荣,王国,林国荣大学授予莱索托王国首相帕卡利塔,0
同学,袁珊珊,唐嫣,文章唐嫣村长赵普陈赫郑恺杨幂袁珊珊竟然是同学,1
同学,金诺,郑锦桥,热烈祝贺中金诺财富董事长郑锦桥先生荣获澳洲麦格理大学客座教授荣誉,0
同学,成功,薛之谦,《一只狗的大学时光》优质偶像薛之谦成功转型,0
同学,霍玉珍,大使,驻捷克大使霍玉珍在布拉格经济大学发表演讲,0
同学,姚明,高中,姚明老师竟是高中同学,0
同学,玉墨,倪妮,《十三钗》"玉墨"倪妮被曝与大学男友主动分手,0
同学,罗伊特,贝格,德国拜罗伊特大学取消国防部长古滕贝格博士学位头衔,0
同学,罗兰,大使,肖千大使出席匈牙利罗兰大学东亚学院成立90周年暨匈汉学家陈国教授90岁生日庆典仪式,0
同学,中国,吴思科,中国驻埃及大使吴思科出席埃明尼亚大学语言学院第四届国际研讨会,0
同学,大使,陈京华,驻牙买加大使陈京华在西印度大学发表演讲,0
同学,吴红波,中国,吴红波大使在柏林自由大学“中国周”开幕式活动上的致辞,0
同学,中国,朱拉隆功,记中国大使在泰国最高学府朱拉隆功大学的演讲,0
同学,大使,刘古昌,刘古昌大使介绍在俄大学火灾中中国学生受难情况,0
同学,刘牧,赵薇,赵薇同窗刘牧爱子娇妻首曝光,1
同学,黄浦,大学生,汉中职业技术学院黄浦同学勇夺省大学生田径运动会百米冠军,0
同学,谷歌,施密特,谷歌董事长施密特给大学毕业生的8个建议,0
同学,上海,任书良,任书良先生荣誉皇家大学法学博士学位庆贺晚宴在上海隆重举行,0
同学,安德鲁,王子,李长春会见英国约克公爵安德鲁王子并参观考察伦敦南岸大学中医孔子学院,0
同学,成功,应向阳,应向阳为啥能成功听听老师同学咋说,0
同学,佟丽娅,杨幂,曝陈思诚抛佟丽娅出轨杨幂同学,0
同学,袁珊珊,杨幂,文章唐嫣村长赵普陈赫郑恺杨幂袁珊珊竟然是同学,1
同学,杜威,王霄,杜威王霄组合乃历届最差,0
同学,李冰冰,陆毅,同学李冰冰陆毅忆旧情,1
同学,中国,王晨,国新办主任王晨为日本创价大学中国图书馆揭牌,0
同学,许可,中学生,据统计以色列中学生取得大学入学许可者不及五成,0
同学,罗德斯,田学军,驻南非大使田学军会见南非罗德斯大学校长,0
同学,富豪榜,金津,2010中国大学创业富豪榜发布渡口网络金津12亿蝉联榜首,0
同学,成立,柏林,柏林自由大学在纽约庆祝德国孔子学院成立,0
同学,中国,赵广发,中国铁道建筑总公司原党委书记赵广发同学书法作品展圆满举行,0
同学,林志玲,明星,佟大为黄晓明林志玲明星大学初恋都是谁,0
同学,米歇尔,利塔,法国巴黎大学荣誉教授米歇尔阿格利塔,0
同学,盖琳,高中,盖琳大学预备高中,0
同学,曲栅栅,黄海波,黄海波现女友曲栅栅和张默女友牛萌萌是同学,0
同学,曾孙,蒋介石,蒋介石曾孙蒋友柏获聘大学客座教授,0
同学,中国,金花,历届温网中国金花成绩,0
同学,大使,刘晓明,刘晓明大使致世界海事大学成立三十周年的贺词,0
同学,高梓淇,万茜,高梓淇万茜同窗再聚首,1
同学,学生,平衡,论大学自治权与学生权利的平衡,0
同学,金正日,金正恩,金正恩赴大学出席金日成和金正日铜像揭幕仪式,0
同学,罗林泉,爱尔兰,驻爱尔兰大使罗林泉会见圣三一大学校长普伦德加斯特,0
同学,归来,中中,首先欢迎中中同学隆重归来,0
同学,周年,欧亚,驻哈萨克斯坦大使周力在庆祝中哈建交20周年暨欧亚大学孔子学院成立五周年活动上的致辞,0
同学,刘星,夏雪,“刘星”“夏雪”有望再成同学,1
同学,大使,廖力强,廖力强大使祝贺布鲁塞尔自由大学教授获得诺贝尔物理奖,0
同学,徐福顺,中国,徐福顺一行参观台湾中国文化大学,0
同学,华晨宇,夏恒,好声音夏恒系华晨宇同学,1
同学,阿比,大使,驻巴西大使李金章在圣保罗法阿比大学的演讲,0
同学,戴洪义,李培江,副校长戴洪义会见临沂大学副校长李培江一行,0
同学,成立,成果,驻泰国大使管木出席朱拉隆功大学孔子学院成立五周年庆典暨成果图片展,0
同学,大使,赵彬,驻奥地利大使赵彬出席维也纳技术大学与中国高校合作十周年庆典,0
同学,中国,霍玉珍,中国驻捷克大使霍玉珍在查理大学社会学院发表演讲,0
同学,文章,明星,文章唐嫣胡歌袁弘景甜郑爽这些明星竟然是同学（三）,0
同学,方磊,大学生,我院方磊等同学入围2014年大学生“挑战杯,0
同学,周洋,师范,周洋上大学长春师范倒贴5万,0
同学,冯绍峰,杨皓宇,恭叔”杨皓宇与冯绍峰系同学,1
同学,中国,张万学,驻塞尔维亚大使张万学应邀出席贝尔格莱德大学经济学院汉语和中国文化课推广活动(组图),0
同学,高中,朱立伦,朱立伦祝贺高中同学,0
同学,岳斌,大使,驻格鲁吉亚大使岳斌会见伊利亚国立大学校长泽达尼亚,0
同学,何志毅,光华,北京光华管理大学教授何志毅,0
同学,黄松甫,大使,驻莫桑比克大使黄松甫与莫蒙德拉内大学合唱团师生联谊,0
同学,蒙代尔,许嘉璐,许嘉璐主席出席蒙代尔国际企业家大学在京成立大会,0
同学,明星,曹缘,雷声曹缘等奥运明星走进大学校园,0
同学,捷克,大使,中国驻捷克大使霍玉珍在捷西里西亚大学发表演讲,0
同学,王者,韦伯,王者北卡21分优势轻松胜加德纳韦伯大学,0
同学,薄熙来,黄奇帆,薄熙来黄奇帆会见历届雷锋班班长,0
同学,海洋,詹姆斯,赵永琛总领事应邀访问澳海洋研究院与詹姆斯库克大学,0
同学,文章,郑爽,文章唐嫣胡歌袁弘景甜郑爽这些明星竟然是同学（十六）,1
同学,周杰,雪姨,尔康周杰和雪姨王琳竟然是同学,0
同学,佟明,罗梅,驻立陶宛大使佟明涛访问立明科拉斯罗梅瑞斯大学,0
同学,张歆艺,张国立,张国立恋上张默同学张歆艺,0
同学,张迅,大使,驻毛里塔尼亚大使张迅和毛总理拉格达夫共同主持努瓦克肖特大学医学院开工仪式,0
同学,中国,武春华,中国驻埃及大使武春华出席苏伊士运河大学孔子学院揭牌仪式,0
同学,大使,徐坚,徐坚大使参加维斯瓦大学孔子课堂迎国庆,0
同学,周力,大使,驻哈萨克斯坦大使周力在哈萨克斯坦国立欧亚大学庆祝中哈建交20周年晚会上的致辞,0
同学,查尔斯,成功,恭喜高同学成功申请查尔斯达尔文大学,0
同学,中国,安南,中国驻几内亚大使火正德在科菲安南大学介绍中国和平发展和中几关系,0
同学,多米尼克,许奎,许奎随同王宗来大使陪同多米尼克总理视察中国优贷建设多国立大学改扩建工程,0
同学,中国,黄维,校长黄维院士出席孔子学院总部/中国国家汉办与南非约翰内斯堡大学孔子学院合作协议签字仪式,0
同学,潘长江,王朔,潘长江女婿与郎朗是同学王朔女婿画家之子,0
同学,王毅,大学生,西南大学校团委书记王毅介绍该校大学生利用自身所学为村里“乐和家园”建设出力,0
同学,中国,成果,武书连2011中国大学高端成果100强,0
同学,于小伟,边原,于小伟陈数边原同学情深,1
同学,梁爱诗,查良镛,查良镛梁爱诗获香港树仁大学颁荣誉博士学衔,0
同学,巩俐,赵亮,同学赵亮眼中的“淘气”巩俐,1
同学,佟丽娅,张翰,张翰前女友与佟丽娅是同学,0
同学,郝平,成立,教育部副部长郝平发来贺信祝贺中俄工科大学联盟成立,0
同学,小昭,金源,周日去参加在西四环的金源店由焦点小昭同学组织的"博罗尼,0
同学,中国,国防部长,中国历届国防部长,0
同学,成功,库克,祝贺徐同学零中介费成功申请新加坡詹姆斯库克大学英文课程,0
同学,甄嬛,李昭,大学教授甄嬛体演讲不是幽默是不严肃|举牌提醒日系的李昭赋予爱国新含义,0
同学,周萌萌,丁俊晖,周萌萌当上丁俊晖同学,1
同学,严重,李富山,临沂大学原副校长李富山严重违纪违法被开除党籍,0
同学,徐铮,雪姨,“雪姨”徐铮大学同班,1
同学,董晓,大使,驻牙买加大使董晓军出席西印度大学孔子学院成立五周年系列庆祝活动,0
同学,王建航,大学生,90后大学生王建航“8分钟承诺”守护同学,0
同学,郎朗,王朔,潘长江女婿与郎朗是同学王朔女婿画家之子,0
同学,陈伟鸿,郭涛,央视陈伟鸿曝和郭涛是同学,1
同学,胡歌,郑爽,文章唐嫣胡歌袁弘景甜郑爽这些明星竟然是同学（二十）,1
同学,周年,史明德,驻奥地利大使史明德出席维也纳大学纪念《上海公报》发表40周年活动,0
同学,姜文,吕丽萍,姜文吕丽萍是同学,1
同学,哈勒,宋爱国,驻埃及大使宋爱国出席哈勒旺大学第二届文化季开幕式并发表演讲,0
同学,周年,风光,泰国川登喜皇家大学举办新中国60周年风光图片展,0
同学,董竹,高中,《我在日本高中当交流生》（我校董竹天同学发表在,0
同学,大使,哈勒,埃及哈勒旺大学为驻埃及大使武春华颁奖,0
同学,杨曾,王传福,杨曾是王传福的同学,1
同学,杨幂,袁珊珊,与杨幂袁珊珊同窗,1
同学,张默,尚于博,张默孙立石于方园三中戏同窗撰文悼念尚于博,1
同学,蒙德拉,大使,驻莫桑比克大使李春华会见莫蒙德拉内大学校长基兰博,0
同学,中国,大使,驻智利大使杨万明出席圣托马斯大学孔子学院中国文化周开幕式,0
同学,哈姆斯,李昌钰,李昌钰等杰出华人获美哈姆斯顿大学颁荣誉博士,0
同学,陈赫,陈凯歌,尔康雪姨是同学陈凯歌系陈赫表舅,0
同学,中国,可可,驻科特迪瓦大使魏文华出席阿比让可可迪大学中国日活动,0
同学,周美青,余光中,周美青化身"周同学"听余光中讲座,0
同学,林志玲,佟大为,佟大为黄晓明林志玲明星大学初恋都是谁,0
同学,学生,姚晨,姚晨同窗隋兰点评艺考学生,0
同学,傅丽,田歌,田歌给北川中学傅丽颖刘炳阳同学的一封信,0
同学,管木,大使,驻泰国大使管木出席“诗琳通公主与朱拉隆功大学孔子学院”图片展,0
同学,黄进,白云山,白云山和黄进大学送健康,0
同学,明星,袁珊珊,章子怡刘烨杨幂袁珊珊这些明星是同学,0
同学,赫敏,艾玛,“赫敏”艾玛沃森大学毕业,0
同学,艾因,夏姆斯,埃及艾因夏姆斯大学举办“中国文化周”(图),0
同学,袁泉,赵薇,赵薇章子怡袁泉等中戏北影明星历届毕业照,0
同学,夏商,不给力,夏商大学康城小区排水“不给力”,0
同学,袁珊珊,赵普,文章唐嫣村长赵普陈赫郑恺杨幂袁珊珊竟然是同学,1
同学,周力,成立,驻哈萨克斯坦大使周力在庆祝中哈建交20周年暨欧亚大学孔子学院成立五周年活动上的致辞,0
同学,雷拉,阿诺德,巴西阿诺德赫雷肖法雷拉大学师生做客中国驻巴西使馆,0
同学,黄世仁,喜儿,黄世仁要帮喜儿上大学,0
同学,陈思诚,佟丽娅,曝陈思诚抛佟丽娅出轨杨幂同学,0
同学,袁弘,郑爽,文章唐嫣胡歌袁弘景甜郑爽这些明星竟然是同学,1
同学,大使,吴恳,驻瑞士大使吴恳在清华大学与圣加伦大学交流活动上的讲话,0
同学,袁泉,秦海璐,秦海璐袁泉同窗聚首演《青蛇》视频,1
同学,陈赫,雪姨,尔康雪姨是同学陈凯歌系陈赫表舅,0
同学,林青霞,高中,林青霞与高中同学相见欢,0
同学,成立,岳斌,驻格鲁吉亚大使岳斌出席第比利斯自由大学孔子学院成立四周年庆祝活动,0
同学,沃森,艾玛,“赫敏”艾玛沃森大学毕业,0
同学,罗德斯,大使,驻南非大使田学军会见南非罗德斯大学校长(图),0
同学,胡歌,唐嫣,文章唐嫣胡歌袁弘景甜郑爽这些明星竟然是同学,1
同学,中国,明星,郭晶晶领衔中国体坛"免考免试"上大学明星(组图),0
同学,景甜,陆毅,陆毅景甜西南大学拍片,0
同学,周冬雨,李修平,50岁央视主播李修平大学旧照曝光似周冬雨,0
同学,林志玲,周杰伦,言承旭周杰伦盘点林志玲历届男友,0
同学,苏拉,乌尔,专访美国乌尔苏拉大学,0
同学,周年,陈国,肖千大使出席匈牙利罗兰大学东亚学院成立90周年暨匈汉学家陈国教授90岁生日庆典仪式,0
同学,朱拉隆功,成功,恭喜刘同学成功申请朱拉隆功大学博士,0
同学,万玮乔,邵雨薇,林舒语万玮乔邵雨薇「大学博览会」老少爱,0
同学,黄海波,牛萌萌,牛萌萌曝同窗为黄海波女友,0
同学,查理,霍玉珍,霍玉珍大使向查理大学赠送《大学笔记》,0
同学,张平,户思社,西安外国语大学户思社张平获法国金棕榈荣誉勋章,1
同学,龙仁,大使,驻韩国大使张鑫森为韩龙仁大学校长授感谢牌,0
同学,刘索拉,叶小纲,刘索拉叶小纲同窗相聚,1
同学,孔子,忻顺康,驻津巴布韦大使忻顺康出席津非洲大学成立孔子课堂仪式,0
同学,中国,徐光春,徐光春在台湾中国文化大学演讲,0
同学,周年,朱拉,泰国朱拉隆功大学孔子学院成立五周年,0
同学,金鑫,操盘手,刘振宇找来同学金鑫当操盘手,0
同学,赵丽颖,杨蓉,赵丽颖杨蓉等级不同学问深,0
同学,高三,雷锋,近半学生保送上大学市外语校高三3班有尊雷锋铜像,0
同学,杨幂,赵薇,郑爽刘亦菲杨幂赵薇女星大学初恋情人曝光,0
同学,薛之谦,时光,林园薛之谦成银幕情侣演《一只狗的大学时光》,0
同学,王琳,雪姨,雪姨王琳和"尔康"周杰是同学,0
同学,国防部长,贝格,德国拜罗伊特大学取消国防部长古滕贝格博士学位头衔,0
同学,伯格,达菲,记南非比勒陀利亚大学范蒂尔伯格藏品博物馆馆长达菲,0
同学,袁珊珊,陈赫,文章唐嫣村长赵普陈赫郑恺杨幂袁珊珊竟然是同学,1
同学,初一,学生,初一学生带人入宿舍殴打同学,0
同学,曾志伟,周秀娜,曾志伟为周秀娜大学演讲出招,0
同学,大使,刘碧伟,驻爱尔兰大使刘碧伟出席梅努斯大学中国学联新春联欢会,0
同学,赵薇,那英,王菲是班长赵薇那英是同学,1
同学,郑恺,赵普,文章唐嫣村长赵普陈赫郑恺杨幂袁珊珊竟然是同学,1
同学,易政勇,柳艳兵,澳门大学破格录取“夺刀少年”柳艳兵及同学易政勇,1
同学,周年,林琳,驻津巴布韦大使林琳出席津巴布韦大学孔子学院成立5周年庆祝活动,0
同学,邓小平,周年,13所大学校长在邓小平故里纪念恢复高考30周年,0
同学,中国,韩淑明,驻韩国大使张鑫森就中国的发展和女性地位在韩淑明女子大学发表演讲,0
同学,白云,肖军,广东白云学院招生办主任肖军田谈应用技术大学的办学特色,0
同学,中国,艾因,宋爱国大使出席艾因夏姆斯大学“中国文化周”开幕式,0
同学,贡献,成功,杨振宁称中国大学办得成功贡献非常大,0
同学,章子怡,汪峰,中戏同学力挺章子怡汪峰恋情,0
同学,罗京,张宇,罗京同学张宇时,0
同学,许戈辉,刘晓庆,刘晓庆张瑜杨澜许戈辉盘点历届春晚美女主持,0
同学,俞敏洪,马云,马云俞敏洪都曾在大学任教,0
同学,潮商,盛况,历届潮商大会盛况,0
同学,张歆艺,张默,张国立恋上张默同学张歆艺,1
同学,哈勒,大使,驻埃及大使宋爱国在哈勒旺大学“中国文化日”开幕式的讲话,0
同学,仲满,王子,解密击剑王子仲满与大学女教师的甜蜜爱情,0
同学,大使,国学生,刘古昌大使介绍在莫斯科友谊大学火灾中中国学生受难情况,0
同学,唐嫣,袁弘,文章唐嫣胡歌袁弘景甜郑爽这些明星竟然是同学,1
同学,雷雷,大使,驻乌干达大使孙和平出席华东师范大学与麦克雷雷大学合作谅解备忘录签字仪式,0
同学,吴久洪,阿曼,驻阿曼大使吴久洪会见阿卡布斯大学校长,0
同学,陈赫,唐嫣,文章唐嫣村长赵普陈赫郑恺杨幂袁珊珊竟然是同学,1
同学,利塔,林国荣,林国荣大学授予莱索托王国首相帕卡利塔,0
同学,孟庭苇,高中,孟庭苇公开与高中同学恋情,0
同学,仲满,肖钦,肖钦仲满杨扬现身大学校园,0
同学,生母,陈坤,陈坤儿子生母是大学同学,0
同学,赵薇,胡静,赵薇章子怡青涩惊艳不及阔太同学胡静,1
同学,夏商,康城,夏商大学康城美域最新动态,0
同学,马英九,学生,马英九与高雄大学学生座谈并夜宿学生宿舍,0
同学,红颜,周鸿祎,周鸿祎大学时冲冠一刀为红颜,0
同学,张韶涵,彭于晏,彭于晏张韶涵是同窗,1
同学,李成文,大使,驻沙特大使李成文会见阿西尔省长并考察哈立德国王大学项目,0
同学,成立,肖千,肖千大使出席匈牙利罗兰大学东亚学院成立90周年暨匈汉学家陈国教授90岁生日庆典仪式,0
同学,鲁豫,李湘,赵本山鲁豫李湘都是同学,1
同学,周年,高占生,高占生总领事在俄勒冈大学纪念尼克松访华40周年晚宴上发表演讲,0
同学,孙艺洲,曹晓雯,孙艺洲结缘上戏同窗曹晓雯曾图片频道,1
同学,申知非,大使,驻克罗地亚大使申知非出席萨格勒布大学2011上海教育展开幕式并发表演讲,0
同学,成功,顾斌,新加坡留学背景殷同学通过顾斌老师成功申请新南威尔士大学金融分析硕士,0
同学,中国,本科,“中国大学的本科教育非常成功”,0
同学,和央,管彤,王菲和央视美女主持管彤竟是同学,0
同学,隆多,沃尔,沃尔战胜自己的大学学长隆多,1
同学,中国,成均,访韩国成均馆大学成均中国研究所所长李熙玉,0
同学,中国,李军,中国驻孟加拉大使李军走访达卡大学(图),0
同学,高丽,刘谦,刘谦同学把高丽妹子唬得一愣一愣的,0
同学,爱尔兰,大使,中国驻爱尔兰大使张鑫森代表国家汉办与科克大学签署《关于在科克大学合作建设孔子学院的协议》,0
同学,刘亦菲,刘诗诗,刘诗诗刘亦菲林志玲赵薇大学毕业清纯照首次公开,0
同学,杜米特鲁,霍玉珍,驻罗马尼亚霍玉珍大使会见布加勒斯特大学校长杜米特鲁,0
同学,方向,行政,大学去行政化是方向,0
同学,刘洋,高中,刘洋旧照片里的高中同学,0
同学,赵普,唐嫣,文章唐嫣村长赵普陈赫郑恺杨幂袁珊珊竟然是同学,1
同学,林志玲,邓超,看林志玲邓超张靓颖文章等明星秀自己的大学神秘爱恋,0
同学,周济,殷一璀,陈良宇会见海内外知名大学校长代表希望论坛带来创新教育新理念促进上海的大学拓宽国际视野周济章新胜吴启迪殷一璀出席,0
同学,曹缘,雷声,雷声曹缘等奥运明星进大学校园,0
同学,李家洋,戴克,李家洋会见荷兰瓦赫宁根大学校长戴克豪森博士,0
同学,苏醒,谭维维,苏醒谭维维等天娱艺人深情献唱《同学,0
同学,苏丹,成功,赴苏丹维和工程兵大队成功修建尼亚拉大学道路,0
同学,中国,钟建华,中国驻南非大使钟建华访问斯坦陵布什大学,0
同学,苏珊,由美,这项由美国宾夕法尼亚大学地心理学家苏珊&middot休斯领导地调查研究发觉,0
同学,大使,陈建福,驻格鲁吉亚大使陈建福出席2012年第比利斯自由大学孔子学院春节联欢晚会(组图),0
同学,张默,张国立,张国立恋上张默同学张歆艺,0
同学,贡献,杨振宁,杨振宁称中国大学办得很成功对社会贡献非常大,0
同学,许戈辉,杨澜,刘晓庆张瑜杨澜许戈辉盘点历届春晚美女主持,0
同学,章子怡,袁珊珊,章子怡刘烨杨幂袁珊珊这些明星是同学,1
同学,高雄,周年,高雄大学建校10周年,0
同学,夏姆斯,吴思科,中国驻埃及大使吴思科出席向艾因夏姆斯大学捐赠教学设备交接仪式并发表演讲,0
同学,中国,齐鲁,深圳市齐鲁商会会长单位中国天成大学与新疆社会救助基金会共办百名将军,0
同学,周杰伦,言承旭,言承旭周杰伦盘点林志玲历届男友,0
同学,周力,欧亚,驻哈萨克斯坦大使周力在庆祝中哈建交20周年暨欧亚大学孔子学院成立五周年活动上的致辞,0
同学,袁珊珊,刘烨,章子怡刘烨杨幂袁珊珊这些明星是同学,1
同学,成立,刘晓明,驻英国大使刘晓明向世界海事大学成立三十周年庆典活动致贺辞,0
同学,中国,中学生,美国特洛伊大学孔院为中学生设中国文化体验课,0
同学,王楠,许诺,王楠生日宴席许诺大学深造,0
同学,腾格尔,大使,驻蒙古大使王小龙赴蒙古奥特根腾格尔大学演讲,0
同学,刘古昌,国学生,刘古昌大使介绍在俄大学火灾中中国学生受难情况,0
同学,黄圣依,贾乃亮,与黄圣依贾乃亮系同学,1
同学,学生,高中,高中学生因口角杀死同学,0
同学,谢旭人,张维迎,谢旭人回应北大教授张维迎年底大学突击花钱的提问,0
同学,秦岭,陈维礼,乐游*秦岭文化休闲基地董事长陈维礼西安邮电大学畅谈新时代下的“就业观”,0
同学,成就,刘长江,刘长江大学毕业八年小有成就,0
同学,郎效农,徐根宝,郎效农徐根宝同窗,1
同学,劳力,大义,大义同学“义卖劳力”感动生命“绝症大学生”笑对多舛人生,0
同学,大使,沈永祥,驻马达加斯加大使沈永祥和塔那那利佛大学师生就钓鱼岛问题座谈,0
同学,雷雷,孙和平,中国驻乌干达大使孙和平出席华东师范大学与麦克雷雷大学合作谅解备忘录签字仪式,0
同学,刘昕生,大使,驻坦桑尼亚大使刘昕生会见坦开放大学副校长姆博韦塔,0
同学,时间,张根硕,张根硕大学用8年时间毕业,0
同学,杨幂,郭采洁,郭采洁大学毕业照长发清纯气质霸气不输杨幂引追捧,0
同学,成立,李东东,光明日报发表李东东《国家开放大学赋》贺开放大学成立(图),0
同学,赵薇,吉思光,潜伏逃犯吉思光自称赵薇同学,1
同学,景甜,文章,文章唐嫣胡歌袁弘景甜郑爽这些明星竟然是同学,1
同学,刘芳菲,董卿,董卿倪萍刘芳菲盘点历届春晚美女主持,0
同学,初九,安然,恭贺摄影镜头同学长女于丁亥年三月初九已时安然坠地,0
同学,中国,周年,中国使馆赠书祝贺蒙古国国立大学外国语言文化学院成立10周年滚动频道,0
同学,张桂林,詹姆士,张桂林副校长会见美国印第安纳大学詹姆士,0
同学,刘亦菲,郑爽,郑爽刘亦菲杨幂赵薇女星大学初恋情人曝光,0
同学,大使,杨民,驻马达加斯加大使杨民在塔那那利佛大学座谈会上揭露日本首相安倍晋三参拜靖国神社的实质,0
同学,林舒语,万玮乔,林舒语万玮乔邵雨薇「大学博览会」老少爱,0
同学,明星,郑爽,文章唐嫣胡歌袁弘景甜郑爽这些明星竟然是同学,0
同学,马德里,蔡志英,寻马德里卡洛斯三世大学留学生蔡志英,0
同学,章子怡,明星,赵薇章子怡袁泉等中戏北影明星历届毕业照,0
同学,时光,邱柯,“股民老张”邱柯回忆文艺青年的大学时光,0
同学,朱民,任东华,朱民接替朱绍中任东华大学党委书记,0
同学,季军,李培,学生组季军得主中山大学的李培伟同学,0
同学,哈文,李咏,李咏哈文大学青涩合影,0
同学,乌斯,刘增文,驻罗马尼亚大使刘增文在康斯坦察奥维迪乌斯大学孔子课堂揭牌仪式上的讲话,0
同学,时光,明星,明星回忆大学温馨时光,0
同学,中国,夏姆斯,埃及艾因夏姆斯大学举办“中国文化周”活动,0
同学,中期,刘延东,刘延东出席“千名中西部大学校长研修计划”中期成果汇报会,0
同学,成才,大学生,我校高金凤同学荣获全省“立志成才十佳大学生”称号,0
同学,佟大为,黄晓明,佟大为黄晓明林志玲明星大学初恋都是谁,0
同学,华夏,姜培峰,清华总裁班五年真情再回首数字华夏姜培峰为同窗演讲“网络营销潜规则”,0
同学,中国,高等,2013中国高等艺术教育大学综合实力排行榜,0
同学,孔镱珊,赵薇,孔镱珊是赵薇同学,1
同学,罗林泉,大使,驻希腊大使罗林泉在比雷埃夫斯大学发表演讲,0
同学,大使,成果,驻泰国大使管木出席朱拉隆功大学孔子学院成立五周年庆典暨成果图片展,0
同学,高燕平,和平,驻以色列大使高燕平访问希伯来大学哈里杜鲁门促进和平研究所,0
同学,文章,赵普,文章唐嫣村长赵普陈赫郑恺杨幂袁珊珊竟然是同学,1
同学,邱国洪,周年,驻尼泊尔大使邱国洪出席尼泊尔加德满都大学孔子学院2周年庆典仪式,0
同学,赵景春,宋祖英,宋祖英同窗赵景春专访,1
同学,陈水扁,吴淑珍,扁嫂吴淑珍同学陈慧文将接任陈水扁住所总管职,0
同学,蒋友柏,蒋介石,蒋介石曾孙蒋友柏大学任教1月开除5名学生,0
同学,陈奎,侯艳,邢书艳和陈奎英寻找同学侯艳芬,0
同学,王琳,周杰,雪姨王琳和尔康周杰竟然是同学,1
同学,吉林,杜江,吉林建筑大学杜江明老师座谈未来建筑,0
同学,柏林,史明德,驻德国大使史明德在柏林自由大学孔子学院就中德关系作报告,0
同学,牧歌,田野,田野牧歌同学写祝福盼其康复归来,0
同学,江宜桦,朱立伦,江宜桦接任“阁揆”朱立伦祝贺高中同学,1
同学,白银,真金,那些物超所值的大学给的是真金白银,0
同学,白百何,沈眉庄,曹贵人沈眉庄与文章白百何是中戏同学,1
同学,姚欣,欧亚,青年书法家姚欣然为我校哈萨克斯坦欧亚大学孔子学院举办书法讲座,0
同学,大使,大学生,历届大学生和平大使获奖者,0
同学,大嘴,巴克利,大嘴巴克利爆大学黑幕,0
同学,光荣,吕希庆,曾坚持8年背同学上学的“美德少年”吕希庆光荣参军,0
同学,王宝强,李京怡,李京怡化身王宝强同学,0
同学,李咏,张绍刚,李咏张绍刚转当大学老师,0
同学,刘诗诗,赵薇,刘诗诗刘亦菲林志玲赵薇大学毕业清纯照首次公开,0
同学,张国强,鲍蕾,张国强娇妻曝光与陆毅鲍蕾是同学,0
同学,阿塔,张乾元,张乾元在土耳其阿塔图尔克大学成功举办画展和学术讲座,0
同学,罗兰,周年,肖千大使出席匈牙利罗兰大学东亚学院成立90周年暨匈汉学家陈国教授90岁生日庆典仪式,0
同学,杨幂,袁姗姗,杨幂袁姗姗大学同寝室同窗旧照揭明星亲密关系,1
同学,鲁豫,崔永元,何炅鲁豫跳槽地方台崔永元大学授课,0
同学,李锐,赵普,尔康雪姨是同学李锐赵普同班,1
同学,吉林,关爱和,吉林建筑大学志愿者为老人送去关爱和温暖,0
同学,周年,马达加斯加,驻马达加斯加大使杨民出席塔那那利佛大学孔子学院建院五周年庆祝活动,0
同学,尹明善,严琦,尹明善严琦两企业家大学开讲创业课,0
同学,张光北,明星,张光北李诚儒同窗聚首明星版《王府井》,0
同学,魏吉祥,徐根宝,魏吉祥曾与徐根宝同窗,1
同学,中国,汪精卫,美国在向中国大学培育汪精卫思想,0
同学,方晴,高考生,访洞口县优秀高考生方晴同学,0
同学,周年,冯庸,两岸人士纪念冯庸大学建校八十周年,0
同学,韩荣,韩淑明,驻韩国大使张鑫森会见韩淑明女子大学校长韩荣实,0
同学,康城,王华丽,夏商大学康城国庆小楼王华丽登场,0
同学,巴纳,阿巴斯,阿巴斯任命巴纳贾赫大学校长拉米,0
同学,展喜,唐山,唐山老年大学举办作品展喜迎十八大＿社会新闻＿唐山环渤海新闻网,0
同学,李锐,雪姨,尔康雪姨是同学李锐赵普同班,0
同学,达尔文,查尔斯,澳洲查尔斯达尔文大学在教学研究方面获得多项殊荣,0
同学,贺信,吴敏霞,吴敏霞同学发去贺信,0
同学,大使,索夫,驻亚美尼亚大使田长春在埃里温国立布留索夫语言大学孔子学院新春联欢会上的致辞,0
同学,刘亦菲,蒋雯丽,赵薇徐静蕾刘亦菲蒋雯丽揭秘历届北影校花,0
同学,华生,高宇,纽约华生高宇航救同学不幸丧生,0
同学,多米尼克,大使,许奎随同王宗来大使陪同多米尼克总理视察中国优贷建设多国立大学改扩建工程,0
同学,中国,高定,中国明星现身历届高定时装周,0
同学,蒋友柏,曾孙,蒋介石曾孙蒋友柏获聘大学客座教授,0
同学,中国,黄松甫,驻葡萄牙大使黄松甫会见葡科英布拉大学中国问题专家卡门,0
同学,中国,潘石屹,潘石屹为何捐哈佛大学而不是捐中国大学,0
同学,郭艾伦,成功,211大学毕业的精英白领通过360教育集团郭艾伦老师成功申请麦考瑞大学金融硕士,0
同学,贡献,盖茨,盖茨称赞中国大学为世界贡献高尖科技人才,0
同学,向红军,林彪,林彪向红军大学通报西路军覆灭,0
同学,管木,成立,驻泰国大使管木出席朱拉隆功大学孔子学院成立五周年庆典暨成果图片展,0
同学,于正,佟大为,冯绍峰于正佟大为是同学,1
同学,伍德,赵洪祝,赵洪祝会见美国肯恩大学校长伍德,0
同学,黄晓明,赵薇,赵薇黄晓明同学默默无名,1
同学,袁珊珊,文章,文章唐嫣村长赵普陈赫郑恺杨幂袁珊珊竟然是同学,1
同学,大使,刘健,驻巴基斯坦大使刘健在巴哈杰瑞大学的演讲,0
同学,朱善璐,北京大学,北京大学党委书记朱善璐教授,0
同学,杨幂,唐嫣,文章唐嫣村长赵普陈赫郑恺杨幂袁珊珊竟然是同学,1
同学,胡宗,孙丽,专访华樱胡宗跃和麻省大学孙丽,0
同学,张博,文章,张博为大学同学文章求情,1
同学,陈坤,赵薇,扒一扒赵薇陈坤之间同窗往事,1
同学,崔志伟,大使,驻黑山大使崔志伟访问黑山下戈里察大学,0
同学,中国,柏林,吴红波大使在柏林自由大学“中国周”开幕式活动上的致辞,0
同学,林志玲,黄晓明,佟大为黄晓明林志玲明星大学初恋都是谁,0
同学,成功,金融会计,恭喜陆同学通过360教育集团唐功正老师成功申请莫纳什大学金融会计双硕士,0
同学,叶梦圆,王琳佳,同学追忆韩亚航空坠机事故遇难浙江女孩王琳佳和叶梦圆,1
同学,武春华,大使,驻埃及大使武春华出席向艾因夏姆斯大学赠送教学设备交接仪式,0
同学,永嘉,海军,浙江永嘉一海军中尉为救高中同学英勇献身(图),0
同学,孔子,金江,访新南威尔士大学孔子学院院长金江,0
同学,大使,中国,许奎随同王宗来大使陪同多米尼克总理视察中国优贷建设多国立大学改扩建工程,0
同学,魏同,成功,恭喜魏同学成功申请澳大利亚国立大学,0
同学,刘亦菲,赵薇,郑爽刘亦菲杨幂赵薇女星大学初恋情人曝光,0
同学,唐一菲,汤唯,汤唯同学唐一菲签约王晶“秦可卿”变艳星,1
同学,林琳,大使,驻津巴布韦大使林琳出席津巴布韦大学孔子学院成立5周年庆祝活动,0
同学,赵薇,明星,赵薇章子怡袁泉等中戏北影明星历届毕业照,0
同学,吴淑珍,陈慧文,扁嫂吴淑珍同学陈慧文将接任陈水扁住所总管职,1
同学,江利,中国大学生年度人物,我校园艺学院艺术设计专业102班江利斌同学成功进入第九届中国大学生年度人物评选候选人名单,0
同学,崔胜贤,金有贞,崔胜贤金有贞主演电影《同窗生》11月将上映,0
同学,关华兵,曹圭,驻釜山总领事关华兵为东亚大学总长曹圭香,0
同学,曾黎,刘烨,章子怡刘烨同学曾黎全力争取演“小龙女”,1
同学,朱拉隆功,成立,驻泰国大使管木出席朱拉隆功大学孔子学院成立五周年庆典暨成果图片展,0
同学,管木,成果,驻泰国大使管木出席朱拉隆功大学孔子学院成立五周年庆典暨成果图片展,0
同学,吉林,温暖,吉林建筑大学志愿者为老人送去关爱和温暖,0
同学,杨幂,明星,章子怡刘烨杨幂袁珊珊这些明星是同学,0
同学,学生,赵征,我校学生为赵征征同学募捐,0
同学,明星,雷声,雷声曹缘等奥运明星进大学校园,0
同学,周年,成果,驻泰国大使管木出席朱拉隆功大学孔子学院成立五周年庆典暨成果图片展,0
同学,唐嫣,明星,文章唐嫣胡歌袁弘景甜郑爽这些明星竟然是同学,0
同学,德拉,大使,驻西班牙大使朱邦造访问圣地亚哥德孔波斯德拉大学,0
同学,陆永,唐灵,奥运冠军陆永唐灵生成同学,0
同学,将军,大军,小黄人大将军率10万大军撤离大学里,0
同学,金正恩,金日成,金正恩赴大学出席金日成和金正日铜像揭幕仪式,0
同学,吴炜强,尤利军,北京博华教育集团执行董事吴炜强和天开瑞祥不老山庄总裁尤利军先生为人文大学老年学院揭牌,0
同学,艾希,德蒙,尹力在京会见英国德蒙福特大学副校长艾希顿女士,0
同学,曹贵人,沈眉庄,曹贵人沈眉庄与文章白百何是中戏同学,1
同学,任泉,李亚鹏,任泉李亚鹏商学院成同学,1
同学,宋彬彬,宋任穷,宋任穷女儿宋彬彬向文革受伤害老师同学道歉,0
同学,黄磊,陆毅,陆毅黄磊大学定情,0
同学,和央,王菲,王菲和央视美女主持管彤竟是同学,0
同学,程序,大学生,俄罗斯大学获国际大学生程序大赛冠军,0
同学,陈思诚,杨幂,曝陈思诚抛佟丽娅出轨杨幂同学,0
同学,娄艺潇,宋茜,娄艺潇宋茜历届夫妇盘点,0
同学,包钢,中学生,包头市包钢六中学生纠集他人杀死同学案公诉,0
同学,和和,徐根宝,曾和和徐根宝是同学,0
同学,时间,周有,足球队的同学这周有那些队员有时间,0
同学,刀将,中学生,中学生借1元钱买水未成用水果刀将同学扎成重伤,0
同学,李长春,安德鲁,李长春会见英国约克公爵安德鲁王子并参观考察伦敦南岸大学中医孔子学院,0
同学,蒙德拉,黄松甫,驻莫桑比克大使黄松甫会见莫蒙德拉内大学常务副校长,0
同学,孙立杰,东方,孙立杰总领事出席远东国立人文大学东方语言系成立15周年庆祝晚会,0
同学,大使,成立,驻立陶宛大使刘增文出席维尔纽斯大学孔子学院成立三周年庆祝活动,0
同学,赵楚仑,颖儿,赵楚仑与颖儿原是同学,1
同学,孙俪,范冰冰,杨幂孙俪范冰冰大学毕业照曝光,0
同学,大使,周欲晓,驻赞比亚大使周欲晓出席赞比亚大学孔子学院成立一周年庆典活动,0
同学,时光,白天,大学时光今日白天场微友票价10元/位（10,0
同学,徐凤,大学生,我校国商系2012级苏晓敏和徐凤群同学参加全国大学生英语竞赛广东省赛区决赛,0
同学,海清,明星,揭秘海清黄海波等97明星班同学现状,0
同学,成立,白静,白静同学成立治丧委员会,0
同学,赵本山,李湘,赵本山鲁豫李湘都是同学,1
同学,章子怡,赵会南,《父爱如山》赵会南追赶同窗章子怡刘烨,1
同学,董学升,班主任,曝董学升小学班主任是张恩华同学,0
同学,爱尔兰,上海,爱尔兰国立科克大学副校长一行访问上海交大,0
同学,国家,大学生,成都首次进国家“985工程”大学招募大学生“村官”,0
同学,出线,邱文达,台北医学大学校长邱文达可望出线,0
同学,爱尔兰,张鑫森,中国驻爱尔兰大使张鑫森代表国家汉办与科克大学签署《关于在科克大学合作建设孔子学院的协议》,0
同学,戈麦斯,王赞,德甲历届射手王赞戈麦斯,0
同学,郑恺,唐嫣,文章唐嫣村长赵普陈赫郑恺杨幂袁珊珊竟然是同学,1
同学,金日成,谷歌,谷歌总裁施密特特访金日成综合大学|苹果CEO库克二度访华,0
同学,韩正,贺信,俞正声袁贵仁韩正为上海开放大学成立发来贺信,0
同学,蒙德拉,李春华,驻莫桑比克大使李春华会见莫蒙德拉内大学校长基兰博,0
同学,巴特勒,于剑桥,此巴特勒曾效力于剑桥大学,0
同学,金正恩,金策,金正恩视察金策工业综合大学教育家公寓,0
同学,杨紫,张一山,张一山杨紫晒大学毕业照,0
同学,孔子,大使,徐坚大使参加华沙维斯瓦大学孔子课堂迎国庆,0
同学,明星,刘烨,章子怡刘烨杨幂袁珊珊这些明星是同学,0
同学,胡歌,文章,文章唐嫣胡歌袁弘景甜郑爽这些明星竟然是同学（十二）,1
同学,罗兰,白桦,专访匈牙利罗兰大学齐白桦院长,0
同学,景甜,明星,文章唐嫣胡歌袁弘景甜郑爽这些明星竟然是同学,0
同学,杨优明,大使,驻特立尼达和多巴哥大使杨优明出席广东农科院与西印度大学农业技术合作谅解备忘录签字仪式,0
同学,达尔文,学生,澳洲查尔斯达尔文大学高就业率受学生青睐|学生|商科,0
同学,仲满,杨扬,肖钦仲满杨扬现身大学校园,0
同学,中国,富豪榜,中国大学创业富豪榜揭晓,0
同学,谢霆锋,陈冠希,陈冠希曾与谢霆锋是中学同学,1
同学,孙艺洲,陈赫,陈赫娶白富美孙艺洲结缘同窗（13）,0
同学,成立,大使,驻奥地利大使史明德出席维也纳大学孔子学院成立5周年庆典(组图),0
同学,伊拉斯谟,莫尔,专访荷兰鹿特丹伊拉斯谟大学校董莫尔,0
同学,乌斯,成立,康斯坦察“奥维迪乌斯”大学举行庆祝新中国成立60周年和中罗建交60周年研讨会,0
同学,张万学,席贝尔,驻塞尔维亚大使张万学应邀出席贝尔格莱德大学经济学院汉语和中国文化课推广活动,0
同学,章子怡,赵薇,赵薇章子怡青涩惊艳不及阔太同学胡静,1
同学,杨幂,刘烨,章子怡刘烨杨幂袁珊珊这些明星是同学,1
同学,黄晓明,佟大为,黄晓明邓超佟大为爆大学时囧事,0
同学,何鸿燊,何猷启,赌王何鸿燊22岁儿子何猷启大学毕业,0
同学,道金,杨文娟,仕道金略董事长杨文娟受邀参加”企业家进大学”大型就业创业公益巡讲活动,0
同学,阿比,李金章,驻巴西大使李金章在圣保罗法阿比大学发表演讲(组图),0
同学,大使,章启月,章启月大使在根特大学发表演讲,0
同学,陈思诚,张璇,陈思诚出轨杨幂同学张璇被骂惨,0
同学,仇伯华,大使,驻巴布亚新几内亚大使仇伯华出席戈洛卡大学一期宿舍楼落成暨二,0
同学,孙俪,杨幂,杨幂孙俪范冰冰大学毕业照曝光,0
同学,杨志坚,国家,中央广播电视大学校长杨志坚谈国家开放大学建设,0
同学,何雯娜,郭晶晶,郭晶晶何雯娜免高考上大学,0
同学,柯辉,李家成,北京电影学院影视金融班第二期柯辉同学新片《草根李家成》正式签约著名制片人崔宝珠,0
同学,黄晓明,时光,黄晓明赵薇陈坤北影大学时光毕业照（组图）,0
同学,中国,成功,驳斥杨振宁教授中国大学“很成功”论,0
同学,文章,唐嫣,文章唐嫣村长赵普陈赫郑恺杨幂袁珊珊竟然是同学,1
同学,乔治,梅森,美国乔治梅森大学经济学教授,0
同学,钟情,年轻人,年轻人为何钟情老年大学,0
同学,景甜,胡歌,文章唐嫣胡歌袁弘景甜郑爽这些明星竟然是同学,1
同学,法师,朱拉隆功,法鼓山果东法师获得泰国朱拉隆功大学佛教管理荣誉博士称号,0
同学,梅森,高圣远,揭秘新郎高圣远曾入读的乔治梅森大学,0
同学,吴启迪,陈良宇,陈良宇会见海内外知名大学校长代表希望论坛带来创新教育新理念促进上海的大学拓宽国际视野周济章新胜吴启迪殷一璀出席,0
同学,大使,阿卜杜拉,驻约旦大使郁红阳参观阿卜杜拉国王大学医院,0
同学,李金铭,娄艺潇,陈赫李金铭娄艺潇是同学,1
同学,金泰熙,李敏镐,金泰熙是首尔大学校花李敏镐是建国大学校草,0
同学,罗兰,陈国,肖千大使出席匈牙利罗兰大学东亚学院成立90周年暨匈汉学家陈国教授90岁生日庆典仪式,0
同学,李东东,国家,光明日报发表李东东《国家开放大学赋》贺开放大学成立,0
同学,邱国洪,华夏,邱国洪大使出席“加德满都大学孔子学院成立三周年庆典暨天津华夏未来少儿艺术团访尼演出”活动,0
同学,惠英红,章子怡,惠英红周迅章子怡香港金像奖最佳女主角历届名单（5）,0
同学,李涯,赵薇,李涯是赵薇同学,1
同学,陈晓,高中,惊爆陈晓与高中同学大玩同性恋,0
同学,任湘,学生,苏州市台联任湘清会长接待台湾大学生夏令营长荣大学学生,0
同学,大使,张鑫森,中国驻爱尔兰大使张鑫森代表国家汉办与科克大学签署《关于在科克大学合作建设孔子学院的协议》,0
同学,张靓颖,明星,看林志玲邓超张靓颖文章等明星秀自己的大学神秘爱恋,0
同学,林志玲,言承旭,言承旭周杰伦盘点林志玲历届男友,0
同学,王俊生,大学生,哈尔滨大学生王俊生4年骑单车接送残疾同学,0
同学,吴长胜,大使,中国驻哥伦比亚大使吴长胜出席潘普洛纳大学“中国文化周”活动并发表演讲,0
同学,钟汉良,唐嫣,电视剧何以笙箫默唐嫣钟汉良补拍大学戏份,0
同学,李长春,索夫,李长春参观埃里温布留索夫国立语言大学孔子学院,0
同学,林彪,毛泽东,表哥毛泽东老师周恩来同学林彪,0
同学,欧亚,成立,驻哈萨克斯坦大使周力在庆祝中哈建交20周年暨欧亚大学孔子学院成立五周年活动上的致辞,0
同学,剧中,高中,爱情面前谁怕谁剧中余小渔高中同学是谁扮演的,0
