妻子,王赓,国军,国军中将王赓托徐志摩照顾妻子陆小曼,0
妻子,苏瑞,汤姆,汤姆克鲁斯妻子凯蒂携女儿小苏瑞外出买蛋糕,0
妻子,蒙嘉慧,郑伊健,郑伊健谈妻子蒙嘉慧,1
妻子,林志玲,潘石屹,潘石屹与妻子互浇郭台铭点名林志玲,0
妻子,严重,阳洋,杨威妻子称儿子杨阳洋哮喘不严重|病情|哮喘,0
妻子,吴淑珍,马永成,陈水扁妻子吴淑珍和原副幕僚长马永成被起诉,0
妻子,李莉,满文军,满文军回应妻子李莉提前出狱,1
妻子,邵华,毛新宇,毛新宇和妻子刘滨为母亲邵华布置灵堂,0
妻子,成就,张欣,是妻子张欣成就了我,0
妻子,安在焕,郑善姬,已故韩星安在焕妻子郑善姬因自杀传闻决定复出,1
妻子,姚晨,凌潇肃,凌潇肃与妻子姚晨,1
妻子,吴镇宇,陆毅,吴镇宇老婆王丽萍与黄磊陆毅杨威曹格妻子PK厨艺,0
妻子,苍井空,马蓉,妻子马蓉美艳秒苍井空(2),0
妻子,不舍,高凌风,高凌风妻子出轨仍不舍离婚,0
妻子,廖凡,霍昕,廖凡与妻子霍昕深夜泡吧晒月光散步,1
妻子,张学友,罗美薇,张学友与妻子罗美薇婚变传闻后首度结伴现身,1
妻子,马月,葛天,刘翔妻子葛天与前男友马月拥吻照曝光,0
妻子,三浦友和,山口百惠,三浦友和赞妻子山口百惠是全球60亿人中的奇迹,1
妻子,刘建业,赵薇,刘建业妻子似赵薇,0
妻子,鲁哈尼,伊朗总统,伊朗总统鲁哈尼因妻子举办豪华舞会遭受攻击,0
妻子,吴萍,郎永淳,郎永淳妻子吴萍癌症,1
妻子,孙悦,李小鹏,孙悦李小鹏妻子美艳,0
妻子,毕有财,宁静,林永健携妻子加盟《毕有财》刘蓓宁静甘当绿叶,0
妻子,中国,刘欢,刘欢妻子卢璐现身《中国好声音》,0
妻子,李登辉,连方瑀,连战妻子连方瑀投书批李登辉(图),0
妻子,岳母,周滨,与周滨妻子岳母神秘相交,0
妻子,马德华,六小龄童,马德华曝六小龄童与妻子片场结缘《西游记》中的美艳妖精,0
妻子,林丽莹,吴尊,王中磊妻子王海珍吴尊老婆林丽莹,1
妻子,刘雅洁,康辉,央视主播康辉妻子刘雅洁曝光,1
妻子,建国,金正恩,金正恩偕妻子李雪主观看朝鲜建国65周年歌舞表演,0
妻子,张淑静,刘伯明,翟志刚的妻子张淑静以及刘伯明的妻子张瑶,0
妻子,不舍,甘雨,甘雨不舍强势妻子于慧,0
妻子,谢霆锋,张柏芝,张柏芝仍是谢霆锋妻子,1
妻子,施南生,徐克,徐克妻子施南生承认离婚乐乐上位,0
妻子,黄磊,王丽萍,吴镇宇老婆王丽萍与黄磊陆毅杨威曹格妻子PK厨艺,0
妻子,王铮亮,文薇,王铮亮与妻子文薇槟榔谷秀恩爱,1
妻子,国军,徐志摩,国军中将王赓托徐志摩照顾妻子陆小曼,0
妻子,前夫,邓蓉,传陈琳被前夫再婚妻子邓蓉逼死,0
妻子,张兆和,沈从文,沈从文死前仍将妻子张兆和第一封情书紧贴胸前,1
妻子,郜林,王晨,郜林妻子王晨"西"游记,1
妻子,黄梓琪,邓建国,邓建国与19岁妻子黄梓琪大秀恩爱,1
妻子,戎祥,赖芊合,戎祥妻子赖芊合声泪俱下证实老公过世,1
妻子,宋慧乔,高小英,李孝利携手宋慧乔张东健妻子高小英,0
妻子,乔丹,刘翔,刘翔妻子是张睿"老婆"乔丹娶队友女友,0
妻子,文章,明星,文章为妻子裸泳引明星效仿,0
妻子,周年,乔布斯,乔布斯给妻子的结婚20周年情书,0
妻子,孙楠,成龙,孙楠妻子买红妹公布成龙生日宴照片,0
妻子,金友庄,高凌风,高凌风妻子金友庄捐肾救母,1
妻子,贺子珍,林彪,贺子珍与林彪妻子在苏联孤苦伶仃遭虐待,0
妻子,窦唯,上海,窦唯上海大骂妻子高原,0
妻子,高飞,董璇,高云翔瞒着妻子董璇想"高飞",0
妻子,邓紫棋,陈晓,邓紫棋陷入父女恋赵丽颖陈晓借《妻子的秘密》传情,0
妻子,前夫,詹妮弗,妻子与詹妮弗前夫偷情,0
妻子,堺雅人,菅野美穗,堺雅人和妻子菅野美穗低调庆生场面温馨,1
妻子,金志文,金兰,金志文网晒妻子金兰大肚照,1
妻子,红霞,周迎春,记某部干部周迎春妻子提红霞,0
妻子,谭梅,朱军,朱军小6岁美艳妻子谭梅曝光|朱军|,1
妻子,连胜文,柯文哲,柯文哲妻子批连胜文夫妇,0
妻子,小沈阳,郭德纲,小沈阳妻子沈春阳与郭德纲“撞脸”,0
妻子,李秀文,叶挺,想起叶挺妻子李秀文,1
妻子,吴镇宇,王丽萍,吴镇宇老婆王丽萍与黄磊陆毅杨威曹格妻子PK厨艺,1
妻子,张定涵,王志飞,王志飞为妻子张定涵庆生,1
妻子,王惠,郭德纲,郭德纲二婚妻子王惠自拍卖萌照曝光,1
妻子,阿萨德,国家,叙利亚总统阿萨德携妻子到位于叙利亚国家广播电视台总部的投票站,0
妻子,刘芸,金三顺,郑钧妻子刘芸演中国版金三顺,0
妻子,李咏,哈文,葛优妻子贺聪李咏老婆哈文,1
妻子,叶一茜,田亮,田亮携妻子叶一茜水灵女儿Cindy温馨一家人图片频道,1
妻子,唐文龙,莫小棋,唐文龙怒打妻子莫小棋,1
妻子,李佳军,杨阳,李佳军和妻子与杨阳在《奥运大讲堂》叙旧,0
妻子,张萍,景海鹏,景海鹏的妻子张萍,1
妻子,陈浩民,陈雅薷,陈浩民妻子剖腹产女取名陈雅薷,0
妻子,李行亮,张玮,李行亮大婚送妻子“飞屋”张玮谭维维现场道贺,0
妻子,姜昆,和美,姜昆的聪慧妻子和美丽儿女,0
妻子,于慧,甘雨,甘雨不舍强势妻子于慧,1
妻子,姜文,舒淇,姜文妻子周韵介绍舒淇加盟《一步之遥》,0
妻子,杨开慧,虞美人,毛泽东第一次写情诗“虞美人”送给妻子杨开慧,0
妻子,宋兴,郭伯雄,郭伯雄看望模范工程师宋兴尧的妻子刘月芳,0
妻子,雪村,俞晴,雪村妻子俞晴拍性感写真庆女人节,1
妻子,伊涅斯塔,温柔,伊涅斯塔妻子温柔持家,0
妻子,冯小刚,徐帆,曝冯小刚从王志文手中抢走现任妻子徐帆内幕,1
妻子,黄旭,范雯,妻子范雯曾用乙肝骗黄旭,1
妻子,赵文卓,张丹露,赵文卓与妻子张丹露情侣装现身显甜蜜,1
妻子,刘恺威,赵丽颖,刘恺威赵丽颖《妻子的秘密》演绎“阴谋与爱情”,0
妻子,海军,刘月,郭伯雄看望海军模范工程师宋兴尧的妻子刘月芳,0
妻子,胡可,沙溢,沙溢返京陪妻子胡可待产,1
妻子,郎永淳,康辉,郎永淳美艳妻子PK康辉妻子,0
妻子,孙维世,林彪,林彪乘妻子怀孕暗追孙维世,0
妻子,甘萍,黎兵,与黎兵妻子甘萍观看比赛,1
妻子,马元,赵敐伊,马元携妻子赵敐伊做客《夫妻天下》,1
妻子,周星驰,向华强,向华强妻子陈岚炮轰周星驰,0
妻子,孙悦,上海,孙悦妻子陈露系上海一白富美,0
妻子,将军,许世友,老将许世友将军的3任妻子和10个子女今何在,0
妻子,张卫健,张茜,张卫健的妻子张茜流产北京休养,1
妻子,中国,卢璐,《中国好声音》评委刘欢携妻子卢璐现身机场,0
妻子,卡特,终结者,伯顿妻子卡特有望加盟《终结者4》,0
妻子,李玉刚,林丹,林丹妻子谢杏芳和李玉刚合唱“因为爱情”,0
妻子,安贞焕,权相佑,权相佑安贞焕妻子整容前雷人,0
妻子,林丹,谢杏芳,林丹妻子谢杏芳送行,1
妻子,马英九,吴敦义,吴敦义妻子挺马英九,0
妻子,易思玲,王义夫,易思玲师从王义夫妻子,0
妻子,李阳,封锁,李阳妻子称一直遭遇经济封锁,0
妻子,上海,韩寒,韩寒携妻子金丽华抵上海回家,0
妻子,刘欢,周年,50岁刘欢与妻子结婚26周年纪念照曝光,0
妻子,中国,何泽慧,钱三强妻子何泽慧逝世他们获誉中国居里夫妇,0
妻子,高凌风,林玉,高凌风第一任妻子林玉招现身灵堂,0
妻子,小龙女,连胜武,连胜武妻子顺产“小龙女”,0
妻子,丁玮,薛蛮子,薛蛮子妻子丁玮曝光,1
妻子,李靓蕾,范玮琪,王力宏妻子李靓蕾怀孕5个月范玮琪送祝福遭粉丝催生,0
妻子,安娜,姚晨,姚晨微博爆料刘烨法国妻子安娜已怀孕,0
妻子,中国,王恩德,中国获救工程师王恩德和遇难者王鹏的妻子返京,0
妻子,王志文,徐帆,曝冯小刚从王志文手中抢走现任妻子徐帆内幕,0
妻子,壮丽,高雅,妻子壮丽气质高雅图片频道,0
妻子,汤玲玲,刘翔,刘翔丈母娘葛天妈妈汤玲玲模特旧照pk刘翔妻子葛天整容前旧照,0
妻子,邓婕,张国立,张国立妻子邓婕罕见青涩照曝光,1
妻子,吴尊,王中磊,王中磊吴尊李小鹏神秘妻子身份揭秘,0
妻子,黄美芸,高锟,高锟与妻子黄美芸为脑退化基金筹款,1
妻子,李心洁,彭顺,导演彭顺背妻子李心洁偷食,1
妻子,伯格,朱克,华裔妻子督促朱克伯格学汉语,0
妻子,金正恩,金日成,媒体称金正恩妻子系金日成综合大学在读博士生(2),0
妻子,金珠,巩汉林,巩汉林妻子金珠师父金炳昶逝世,1
妻子,王恩德,王鹏,获救工程师王恩德和遇难者王鹏妻子返京,0
妻子,马月,刘翔,刘翔妻子葛天与前男友马月拥吻照曝光,0
妻子,成就,黄光裕,黄光裕妻子杜鹃成就一代首富,0
妻子,王宝强,李连杰,吴彦祖李连杰王宝强甄子丹男星低调妻子美艳比拼,0
妻子,贺治华,朱德,1928年周恩来下令处决朱德原妻子贺治华内幕,0
妻子,赵丽颖,唐嫣,赵丽颖《妻子的秘密》唐嫣《风云天地》刘恺威一男战二女图片频道,0
妻子,龚如心,陈振聪,陈振聪为证与龚如心有染竟逼妻子作证,0
妻子,陈水扁,吴淑珍,邱毅指陈水扁妻子吴淑珍炒股被控告,1
妻子,苗侨伟,戚美珍,苗侨伟51岁妻子戚美珍近照曝光,1
妻子,梁祝,盛中国,盛中国携妻子再奏“梁祝”,0
妻子,舒马赫,家人,舒马赫妻子不希望家人被打扰,0
妻子,王志文,冯小刚,曝冯小刚从王志文手中抢走现任妻子徐帆内幕,0
妻子,刘德华,红线女,刘德华携妻子朱丽倩出席红线女广州葬礼,0
妻子,王菁,何炅,何炅妻子王菁曝光破断背传闻,1
妻子,谢亚龙,杜伊,杜伊回应与谢亚龙妻子传闻,0
妻子,小沈阳,沈春阳,小沈阳妻子沈春阳,1
妻子,郑少秋,沈殿霞,郑少秋妻子首谈插足沈殿霞,0
妻子,陈琳,邓蓉,妻子邓蓉疑似逼死陈琳(图),0
妻子,邵华,刘思齐,毛岸英妻子刘思齐回忆妹妹邵华,0
妻子,陈道明,姜昆,姜昆刘欢陈道明妻子旧照曝光,0
妻子,安东尼,霍普金斯,安东尼－霍普金斯携妻子到达红毯,0
妻子,武大郎,西门庆,武大郎的妻子西门庆,1
妻子,黄国伦,寇乃馨,采访音乐人黄国伦和妻子寇乃馨,1
妻子,建国,周年,金正恩偕妻子观看朝鲜建国65周年歌舞表演,0
妻子,陈红,洪晃,陈凯歌前任妻子洪晃和现任妻子陈红,0
妻子,杜鹃,黄光裕,揭秘黄光裕妻子杜鹃,1
妻子,陶虹,徐峥,徐峥携妻子小陶虹办《泰囧》答谢宴,1
妻子,陆毅,孙莉,杨威老婆黄磊孙莉陆毅妻子,0
妻子,莫斯利,拜纳姆,莫斯利的妻子盘点拜纳姆脑残举动,0
妻子,梅兰芳,田苏菲,被称田苏菲很像梅兰芳妻子,0
妻子,李双江,梦鸽,李天一是李双江与其第二任妻子梦鸽的儿子,1
妻子,巴图,英达,英达疑因妻子爱较劲不认巴图,0
妻子,童年,石头,妻子曝郭涛与石头童年对比照,0
妻子,吴晓敏,朴树,朴树妻子吴晓敏,1
妻子,严重,张学友,张学友妻子严重洁癖,0
妻子,海军,郭伯雄,郭伯雄看望海军模范工程师宋兴尧的妻子刘月芳,0
妻子,郭涛,李靓蕾,郭涛妻子李燃王力宏娶李靓蕾,0
妻子,中国,朱莉,妻子为中国版"安吉丽娜朱莉",0
妻子,张雨绮,常秀,与妻子张雨绮结婚3年常秀恩爱,0
妻子,孙秀英,雷锋,“雷锋传人”郭明义的妻子孙秀英素描,0
妻子,连战,连方瑀,连战妻子连方瑀投书批李登辉,1
妻子,陆毅,黄磊,《爸爸去哪儿2》黄磊晒孙莉版正牌“矿工与妻子”狠甩陆毅,0
妻子,高飞,高云翔,高云翔瞒着妻子董璇想“高飞”,0
妻子,郎永淳,朱军,郎永淳朱军妻子美貌李咏妻有才,0
妻子,查韦斯,马杜罗,查韦斯女儿与马杜罗妻子争夺总统官邸,0
妻子,李姬镐,卢武铉,卢武铉之妻安慰金大中妻子李姬镐女士(图),0
妻子,吴速玲,曹格,曹格妻子吴速玲,1
妻子,利智,周润发,李连杰妻子利智被爆曾遭周润发羞辱,0
妻子,贺治华,周恩来,1928年周恩来下令处决朱德原妻子贺治华内幕,0
妻子,前夫,张子健,李婷前夫张子健抛弃癌症妻子替富婆养儿子,0
妻子,孙丽雅,齐秦,齐秦妻子孙丽雅,1
妻子,高娅媛,俞思远,高娅媛和俞思远妻子是同性恋人,0
妻子,李咏,葛优,葛优妻子贺聪李咏老婆哈文,0
妻子,郭靖宇,岳丽娜,郭靖宇与妻子岳丽娜微博秀恩爱,1
妻子,潘石屹,郭台铭,潘石屹与妻子互浇郭台铭点名林志玲,0
妻子,梁雅娣,罗洗河,罗洗河妻子梁雅娣,1
妻子,刘伯明,张瑶,刘伯明的妻子张瑶,1
妻子,钟荐勤,徐宏,钟荐勤烈士的妻子徐宏,1
妻子,张晶,夏俊峰,夏俊峰下葬现场妻子张晶再度昏厥,1
妻子,刘绪敏,邹涛,刘绪敏与妻子邹涛做客深圳卫视《大娱乐家》,1
妻子,白恩培,张慧,白恩培妻子张慧清被撤销云南省政协常委资格,0
妻子,向前,欧文龙,向前高官欧文龙妻子提起控诉,0
妻子,陆毅,王丽萍,吴镇宇老婆王丽萍与黄磊陆毅杨威曹格妻子PK厨艺,0
妻子,明星,休伊特,休伊特颁奖礼亲吻明星妻子,0
妻子,孙红雷,王骏迪,起底孙红雷妻子王骏迪,1
妻子,周年,李雪主,金正恩偕妻子李雪主观看朝鲜建国65周年歌舞表演,0
妻子,叶一茜,水灵,田亮携妻子叶一茜水灵女儿Cindy温馨一家人图片频道,0
妻子,开心,许诺,新郎许诺让妻子永远开心(图),0
妻子,牛牛,赵本山,赵本山陪妻子马丽娟及儿子牛牛逛街购物,0
妻子,郭台铭,曾馨莹,郭台铭与妻子曾馨莹恩爱共舞,1
妻子,高兴,希尔,希尔退役妻子高兴,0
妻子,林益世,彭爱佳,林益世妻子彭爱佳今赴特侦组应讯,1
妻子,吴镇宇,曹格,吴镇宇老婆王丽萍与黄磊陆毅杨威曹格妻子PK厨艺,0
妻子,孔杰,高圆圆,孔杰巴厘岛举行婚礼妻子似高圆圆,0
妻子,徐帆,冯小刚,冯小刚和妻子徐帆携家人南山祈福,1
妻子,李靓蕾,李燃,郭涛妻子李燃王力宏娶李靓蕾,0
妻子,陶虹,杨子,杨子与妻子陶虹12岁漂亮女儿近照曝光(图),1
妻子,甄子丹,赵本山,赵本山李连杰甄子丹开扒男星历任妻子罕见照,0
妻子,傅彪,张秋芳,傅彪妻子张秋芳宣传《气喘吁吁》,1
妻子,吴彦祖,林熙蕾,吴彦祖妻子暗示曾遭林熙蕾插足,0
妻子,杨威,陆毅,吴镇宇老婆王丽萍与黄磊陆毅杨威曹格妻子PK厨艺,0
妻子,大王,邓文迪,传媒大王默多克与妻子邓文迪分居,0
妻子,杜海涛,吴昕,何炅妻子大何炅3岁杜海涛偷吻吴昕,0
妻子,陈坚红,王志文,王志文妻子陈坚红背景揭秘,1
妻子,金炳昶,巩汉林,巩汉林妻子金珠师父金炳昶经典老照片,0
妻子,孟庭苇,李阳,李阳家暴妻子孟庭苇情伤难愈,1
妻子,将军,李贞,妻子李贞也是将军,0
妻子,贺聪,李咏,葛优妻子贺聪李咏老婆哈文,0
妻子,江南,刘滨,妻子刘滨系江南美女诞下爱子毛东东,0
妻子,伯德,米勒,滑雪运动员伯德米勒打高尔夫击中妻子缝五十多针,0
妻子,张睿,刘翔,刘翔妻子是张睿"老婆"乔丹娶队友女友,0
妻子,郑少秋,孙楠,赵本山郑少秋孙楠“抛弃妻子”遭痛骂的十大男星,0
妻子,杨威,吴镇宇,吴镇宇老婆王丽萍与黄磊陆毅杨威曹格妻子PK厨艺,0
妻子,刘德华,梁家辉,成龙张学友刘德华梁家辉妻子用情专一绝色女星,0
妻子,林丽莹,王中磊,王中磊妻子王海珍吴尊老婆林丽莹,0
妻子,郁达夫,王映霞,郁达夫妻子王映霞曾为戴笠堕胎,1
妻子,周立波,胡洁,胡洁组建“上海交响乐菁英会”妻子当会长周立波吆喝,1
妻子,葛天,刘翔,刘翔妻子葛天新戏演妓女,1
妻子,张睿,乔丹,刘翔妻子是张睿"老婆"乔丹娶队友女友,0
妻子,冯小宁,刘小微,冯小宁《落经山》被妻子刘小微调侃完美主义,1
妻子,黄磊,曹格,与黄磊陆毅杨威曹格妻子PK厨艺,0
妻子,黄宏,董卿,黄宏将邀请董卿客串妻子,0
妻子,kimi,陈若仪,妻子陈若仪儿子kimi生活照曝光,0
妻子,成功,朱丽倩,妻子朱丽倩怀孕成功,0
妻子,翁帆,上海,杨振宁携妻子翁帆赴上海祝贺复旦大学百年华诞,0
妻子,哈德,海明威,海明威妻子哈德莉弄丢海明威书稿始末,0
妻子,王亮,张楚格,王亮妻子张楚格闯进超女5强,1
妻子,胡军,刘嘉玲,胡军自曝妻子吃刘嘉玲醋(图),0
妻子,吴尊,林丽莹,吴尊妻子林丽莹最神秘,1
妻子,阿朵,沈欢,与首任妻子沈欢3天闪婚曾恋阿朵,0
妻子,利智,李连杰,李连杰妻子利智大尺度旧照,1
妻子,金正恩,李雪,金正恩的妻子李雪洙简历,0
妻子,罗姆尼,安娜,罗姆尼妻子安娜开始接受特勤局特工全天候保护(图),1
妻子,李安琪,李小鹏,李小鹏妻子李安琪,1
妻子,毕有财,刘蓓,林永健携妻子加盟《毕有财》刘蓓宁静甘当绿叶,0
妻子,陆小曼,胡适,胡适与徐志摩妻子陆小曼隐秘爱情,0
妻子,陈实,沙溢,陈实新剧饰演沙溢妻子,0
妻子,阳洋,杨威,杨威妻子回应杨阳洋哮喘争议,0
妻子,寇静,张亮,天天被粉丝吓哭张亮和妻子寇静忙安慰儿子(图),1
妻子,段奕宏,李连杰,段奕宏王宝强李连杰吴彦祖男星低调妻子美艳比拼,0
妻子,建国,李雪主,金正恩偕妻子李雪主观看朝鲜建国65周年歌舞表演,0
妻子,崔永元,方舟子,方舟子称崔永元污蔑其妻子,0
妻子,戴笠,王映霞,郁达夫妻子王映霞为戴笠秘密堕胎,0
妻子,保罗,戴维斯,马特戴维斯亲吻保罗韦斯利的妻子,0
妻子,边缘,舒马赫,舒马赫妻子处于崩溃边缘,0
妻子,汪诗诗,周年,与妻子汪诗诗结婚10周年,0
妻子,刘恺威,王智,《妻子的秘密》王智搭档刘恺威,0
妻子,陆毅,曹格,与黄磊陆毅杨威曹格妻子PK厨艺,0
妻子,王丽萍,吴镇宇,吴镇宇妻子王丽萍首亮相,1
妻子,毛东东,刘滨,妻子刘滨诞爱子毛东东,0
妻子,杨威,曹格,与黄磊陆毅杨威曹格妻子PK厨艺,0
妻子,郭涛,王力宏,郭涛妻子李燃王力宏娶李靓蕾(图),0
妻子,孙莉,杨威,杨威老婆黄磊孙莉陆毅妻子,0
妻子,白发,赵丹,白发妻子忆赵丹,0
妻子,王力宏,林志颖,林志颖妻子偶像是王力宏,0
妻子,谭梅,爱相随,妻子谭梅气质佳恩爱相随,0
妻子,郭涛,李燃,郭涛妻子李燃王力宏娶李靓蕾(图),1
妻子,吴彦祖,王宝强,段奕宏王宝强李连杰吴彦祖男星低调妻子美艳比拼,0
妻子,姚晨,刘烨,姚晨微博爆料刘烨法国妻子安娜已怀孕,0
妻子,王力宏,李燃,郭涛妻子李燃王力宏娶李靓蕾,0
妻子,英达,梁欢,英达与妻子梁欢逛超市,1
妻子,中国,曹德旺,中国首善曹德旺的妻子是如何要分手费,0
妻子,唐一菲,姚晨,凌潇肃妻子唐一菲曾拒绝祝福姚晨有内幕,0
妻子,吴彦祖,林志颖,吴彦祖老婆是富二代林志颖妻子是高官之女,0
妻子,穆尔西,武力,穆尔西妻子“突然”露面埃及或面临新一轮武力清场,0
妻子,邵华,刘滨,毛新宇和妻子刘滨为母亲邵华布置灵堂,0
妻子,鲍蕾,陆毅,八小妹揭《爸爸》陆毅妻子鲍蕾,1
妻子,林俊德,黄建琴,林俊德院士的妻子黄建琴如是说,1
妻子,甄子丹,吴彦祖,吴彦祖李连杰王宝强甄子丹男星低调妻子美艳比拼,0
妻子,周恩来,朱德,1928年周恩来下令处决朱德原妻子贺治华内幕,0
妻子,杨振宁,明星,91岁杨振宁36岁妻子翁帆领衔娱乐圈大玩师生恋的明星,0
妻子,聂远,刘芸,妻子刘芸曾是聂远女友,0
妻子,康熙大帝,朱娜,沙宝亮妻子朱娜曾出演康熙大帝,0
妻子,莫少聪,孙云玲,莫少聪妻子孙云玲挺7月孕肚,1
妻子,代为,高锟,诺贝尔奖得主高锟今日由妻子代为发表得奖演说,0
妻子,朱莉,安妮斯顿,皮特两妻子安妮斯顿PK朱莉(图),0
妻子,陈水扁,邱毅,邱毅"祝贺"陈水扁妻子生日,0
妻子,孙俪,杨幂,主演是杨幂妻子孙俪客串,0
妻子,李小璐,马蓉,妻子马蓉私照媲美李小璐,0
妻子,王学兵,张璇,王学兵全家度假妻子张璇丰腴现身,1
妻子,米娅,希尔,希尔歌星妻子塔米娅,0
妻子,姜文,周韵,姜文妻子周韵戴大帽子拍写真,1
妻子,蔡依珊,连胜文,连胜文与妻子蔡依珊首度同台,1
妻子,刘晓庆,杨振宁,91岁杨振宁携36岁妻子捧场刘晓庆话剧,0
妻子,陈红,陈凯歌,传陈凯歌妻子陈红身家惊人,1
妻子,阿瑟,阿什,克林顿阿瑟阿什妻子合影,0
妻子,战东,王晖,沈战东妻子王晖,0
妻子,景甜,乌龙,上影节开幕红毯景甜被错认成甄子丹妻子尴尬闹乌龙,0
妻子,刘芸,郑钧,郑钧妻子刘芸熊抱男演员,1
妻子,北岛康介,朱丹,北岛康介妻子长相似朱丹,0
妻子,小沈阳,赵本山,小沈阳自曝和妻子未婚同居剧中骂赵本山,0
妻子,中国,郑钧,郑钧妻子刘芸演中国版金三顺,0
妻子,刘志兰,左权,左权写给妻子刘志兰的信,1
妻子,任志强,张欣,任志强潘石屹“好基友”张欣是潘石屹的第三任妻子,0
妻子,黄圣依,杨子,杨子妻子远胜黄圣依,0
妻子,郭靖宇,剧中,郭靖宇妻子剧中很抢戏,0
妻子,中国,德罗巴,德罗巴妻子正办理中国签证,0
妻子,马云和,张瑛,马云和其妻子张瑛的故事,0
妻子,本色,叶莉,姚明妻子叶莉人称本色美女,0
妻子,杨威,杨云,杨威携妻子杨云现身品水大赛,1
妻子,甄子丹,王宝强,吴彦祖李连杰王宝强甄子丹男星低调妻子美艳比拼,0
妻子,陈凯歌,洪晃,陈凯歌前任妻子洪晃和现任妻子陈红,0
妻子,梅兰芳,赵薇,赵薇像梅兰芳妻子,0
妻子,班古拉,吕刚,班古拉妻子要向吕刚索赔,0
妻子,毕有财,林永健,林永健携妻子加盟《毕有财》刘蓓宁静甘当绿叶,0
妻子,邵逸夫,方逸华,邵逸夫妻子方逸华拍板重新起用陈志云,1
妻子,艺人,梁正群,台艺人梁正群与妻子闪电离婚,0
妻子,程橙子,真诚,妻子程橙子真诚善良,0
妻子,陈聪明,陈义雄,陈义雄妻子拜会陈聪明,0
妻子,张杰,曹格,我是歌手张杰勿忘心安突围曹格妻子现身,0
妻子,贝克汉姆,维多利亚,贝克汉姆晒妻子维多利亚照片,1
妻子,姚沁蕾,叶莉,妻子叶莉和女儿姚沁蕾同行做慈善,0
妻子,买红妹,孙楠,孙楠妻子买红妹照片,1
妻子,王中磊,吴尊,王中磊妻子王海珍吴尊老婆林丽莹,0
妻子,杨威,黄磊,吴镇宇老婆王丽萍与黄磊陆毅杨威曹格妻子PK厨艺,0
妻子,杨威,王丽萍,吴镇宇老婆王丽萍与黄磊陆毅杨威曹格妻子PK厨艺,0
妻子,张纪中,樊馨蔓,张纪中神秘妻子樊馨蔓身份曝光,1
妻子,贺聪,哈文,葛优妻子贺聪李咏老婆哈文,0
妻子,赵卓娜,韩寒,曝韩寒撇怀孕妻子幽会赵卓娜,0
妻子,曹格,陆毅,吴镇宇老婆与黄磊陆毅杨威曹格妻子PK厨艺,0
妻子,阿拉法特,贝尔,贝尔西军医院已将阿拉法特病历交给其妻子苏哈,0
妻子,周苏红,上海,妻子周苏红请假赴上海探望,0
妻子,冯远征,梁丹妮,52岁冯远征与妻子梁丹妮早年婚纱照曝光,1
妻子,陈丽华,迟重瑞,唐僧迟重瑞妻子陈丽华身家365亿,1
妻子,刘德华,周润发,刘德华曾暗恋周润发妻子陈玉莲,0
妻子,周晓亚,文强,文强妻子周晓亚,1
妻子,王宝强,段奕宏,段奕宏王宝强李连杰吴彦祖男星低调妻子美艳比拼,0
妻子,杨胜华,前夫,周立波妻子胡洁之前夫杨胜华归国投案被检察机关逮捕,0
妻子,溥仪,李淑贤,李淑贤成为溥仪主动追求主动挑选的唯一妻子,1
妻子,孙悦,张宗宪,孙悦妻子PK张宗宪女友,0
妻子,马兰,余秋雨,余秋雨谈和妻子马兰感情,1
妻子,佟大为,关之琳,佟大为妻子被曝是关之琳堂妹,0
妻子,大使,申奥,外星人妻子出任申奥大使,0
妻子,周苏红,汤淼,汤淼微博作诗鼓励妻子周苏红复出,1
妻子,药家鑫,张妙,张妙丈夫称药家鑫不死妻子不葬,0
妻子,张歆艺,王志飞,张歆艺前男友王志飞为妻子庆生,0
妻子,大理,徐峥,徐峥妻子陶虹携女儿游大理,0
妻子,夏日,伊娃,帕克妻子伊娃夏日清爽写真美艳动人,0
妻子,艾琳,虎子,妻子艾琳成功产下虎子,0
妻子,王珞丹,韩寒,传韩寒因王珞丹与妻子零交流,0
妻子,马英九,周美青,马英九妻子周美青,1
妻子,朴树,周迅,朴树妻子谈周迅,0
妻子,林志玲,郭台铭,潘石屹与妻子互浇郭台铭点名林志玲,0
妻子,何鸿燊,黎婉华,澳门赌王何鸿燊的第一任妻子黎婉华,0
妻子,吴君如,陈可辛,陈可辛力挺妻子吴君如,1
妻子,孙俪,邓超,邓超调侃妻子孙俪,1
妻子,杨秀珠,胡洁,周立波妻子胡洁或卷入温州“杨秀珠腐败串案”,0
妻子,舒米,马场,舒米也为妻子建马场,0
妻子,鲁艾,米歇尔,碧昂丝携女儿布鲁艾薇为奥巴马妻子米歇尔庆生|女儿|碧昂丝,0
妻子,李好,郭晓敏,李好妇女节晒妻子郭晓敏孕照,1
妻子,德普,霍尔,霍尔扮演德普妻子,0
妻子,检察官,成功,检察官帮妻子成功抗诉,0
妻子,甄子丹老婆,翁美玲,甄子丹老婆美艳汤镇业妻子输旧爱翁美玲,0
妻子,陈红,阿娇,阿娇瓜分陈红戏份演梅兰芳二任妻子,0
妻子,刘月,宋兴,郭伯雄看望模范工程师宋兴尧的妻子刘月芳,0
妻子,张楠,滕海滨,滕海滨和妻子张楠图文,1
妻子,彭雪枫,林颖,记彭雪枫与妻子林颖,1
妻子,曹郁,果静林,果静林妻子去世曹郁离婚,0
妻子,刘芸,石头,李晨曾送郑钧妻子刘芸心形石头,0
妻子,毛玉萍,周正毅,上海首富周正毅妻子毛玉萍欲终止聆讯失败,1
妻子,霍思燕,刘翔,刘翔妻子葛天曾与霍思燕老公同台竞赛青涩照曝光,0
妻子,安德斯,安妮,安德斯斯文森与妻子安妮,0
妻子,张淑静,翟志刚,翟志刚的妻子张淑静,1
妻子,金巧巧,于冬,于冬与妻子金巧巧回京,1
妻子,乐乐,徐克,徐克妻子施南生承认离婚乐乐上位,0
妻子,中国,薛明,中国最后一位元帅夫人贺龙妻子薛明逝世(高清组图),0
妻子,成功,艾琳,妻子艾琳成功产下虎子,0
妻子,张雨绮,周星驰,王全安妻子张雨绮曾因广告获周星驰欣赏,0
妻子,林志玲,林志颖,林志颖将与妻子“小林志玲”大婚,0
妻子,英达,陈婷,张艺谋妻子陈婷借英达事件斥“葫芦娃”造谣者,0
妻子,金丽华,韩寒,韩寒和妻子金丽华机场迷路转晕向,1
妻子,林青霞,徐克,曝徐克妻子设宴邀林青霞复出,0
妻子,哈文,李咏,李咏妻子哈文担任龙年央视春晚总导演,1
妻子,贺聪,葛优,葛优与妻子贺聪婚恋史曝光,1
妻子,顾长卫,蒋雯丽,顾长卫夸赞妻子蒋雯丽,1
妻子,杨开慧,毛泽东,毛泽东第一次给妻子杨开慧写情诗,1
妻子,真谛,高燕萍,“最美妻子”高燕萍诠释爱情真谛,0
妻子,黄晓明,岳飞,黄晓明谈《精忠岳飞》中完美妻子,0
妻子,查尔斯,王储,英王储查尔斯趁妻子不在偷瞄走光女舞者,0
妻子,劳拉,阿里纳斯,奥尼尔绯闻情妇之阿里纳斯的妻子劳拉,1
妻子,白岩松,朱军,赵忠祥李咏朱军白岩松揭秘央视名嘴的妻子(图),0
妻子,赵忠祥,张美珠,赵忠祥神秘妻子张美珠首曝光,1
妻子,贾静雯,孙志浩,贾静雯老公孙志浩豪门争产要抢妻子收入,1
妻子,徐大雯,宋祖德,宋祖德登报向已故导演谢晋妻子徐大雯致歉,0
妻子,哈文,任龙,李咏妻子哈文或任龙年春晚导演,0
妻子,琦琦,任达华,任达华携妻子琦琦甜蜜代言,1
妻子,杨文广,穆桂英,穆桂英其实是杨文广的妻子(图),1
妻子,上海,金丽华,韩寒携妻子金丽华抵上海回家,0
妻子,沈春阳,郭德纲,小沈阳妻子沈春阳与郭德纲“撞脸”,0
妻子,王晓蓉,王中磊,王中磊妻子王晓蓉大方得体,1
妻子,曹格,杨威,吴镇宇老婆与黄磊陆毅杨威曹格妻子PK厨艺,0
妻子,孙悦,高达,孙悦妻子腕表售价高达235万,0
妻子,姚明,叶莉,姚明携妻子叶莉亮相火箭慈善活动,1
妻子,王石,王江穗,王石妻子王江穗发声明承认离婚,0
妻子,岳飞,林心如,林心如演岳飞妻子,0
妻子,周立波,郑少秋,周立波郑少秋背负抛弃妻子骂名,0
妻子,毛剑卿,陈雷,陈雷婚礼毛剑卿妻子惊艳抢镜,0
妻子,方舟子,崔永元,崔永元指方舟子妻子论文造假,0
妻子,王玉玲,张灵甫,王玉玲只是张灵甫第三任妻子,0
妻子,赵薇,刘烨,刘烨畅谈《人间》赞“妻子”赵薇演技,0
妻子,薄熙来,王立军,王立军证言称薄熙来了解妻子与尼尔,0
妻子,陈冠希,王思乔,陈冠希妻子王思乔性感私密照,1
妻子,陆毅,杨威,与黄磊陆毅杨威曹格妻子PK厨艺,0
妻子,潘石屹,张欣,张欣是潘石屹的第三任妻子,1
妻子,汤镇业,翁美玲,甄子丹老婆美艳汤镇业妻子输旧爱翁美玲,0
妻子,宋楚瑜,陈万水,亲民党幕僚否认宋楚瑜妻子陈万水癌症晚期,1
妻子,唐僧,迟重瑞,唐僧迟重瑞频繁陪妻子外出,0
妻子,李婷,张子健,李婷前夫张子健抛弃癌症妻子替富婆养儿子,0
妻子,阳春,韩雯,阳春何昭亮情妇李梅个人资料和妻子韩雯近况,0
妻子,陶虹,大理,徐峥妻子陶虹携女儿游大理,0
妻子,王菁,黄磊,何炅携妻子王菁与黄磊夫妇碰面,0
妻子,邓紫棋,赵丽颖,邓紫棋陷入父女恋赵丽颖陈晓借《妻子的秘密》传情,0
妻子,唐静,王新军,王新军妻子唐静表示没有离婚(图),1
妻子,徐濠萦,汤唯,陈奕迅妻子徐濠萦自称与女儿像汤唯,0
妻子,朱军,鲁健,朱军鲁健妻子美艳动人,0
妻子,张瑛,马云,马云妻子张瑛是“贤内助”(组图),1
妻子,毛新宇,刘滨,毛新宇和妻子刘滨25日正在布置灵堂,1
妻子,萧十一郎,张宇,张宇妻子萧十一郎晒“夫妻脸”合照,1
妻子,权相宇,张柏芝,权相宇妻子情史堪比张柏芝,0
妻子,杨柳,哈辉,央视主持人杨柳第五任妻子哈辉曝光,1
妻子,刘德华,成龙,成龙张学友刘德华梁家辉妻子用情专一绝色女星（3）,0
妻子,查尔斯,哈珀,英国王储查尔斯与妻子卡米拉同加拿大总理哈珀交谈,0
妻子,达尔文,爱玛,达尔文写给妻子爱玛,1
妻子,徐大雯,谢晋,宋祖德登报向已故导演谢晋妻子徐大雯致歉,1
妻子,唐僧,徐少华,曝55岁“唐僧”徐少华妻子近照,0
