撞衫,汤镇业,罗中旭,汤镇业罗中旭等群星闪耀“2014正能量时尚大典”,0
撞衫,周迅,舒淇,舒淇与巩俐周迅等当红女星撞衫“不输阵”,1
撞衫,中国,明星,那英领衔2014春夏巴黎时装周中国明星时尚权力榜,0
撞衫,李冰冰,王菲,王菲孙俪范冰冰李冰冰女星越老越穿越时尚(图),0
撞衫,杨幂,郑爽,郑爽杨幂领衔时尚假发风潮,0
撞衫,刘诗诗,周迅,周迅李嘉欣刘诗诗撞衫张歆艺谁胜出,0
撞衫,范冰冰,林心如,《还珠格格》赵薇范冰冰林心如时尚蜕变,0
撞衫,刘诗诗,全智贤,全智贤刘诗诗王珞丹连环撞衫,1
撞衫,莫奈,全智贤,“阿莫奈”李多海卡通棒球衫隔剧撞衫全智贤新闻频道,0
撞衫,王家卫,夏永康,王家卫御用摄影师夏永康眼中的北京时尚偶像,0
撞衫,黄奕,赵薇,李晟赵薇黄奕三代小燕子时尚大比拼,0
撞衫,王艳,明星,范冰冰王艳衣服轮流穿明星古装造型撞衫,0
撞衫,皇帝,韦德,韦德皇帝领衔全明星时尚潮男,0
撞衫,黄晓明,葛优,黄晓明"撞衫"葛优赵又廷"撞"郭德纲,1
撞衫,李冰冰,李湘,李湘那英李冰冰赵薇时尚绝缘体,0
撞衫,杨颖,范冰冰,舒淇杨颖汤唯黄圣依盘点与范冰冰撞衫的女星,1
撞衫,钟丽缇,佟丽娅,佟丽娅钟丽缇时尚大片,0
撞衫,朱智勋,李光洙,池城朱智勋李光洙时尚画报公开,0
撞衫,赵子琪,白骨精,《时尚女编辑》赵子琪挑战职场白骨精,0
撞衫,古天乐,李民浩,葛优郭富城古天乐黄晓明罗志祥元彬玄彬李民浩等大撞衫,0
撞衫,孙俪,吴尊,孙俪刘诗诗林志玲赵薇吴尊明星脸“撞衫”吓坏亲妈,0
撞衫,韩雨芹,吴秀波,韩雨芹时尚搞定吴秀波,0
撞衫,杨幂,蔡依林,杨幂蔡依林露踝裤打造时尚美腿,0
撞衫,杜鹃,刘诗诗,超模杜鹃撞衫刘诗诗,1
撞衫,孙杨,刘翔,刘翔姚明成过去孙杨为时尚早,0
撞衫,严智苑,严正花,严智苑韩惠珍孙艺珍严正花撞衫,0
撞衫,张蓝心,明星,#张蓝心#上海参加#明星街拍盛典##新浪街拍时尚红毯#,0
撞衫,夏日,姚贝娜,姚贝娜夏日时尚街拍,0
撞衫,黄渤,柏林,宁浩徐峥黄渤柏林时尚街拍,0
撞衫,张俪,双子,张俪双子时尚季,0
撞衫,谢娜,梁静茹,梁静茹谢娜与时尚无缘,0
撞衫,韩孝珠,高修,李秉宪韩彩英韩孝珠高修时尚婚纱写真,0
撞衫,张歆艺,胡军,张歆艺胡军出席时尚活动,0
撞衫,周迅,柳岩,李纹/柳岩/周迅/杨幂“撞衫”,0
撞衫,吴晓敏,军嫂,吴晓敏被赞“最时尚军嫂”,0
撞衫,景逸,风行,风行景逸时尚版原价99800元,0
撞衫,王菲,赵薇,时尚王菲赵薇范冰冰,0
撞衫,周迅,林依晨,周迅林依晨冬季大衣时尚搭,0
撞衫,高圆圆,姚晨,孙俪高圆圆姚晨登《时尚健康》九周年封面,0
撞衫,风光,明星,明星时尚奥运誓与体育抢风光,0
撞衫,段奕宏,徐若瑄,段奕宏变时尚徐若瑄柔情,0
撞衫,高雄,林又立,台湾名模林又立在高雄地铁内上演时尚列车秀,0
撞衫,刘向京,成功,刘向京成功转型时尚型男,0
撞衫,李宇春,张艺谋,张艺谋巩俐李宇春入选新中国60年10大时尚人物,0
撞衫,张曼玉,明星,张曼玉携百位明星拍时尚大片,0
撞衫,小龙女,陈妍希,陈妍希时尚灾难傻姑版小龙女|陈妍希|时尚,0
撞衫,贝克汉姆,林志颖,林志颖贝克汉姆“重口味”有爱奶爸时尚照,0
撞衫,王丽坤,霍思燕,王丽坤霍思燕衬衫内搭外穿都时尚,0
撞衫,孙悦,王菲,孙悦撞衫天后王菲,1
撞衫,伊能静,刘诗诗,刘诗诗伊能静时尚大比拼,0
撞衫,夏日,李晟,小燕子李晟夏日时尚大片,0
撞衫,张根硕,明星,时尚明星达人张根硕宋钟基帅搭仔裤,0
撞衫,林俊杰,张辛苑,林俊杰阿sa张辛苑时尚潮装现身活动,0
撞衫,张梓琳,倪妮,佟丽娅白裙撞衫倪妮张梓琳,1
撞衫,陈红,范冰冰,范冰冰与陈红“半撞衫”,1
撞衫,萧亚轩,范冰冰,范冰冰萧亚轩撞衫,1
撞衫,红火,明星,众时尚明星示范喜庆红火圣诞装(组图),0
撞衫,陈志朋,许诺,许诺陈志朋携手拍时尚大片,0
撞衫,柏森,成功,《柏森驰臣时尚定制》成功是男性人生价值的目标和体现,0
撞衫,谢娜,那英,谢娜最雷人那英最时尚,0
撞衫,慈禧,纪连海,英达纪连海评价慈禧为时尚“小女人”,0
撞衫,张琳,全体育,张琳为全体育拍摄首部时尚大片,0
撞衫,王濛,范可新,范可新取代王濛为时尚早,0
撞衫,金智媛,金允慧,孙丹菲金智媛金允慧等亮相时尚活动,0
撞衫,贾青,高宝宝,贾青高宝宝时尚婆媳似姐妹,0
撞衫,何炅,叶璇,何炅叶璇许茹芸等群星出席时尚盛典,0
撞衫,车永莉,章子怡,车永莉封后礼服撞衫章子怡,1
撞衫,车艺莲,郑秀晶,《对我而言可爱的她》剧中郑秀晶车艺莲秋季时尚大盘点,0
撞衫,朴海镇,明星,时尚泰斗张肇达携手”辉京”欧巴朴海镇共创明星运动时尚用品,0
撞衫,李易峰,王野,李易峰王野闪耀星月时尚夜,0
撞衫,柳岩,戚薇,柳岩戚薇刘涛大撞衫,1
撞衫,范冰冰,董洁,孙俪范冰冰李冰冰董洁陈乔恩女星越老越穿越时尚,0
撞衫,陈慧琳,蔡依林,倪妮撞衫陈慧琳蔡依林,0
撞衫,荣耀,安心,荣事达马自达6“时尚安心版“荣耀上市,0
撞衫,张曼玉,杨幂,张曼玉杨幂白裙撞衫,1
撞衫,剧中,全智贤,解读人气韩剧《来自星星的你》全智贤刘寅娜的剧中时尚,0
撞衫,姚晨,微博女王,微博女王姚晨早秋时尚妩媚新私搭,0
撞衫,章子怡,周迅,章子怡周迅惊艳《时尚》,0
撞衫,吴莫愁,庾澄庆,庾澄庆搭档吴莫愁参演《亚洲时尚盛典》,0
撞衫,韩庚,许嵩,亚洲时尚盛典12月举行韩庚江映蓉许嵩确定参演,0
撞衫,林志玲,周慧敏,林志玲周慧敏李小冉同款裙尴尬撞衫,1
撞衫,中国,姚晨,姚晨范冰冰李冰冰汤唯等被评中国9大时尚偶像,0
撞衫,巩俐,舒淇,舒淇与巩俐周迅等当红女星撞衫“不输阵”,1
撞衫,周迅,刘诗诗,刘诗诗周迅撞衫张歆艺,0
撞衫,萨顶顶,明星,李晨萨顶顶获颁时尚明星大奖,0
撞衫,刘云,江湖,刘孜刘云“时尚江湖“红毯斗艳,0
撞衫,林心如,徐静蕾,徐静蕾林心如演绎职场时尚,0
撞衫,孙俪,高圆圆,孙俪携手高圆圆姚晨登《时尚健康》,0
撞衫,李湘,成功,李湘瘦身成功变身时尚辣妈,0
撞衫,水均益,敬一丹,水均益敬一丹时尚自拍,0
撞衫,李媛希,潘虹樾,潘辰潘虹樾李媛希录制《时尚星达人》爆隐私,0
撞衫,应采儿,波普,应采儿波普时尚大片,0
撞衫,松本润,生田斗真,松本润生田斗真撞衫,1
撞衫,范冰冰,那英,范冰冰那英亮相时尚活动,0
撞衫,周渝民,徐若瑄,《与时尚同居》周渝民徐若瑄激吻照曝光,0
撞衫,许茹芸,叶璇,何炅叶璇许茹芸等群星出席时尚盛典,0
撞衫,李小璐,范冰冰,大s范冰冰李小璐时尚跑偏,0
撞衫,赵薇,金玉彬,赵薇金玉彬撞衫,1
撞衫,张柏芝,刘玉玲,张柏芝李玟刘玉玲撞衫,1
撞衫,邓超,海清,邓超海清再掀白发时尚,0
撞衫,周迅,董洁,周迅董洁变身时尚妖女,0
撞衫,白冰,甘薇,京城四美景甜韩雪白冰甘薇时尚衣品大PK,0
撞衫,金泰熙,李珉廷,金泰熙李珉廷玩转试映会时尚范|李珉廷|金泰熙|试映,0
撞衫,李宗翰,黄晓明,黄晓明吴奇隆李宗翰时尚同行,0
撞衫,许茹芸,何炅,何炅叶璇许茹芸等群星出席时尚盛典,0
撞衫,李冰冰,陈乔恩,孙俪范冰冰李冰冰董洁陈乔恩女星越老越穿越时尚,0
撞衫,李易峰,古剑,时尚美肤|李易峰领衔古剑众美男,0
撞衫,刘诗诗,曹颖,刘诗诗撞衫辣妈曹颖,1
撞衫,高圆圆,成功,杨幂上围激增赵薇减肥成功刘涛高圆圆撞衫,0
撞衫,秦海璐,郭晶晶,郭晶晶出席秦海璐张雷撞衫(组图),0
撞衫,景甜,明星,景甜王珞丹窦骁等明星出席时尚活动,0
撞衫,李学庆,吴佩慈,刘谦携手李学庆吴佩慈大变"时尚达人",0
撞衫,大威,扬科维奇,扬科维奇大威多哈撞衫,1
撞衫,李学庆,刘谦,刘谦携手李学庆吴佩慈变《时尚达人》,0
撞衫,余文乐,艾菲,艾菲余文乐共拍时尚大片,0
撞衫,李宗翰,吴奇隆,黄晓明吴奇隆李宗翰时尚同行,0
撞衫,欧豪,于湉,欧豪于湉赴澳洲拍摄时尚大片,0
撞衫,李冰冰,成龙,成龙冯小刚李冰冰领衔近百位明星参加华谊时尚夜(高清),0
撞衫,夏日,柴碧云,柴碧云夏日时尚街拍,0
撞衫,林志玲,陈若仪,林志颖背后女人陈若仪一再曝光“小林志玲”高挑时尚玩低调图片频道,0
撞衫,王茜,孙菲菲,王茜孙菲菲出席时尚大典,0
撞衫,龙华,大门,龙华“时尚之城”叩开世界时尚大门,0
撞衫,韩庚,李敏镐,李敏镐韩庚男神时尚PK战,0
撞衫,刘仁娜,全智贤,《来自星星的你》全智贤刘仁娜时尚靓装对决,0
撞衫,范伟,郭德纲,郭德纲范伟变身时尚潮人,0
撞衫,李敏镐,金秀贤,金秀贤撞衫李敏镐,1
撞衫,师洋,陈奕迅,范冰冰撞衫陈奕迅师洋,0
撞衫,王受之,刘小东,艺术家刘小东与理论家王受之的时尚,0
撞衫,袁姗姗,吴俊余,于正携袁姗姗吴俊余亮相时尚典礼,0
撞衫,温暖,季节,温暖季节做时尚浪漫花仙子,0
撞衫,李冰冰,黄晓明,李冰冰携手张涵予黄晓明登时尚封面,0
撞衫,韩彩雅,黄静茵,《秘密》黄静茵vs《未来的选择》韩彩雅拼时尚,0
撞衫,李依玲,文青,李依玲时尚大片展文青女气质,0
撞衫,周菲,爱戴,时尚大典爱戴牛角帽别致周菲撞衫范爷,0
撞衫,王菲,李亚鹏,王菲助阵时尚李亚鹏未现身,0
撞衫,宋慧乔,梁朝伟,《一代宗师》主演章子怡梁朝伟宋慧乔时尚私搭(图),0
撞衫,高雅,袭人,时尚高雅气质温馨袭人,0
撞衫,飞利浦,贝壳,时尚贝壳机飞利浦598炫目登场,0
撞衫,张东健,林秀晶,张东健林秀晶领衔韩国时尚大典,0
撞衫,蒙嘉慧,廖碧儿,廖碧儿蒙嘉慧汤盈盈演绎古典时尚,0
撞衫,中国,那英,那英领衔2014春夏巴黎时装周中国明星时尚权力榜|时装|巴黎,0
撞衫,孙俪,杨幂,孙俪杨幂杨颖刘诗诗撞衫范冰冰,0
撞衫,孙俪,林志玲,孙俪刘诗诗林志玲赵薇吴尊明星脸“撞衫”吓坏亲妈,0
撞衫,刘允乐,何以奇,何以奇刘允乐搭档时尚可爱,0
撞衫,姚晨,孟茜,姚晨胡军范冰冰孟茜杨采妮众星云集时尚年度盛典,0
撞衫,张嘉译,闫妮,闫妮变时尚张嘉译魅力足|张译|闫妮,0
撞衫,贝儿,陆毅,陆毅贝儿时尚大片曝光,0
撞衫,范冰冰,李嘉欣,撞衫PK李嘉欣比范冰冰更美,1
撞衫,赵又廷,葛优,黄晓明"撞衫"葛优赵又廷"撞"郭德纲,0
撞衫,耿乐,大叔,耿乐个性时尚大片出炉偶像型男变身浪漫大叔,0
撞衫,郭晶晶,张怡宁,郭晶晶张怡宁《时尚健康》奥运大片,0
撞衫,朱丹,刘嘉玲,朱丹刘嘉玲吴佩慈撞衫忙,1
撞衫,黄晓明,罗志祥,葛优郭富城古天乐黄晓明罗志祥元彬玄彬李民浩等大撞衫,0
撞衫,郑罗茜,林心如,林心如甜美郑罗茜时尚,0
撞衫,郭晶晶,汤唯,张曼玉舒淇汤唯郭晶晶同场争艳时尚派对,0
撞衫,刘孜,刘云,刘孜刘云"时尚江湖"红毯斗艳,0
撞衫,孙俪,李冰冰,孙俪范冰冰李冰冰董洁陈乔恩女星越老越穿越时尚,0
撞衫,孔雀,郑亦桐,郑亦桐孔雀装走秀时尚大典,0
撞衫,王菲,刘嘉玲,刘嘉玲王菲撞衫,1
撞衫,李易峰,星月,李易峰王野闪耀星月时尚夜,0
撞衫,戴娇倩,明星,何晶晶撞衫戴娇倩明星惊艳撞衫谁更俏,0
撞衫,剧中,可爱,《对我而言可爱的她》剧中郑秀晶车艺莲秋季时尚大盘点,0
撞衫,明星,叶童,梁家辉叶童刘涛等众多明星出席时尚派队,0
撞衫,刘诗诗,李嘉欣,周迅李嘉欣刘诗诗撞衫张歆艺,0
撞衫,张娜拉,杨雪,杨雪余文乐张娜拉演绎时尚爱情,0
撞衫,明星,张肇达,时尚泰斗张肇达携手”辉京”欧巴朴海镇共创明星运动时尚用品,0
撞衫,王野,李易峰,苏醒李易峰王野闪耀星月时尚夜,0
撞衫,杨丞琳,田馥甄,郑秀文田馥甄杨丞琳白色时尚音乐节终极PK,0
撞衫,温柔,舒适,打造舒适的时尚温柔靓丽小家,0
撞衫,黄奕,陆川,黄奕陆川参加时尚派对,0
撞衫,李冰冰,范冰冰,王菲孙俪范冰冰李冰冰女星越老越穿越时尚,0
撞衫,章子怡,徐若瑄,徐若瑄章子怡撞衫比品味,1
撞衫,成立,萧亚轩,萧亚轩跨界时尚成立个人品牌,0
撞衫,李静,汪小菲,汪小菲《赢在中国》秀时尚不敌李静,0
撞衫,米兰达,可儿,时尚圈内衣超模米兰达可儿PK亚历山大,0
撞衫,中国,彭丽媛,彭丽媛背后的中国时尚力量,0
撞衫,李宇春,王珞丹,李宇春x王珞丹撞衫拼帅气,1
撞衫,师洋,范冰冰,范冰冰撞衫陈奕迅师洋,1
撞衫,巩俐,高粱,巩俐高粱地里结成的时尚果实,0
撞衫,谢婷婷,艾玛,学艾玛谢婷婷穿格纹衣变身时尚Queen,0
撞衫,杨颖,刘诗诗,孙俪杨幂杨颖刘诗诗撞衫范冰冰,0
撞衫,金智媛,孙丹菲,孙丹菲金智媛金允慧等亮相时尚活动,0
撞衫,李小璐,杨千嬅,李小璐撞衫杨千嬅,1
撞衫,王子,大使,英伦王子出任时尚大使的理由,0
撞衫,贝尔,大卫,大卫拉切贝尔时尚派对,0
撞衫,水晶,可爱,两齿簪子韩版可爱水晶水钻时尚盘发发夹发饰,0
撞衫,张亮,林志颖,林志颖张亮获时尚人气明星,0
撞衫,蔡依林,范冰冰,王菲棉被服与范冰冰蔡依林霍思燕撞衫,1
撞衫,邹凯女友,周捷,邹凯女友周捷时尚衣品,0
撞衫,李小璐,霍思燕,时尚PK李小璐姚晨霍思燕,0
撞衫,黄圣依,赵本山,赵本山黄圣依联手时尚剧,0
撞衫,刘诗诗,赵薇,孙俪刘诗诗林志玲赵薇吴尊明星脸“撞衫”吓坏亲妈,0
撞衫,黄义达,明星,黄义达献唱明星时尚夜,0
撞衫,姚明,刘翔,刘翔姚明成过去孙杨为时尚早,0
撞衫,陈子嘟,柳岩,《时尚星达人》柳岩陈子嘟斗嘴达人团集体变身,0
撞衫,陈瑞,周迅,周迅陈瑞撞衫拼时尚指标,1
撞衫,曹格,陆毅,陆毅时尚大败曹格,0
撞衫,王珞丹,白百合,王珞丹白百合撞脸又撞衫,1
撞衫,范冰冰,姚晨,范冰冰姚晨拼时尚,0
撞衫,戴娇倩,何晶晶,何晶晶撞衫戴娇倩明星惊艳撞衫谁更俏,1
撞衫,向鼎,柳梦洁,“海豚音王子”向鼎携手时尚新锐歌手柳梦洁,0
撞衫,李多海,莫奈,“阿莫奈”李多海卡通棒球衫隔剧撞衫全智贤,0
撞衫,蒋友柏,曾孙,蒋介石曾孙蒋友柏发时尚财,0
撞衫,艺人,林嘉绮,艺人杨采妮林嘉绮获封“香港时尚之星”,0
撞衫,夏雨,黄磊,夏雨黄磊出席时尚活动,0
撞衫,巩俐,章子怡,李冰冰巩俐章子怡赵薇十次疯狂撞衫撞饰,0
撞衫,谢晖,韩寒,谢晖韩寒着时尚衣风度翩翩,0
撞衫,姜潮,陈翔,《落跑甜心》陈翔武艺柴格姜潮时尚造型PK,0
撞衫,五月天,赵薇,赵薇五月天个唱时尚两不误,0
撞衫,黄晓明,大使,展现不凡风度―时尚代言大使黄晓明倾力诠释,0
撞衫,蔡依林,王菲,王菲棉被服与范冰冰蔡依林霍思燕撞衫,1
撞衫,高富,张亮,李敏镐高富帅张亮时尚摩登,0
撞衫,海清,韩雨芹,《心术》海清PK韩雨芹时尚百变发型,0
撞衫,孙菲菲,齐亮,时尚大典姚晨李小璐柳岩孙菲菲陈奕迅齐亮相,0
撞衫,张曼玉,郭晶晶,张曼玉舒淇汤唯郭晶晶同场争艳时尚派对,0
撞衫,苍井空,姚晨,姚晨撞衫苍井空,1
撞衫,李易峰,孔郁,李易峰孔郁上演秋日时尚大片,0
撞衫,曾宝仪,滨崎步,曾宝仪撞衫滨崎步,1
撞衫,温雅,潘辰,潘辰《时尚星达人》遭温雅拷问,0
撞衫,温暖,卓盛,温暖时尚尽在卓盛外贸,0
撞衫,许戈辉,姚晨,许戈辉携姚晨揭幕凤凰时尚纽约直播间,0
撞衫,韦德,拜斯特,韦德称时尚感拜斯特恩所赐,0
撞衫,学院派,刘诗诗,杜鹃学院派蓝裙撞衫刘诗诗,0
撞衫,巩俐,夏日,范冰冰巩俐揭开夏日时尚新密码,0
撞衫,朱丹,连登,时尚新贵朱丹连登杂志大刊,0
撞衫,姚晨,陈奕迅,时尚大典姚晨李小璐柳岩孙菲菲陈奕迅齐亮相,0
撞衫,山水,龙年,山水时尚酒店启动2012龙年会员回馈活动,0
撞衫,郑元畅,陈妍希,陈妍希及郑元畅时尚现身,0
撞衫,廖碧儿,汤盈盈,廖碧儿蒙嘉慧汤盈盈演绎古典时尚,0
撞衫,白雪公主,巴罗斯,巴罗斯化身“白雪公主”演绎圣诞时尚大片,0
撞衫,林志玲,刘诗诗,孙俪刘诗诗林志玲赵薇吴尊明星脸“撞衫”吓坏亲妈,0
撞衫,倪妮,周迅,周迅唐嫣倪妮不撞衫品味也相似,0
撞衫,范冰冰,刘诗诗,杨幂刘诗诗范冰冰女神遭撞衫,1
撞衫,申世京,韩智慧,韩智慧申世京现身祝贺拼时尚,0
撞衫,陈思成,佟丽娅,佟丽娅陈思成造型时尚,0
撞衫,周杰伦,宋祖英,宋祖英赞周杰伦歌曲时尚,0
撞衫,杨幂,刘亦菲,85后女星杨幂刘亦菲时尚衣品大决战,0
撞衫,夏日,可爱,夏日时尚可爱的伴娘小礼服,0
撞衫,刘涛,佟丽娅,刘涛佟丽娅出席时尚活动佟丽娅黑纱遮面玩神秘新闻频道,0
撞衫,舒适,田园,舒适时尚的田园生活,0
撞衫,裴斗娜,徐贤,裴斗娜徐贤百搭风衣秀时尚,0
撞衫,王宝强,红发,王宝强红发造型变时尚,0
撞衫,王珞丹,杨丞琳,王珞丹谢娜杨丞琳连环撞衫,1
撞衫,马思纯,蒋雯丽,蒋雯丽外甥女马思纯纯美时尚大片曝光,0
撞衫,李湘,姚晨,姚晨李湘女星孕期时尚盘点,0
撞衫,江湖,董事总经理,兄弟中国董事总经理尹炳新现身时尚江湖之夜,0
撞衫,莫文蔚,杨采妮,梁朝伟杨采妮莫文蔚等明星荟萃时尚派对,0
撞衫,可爱,郑秀晶,《对我而言可爱的她》剧中郑秀晶车艺莲秋季时尚大盘点,0
撞衫,袁姗姗,于正,于正携袁姗姗吴俊余亮相时尚典礼,0
撞衫,郝蕾,章子怡,章子怡赵薇郝蕾撞衫记,1
撞衫,林志玲,白歆惠,时尚名模林志玲pk白歆惠,0
撞衫,殷桃,文艺兵,盘点文艺兵殷桃的时尚蜕变,0
撞衫,孙尚香,林心如,孙尚香林心如时尚大片,0
撞衫,金秀贤,金宇彬,李敏镐张亮金宇彬金秀贤各路长腿男神狂撞衫,1
撞衫,华丽丽,范冰冰,范冰冰舒淇华丽丽的15次撞衫,0
撞衫,李小璐,陈奕迅,时尚大典姚晨李小璐柳岩孙菲菲陈奕迅齐亮相,0
撞衫,宋慧乔,章子怡,《一代宗师》主演章子怡梁朝伟宋慧乔时尚私搭,0
撞衫,刘诗诗,明星,赵丽颖刘诗诗李小璐明星撞衫比美太惨烈,0
撞衫,舒淇,郭晶晶,张曼玉舒淇汤唯郭晶晶同场争艳时尚派对,0
撞衫,刘诗诗,高度,杨幂刘诗诗撞衫美出新高度,0
撞衫,李晖,秦昊,董璇秦昊刘芸现身支持时尚派对李晖专区,0
撞衫,成立,陈刚,陈刚携手葛文耀成立民族时尚基金,0
撞衫,武侠,江湖,麻辣江湖演绎时尚武侠,0
撞衫,宋茜,李沇熹,李钟硕李沇熹宋茜等靓装出席某时尚活动5584054,0
撞衫,乔任梁,杨蓉,乔任梁杨蓉时尚变身四小主集体穿越到《爱在春天》,0
撞衫,周迅,全智贤,汤唯周迅全智贤范冰冰撞衫,0
撞衫,时光,高定,时尚圈被遗忘的高定时光1996,0
撞衫,乌鸦,爱戴,爱戴时尚大典鹦鹉装PK蔡康永乌鸦装,0
撞衫,景甜,范冰冰,景甜范冰冰垫肩服领酷辣时尚,0
撞衫,爱玛,明星,爱玛尝“头啖汤”率先聘韩明星代言时尚自行车,0
撞衫,张歆艺,贺新春,张歆艺时尚红裙贺新春,0
撞衫,窦骁,周冬雨,时尚达人解析周冬雨倪妮窦骁三人未来“钱”途,0
撞衫,舒淇,缪斯,倪妮舒淇大时尚女刊开春封面斗哪个缪斯最美,0
撞衫,宋慧乔,尹恩惠,尹恩惠宋慧乔掀时尚热潮,0
撞衫,冯绍峰,张亮,李敏镐张亮冯绍峰领衔各长腿男神狂撞衫,1
撞衫,金鱼妹,邓紫棋,《我是歌手2》邓紫棋金鱼妹时尚控,0
撞衫,莫扎特,穆特,小提琴家穆特的莫扎特计划开创音乐时尚,0
撞衫,琴魔,李传韵,琴魔李传韵携手钢琴家谭小棠大玩时尚“摇滚”,0
撞衫,赵本山,赵式,赵本山告别乡村首度展示“赵式时尚”,0
撞衫,彭琳,林宇中,林宇中携手彭琳现身时尚活动,0
撞衫,郭富城,古天乐,葛优郭富城古天乐黄晓明罗志祥元彬玄彬李民浩等大撞衫,0
撞衫,古灵精怪,尹恩惠,尹恩惠时尚古灵精怪造型,0
撞衫,柳岩,石天琦,石天琦裸色礼裙撞衫柳岩,1
撞衫,李宁,杨扬,杨扬很时尚李宁受追捧,0
撞衫,周秀娜,薛凯琪,薛凯琪周秀娜现身时尚活动,0
撞衫,大使,林依晨,时尚贵公子丁春诚与林依晨担任某品牌形象大使,0
撞衫,武学凯,张肇达,凤凰时尚独家探秘武学凯/武学伟/张肇达时装发布会后台,0
撞衫,红色诱惑,王智,王智时尚大片大玩红色诱惑,0
撞衫,殷桃,邓安奇,邓安奇成殷桃时尚“男闺蜜”（二）,0
撞衫,黄晓明,刘亦菲,刘亦菲与王力宏黄晓明等男星时尚照,0
撞衫,李治廷,黎明,黎明李治廷齐亮相时尚活动,0
撞衫,陈翔,武艺,《落跑甜心》陈翔武艺柴格姜潮时尚造型PK,0
撞衫,张柏芝,王菲,看王菲极简时尚PK张柏芝美艳穿搭,0
撞衫,归来,吴镇宇,吴镇宇时尚大片冷傲归来,0
撞衫,范冰冰,多达,舒淇范冰冰华丽撞衫多达13次,0
撞衫,朱孝天,香帅,朱孝天香帅造型与阿凡提撞衫,0
撞衫,陆毅,吴京,李静黄健翔邓超吴京陆毅齐聚运动时尚盛宴,0
撞衫,黄渤,林更新,与黄渤林更新等频撞衫,0
撞衫,甘露,于越,甘露于越演绎时尚装,0
撞衫,李晨,吴奇隆,李晨吴奇隆街拍秀时尚围巾造就魅力男士,0
撞衫,白发,邓超,邓超海清再掀白发时尚,0
撞衫,孙俪,范冰冰,王菲孙俪范冰冰李冰冰女星越老越穿越时尚,0
撞衫,文青,汤唯,汤唯周迅领衔时尚女文青,0
撞衫,爱美,河智苑,爱美网推荐河智苑最新时尚大片,0
撞衫,归来,范冰冰,范冰冰戛纳归来出席时尚活动,0
撞衫,周一围,汤晶媚,汤晶媚周一围参加某时尚活动,0
撞衫,李蜜,瑶淼,经纬时尚垫肩装力压瑶淼李蜜,0
撞衫,李小璐,姚晨,时尚PK李小璐姚晨霍思燕,0
撞衫,黄晓明,佟大为,黄晓明邓超佟大为时尚型男造型盘点,0
撞衫,白银,真金,有时尚鉴赏力能赚真金白银,0
撞衫,陶伟,张稀哲,张稀哲接班陶伟为时尚早,0
撞衫,张歆艺,刘诗诗,周迅李嘉欣刘诗诗撞衫张歆艺新闻频道,1
撞衫,香奈儿,吴佩慈,吴佩慈陈慧琳撞衫香奈儿,0
撞衫,朱玲玲,郭晶晶,郭晶晶婆婆朱玲玲撞衫范冰冰,0
撞衫,郑凡,斯琴高丽,斯琴高丽郑凡录制《时尚汇》,0
撞衫,李冰冰,贝拉,李冰冰PK贝拉狂撞衫,1
撞衫,苏醒,舒马赫,现在说舒马赫苏醒还为时尚早,0
撞衫,夏日,顾又铭,顾又铭夏日运动时尚大片,0
撞衫,中国,羽毛,中国女子羽毛球队里的时尚精灵,0
撞衫,张梓琳,舒淇,张梓琳撞衫舒淇伯仲难分,1
撞衫,张蓝心,龙女郎,龙女郎张蓝心撞衫莫文蔚,0
撞衫,杨幂,陈学冬,杨幂黑白低调陈学冬撞衫郭德纲,0
撞衫,李宇春,至上励合,范冰冰至上励合李宇春最时尚,0
撞衫,张静初,章子怡,章子怡张静初袁立撞衫,1
撞衫,王珞丹,明星,景甜王珞丹窦骁等明星出席时尚活动,0
撞衫,杨幂,彭佳慧,姚晨杨幂彭佳慧"大撞衫"/图,1
撞衫,杨幂,唐嫣,从《仙剑》到《轩辕剑》杨幂刘诗诗唐嫣时尚比拼,0
撞衫,张允珠,宋庆,模特张允珠宋庆雅时尚比拼,0
撞衫,金喜善,孙艺珍,金喜善孙艺珍时尚春装写真,0
撞衫,鲍蕾,上海,陆毅鲍蕾上海时尚星宅,0
撞衫,刘海,明星,热荐10位明星时尚刘海造型,0
撞衫,李小璐,柳岩,时尚大典姚晨李小璐柳岩孙菲菲陈奕迅齐亮相,0
撞衫,凤姐,苍井空,凤姐芙蓉苍井空时尚品味PK,0
撞衫,林志玲,袁泉,袁泉变身"时尚辣妹"修长美腿媲美林志玲,0
撞衫,林志玲,梁朝伟,林志玲梁朝伟时尚黑白配,0
撞衫,江映蓉,郑爽,天娱时尚贺岁写真第二弹郑爽江映蓉苏醒李玮等亮相,0
撞衫,陈学冬,郭德纲,杨幂黑白低调陈学冬撞衫郭德纲,1
撞衫,玄彬,尹恩惠,人气明星玄彬尹恩惠的秋冬时尚情侣装大片,0
撞衫,明星,颖儿,颖儿获封“年度时尚明星”,0
撞衫,大叔,吴秀波,时尚大叔吴秀波与冯绍峰赵又廷白菜价,0
撞衫,丁沛桐,秦岚,秦岚丁沛桐出席时尚派对,0
撞衫,郭富城,黄晓明,葛优郭富城古天乐黄晓明罗志祥元彬玄彬李民浩等大撞衫,0
撞衫,梁咏琪,张梓琳,与梁咏琪张梓琳比拼时尚功力,0
撞衫,张杰,邓紫棋,邓紫棋90后时尚控张杰闰土名不虚传,0
撞衫,孙杨,叶诗文,奥运冠军孙杨叶诗文演绎时尚清爽运动发型,0
撞衫,舒淇,范冰冰,范冰冰舒淇撞衫15次海量照片曝光,1
撞衫,大牌,郭德纲,郭德纲穿死大牌只挑帅哥撞衫,0
撞衫,李湘,陈若仪,《爸爸去哪儿》李湘叶一茜陈若仪时尚大PK,0
撞衫,解小东,容祖儿,容祖儿解小东最新时尚大片,0
撞衫,杨幂,赵薇,杨幂赵薇古装美女大撞衫,1
撞衫,李敏镐,张亮,李敏镐张亮再撞衫,1
撞衫,范冰冰,蔡依林,王菲棉被服与范冰冰霍思燕蔡依林撞衫,1
撞衫,吴佩慈,刘嘉玲,朱丹刘嘉玲吴佩慈撞衫忙,1
撞衫,金素恩,宋茜,宋茜携手金素恩跨界主持时尚节目,0
撞衫,明亮,高雅,高雅时尚的明亮色彩,0
撞衫,李小璐,孙菲菲,时尚大典姚晨李小璐柳岩孙菲菲陈奕迅齐亮相,0
撞衫,周年,明星,明星设计师共庆《时尚家居》11周年庆典,0
撞衫,朴海镇,张肇达,时尚泰斗张肇达携朴海镇,0
撞衫,梅葆玖,京剧,梅葆玖北京签售“时尚”京剧,0
撞衫,宋慧乔,朴信惠,朴信惠宋慧乔……看韩剧女神时尚造型变迁,0
撞衫,夏日,景甜,景甜曝光夏日时尚街拍大片,0
撞衫,归来,童话,朱莉归来揭开童话时尚密码,0
撞衫,甄子丹,于娜,孟广美于娜甄子丹亮相时尚晚会,0
撞衫,仲满,李小璐,仲满时尚派对不识李小璐,0
撞衫,林熙蕾,江湖,《大笑江湖》性感公主林熙蕾时尚PK苍井空,0
撞衫,蕾哈娜,成功,蕾哈娜转型成功变时尚女郎,0
撞衫,李小龙,阿罗约,《李小龙》捧红“阿罗约”杨亚星出席时尚活动,0
撞衫,钮承泽,古巨基,古巨基钮承泽赵又廷PK时尚,0
撞衫,杨幂,佟丽娅,《北京爱情故事》杨幂佟丽娅时尚pk,0
撞衫,东方,赫本,章子怡成“东方赫本”最新时尚大片曝光,0
撞衫,黄奕,梁咏琪,李冰冰黄奕梁咏琪演变时尚娃娃,0
撞衫,张静初,刘涛,张静初撞衫刘涛,1
撞衫,孙坚,徐璐,《爱在春天》孙坚徐璐变身时尚情侣,0
撞衫,孙俪,倪妮,倪妮孙俪红裙"撞衫"各展风情,1
撞衫,张雨绮,巩俐,范冰冰张雨绮巩俐时尚比拼,0
撞衫,唐朝,张亚东,张亚东唐朝老五再度导引流行音乐时尚,0
撞衫,盛夏,赵薇,赵薇章子怡盛夏频撞衫,0
撞衫,李冰冰,中国,姚晨范冰冰李冰冰汤唯等被评中国9大时尚偶像,0
撞衫,林丹,谢杏芳,林丹谢杏芳拍摄时尚大片,0
撞衫,葛优,罗志祥,葛优郭富城古天乐黄晓明罗志祥元彬玄彬李民浩等大撞衫,0
撞衫,孙俪,唐嫣,孙俪撞衫唐嫣,1
撞衫,吴亦凡,鹿晗,鹿晗吴亦凡宋茜领衔中韩时尚交流大会,0
撞衫,成美,国新,节俭渐成美国新时尚,0
撞衫,舒淇,周迅,周迅舒淇等女星助阵时尚配饰新品发布会,0
撞衫,罗志祥,欧弟,罗志祥撞衫欧弟遭媒体挑拨,1
撞衫,应采儿,安以轩,吴佩慈安以轩应采儿佟丽娅汇聚时尚派对,0
撞衫,陈慧珊,许绍洋,《维纳斯之恋》陈慧珊许绍洋打造时尚剧,0
撞衫,初夏,秦岚,秦岚初夏时尚大片曝光,0
撞衫,柳岩,梅婷,梅婷柳岩酒井法子时尚现场盛装斗艳,0
撞衫,林志玲,胡兵,胡兵林志玲时尚大片压轴上海滩时装盛宴,0
撞衫,张歆艺,阿雅,阿雅张歆艺小宋佳扎堆奥运秀英伦时尚,0
撞衫,成龙,范冰冰,成龙范冰冰同时登上《时尚COSMO》封面大片,0
撞衫,本色,陈紫函,陈紫函《恋》剧中恢复时尚本色广告频频(组图),0
撞衫,夏日,舒适,珠光漆皮凉鞋打造最舒适的时尚夏日,0
撞衫,尹贞伊,金荷娜,金荷娜尹贞伊时尚包包搭配pk,0
撞衫,达娜,索尔,阿凡达女郎索尔达娜撞衫伊娃,0
撞衫,哈林,周杰伦,《哈林哈时尚》"小周杰伦"踢馆,0
撞衫,不懂,罗迪克,罗迪克惊呼不懂伦敦时尚,0
撞衫,金孝珍,刘智泰,刘智泰金孝珍夫妇拍时尚大片,0
撞衫,李冰冰,明星,韩庚李冰冰等时尚明星亮相,0
撞衫,张曼玉,汤唯,张曼玉舒淇汤唯郭晶晶同场争艳时尚派对,0
撞衫,孙俪,王菲,王菲孙俪范冰冰李冰冰女星越老越穿越时尚,0
撞衫,王菲,姚晨,姚晨撞衫王菲吴佩慈气场不输,1
撞衫,谢娜,舒淇,谢娜舒淇周冬雨撞衫,1
撞衫,李昱和,中国红,李昱和“中国红”水墨印象时尚大片曝光,0
撞衫,周在,伊泰,内蒙古首个国际时尚周在伊泰,0
撞衫,景甜,霍思燕,霍思燕景甜撞衫,1
撞衫,王希瑶,张智霖,王希瑶与张智霖出席时尚活动,0
撞衫,白冰,韩雪,京城四美景甜韩雪白冰甘薇时尚衣品大PK,0
撞衫,孟瞳迪,黄姿琪,时尚宝贝孟瞳迪黄姿琪显妖娆,0
撞衫,胡兵,马艳丽,胡兵马艳丽获颁时尚20年功勋人物,0
撞衫,韩庚,邓紫棋,蔡依林邓紫棋韩庚参加时尚音乐盛典,0
撞衫,阿娇,明星,阿娇领衔明星玩票时尚跆拳道,0
撞衫,娄艺潇,胡一菲,娄艺潇胡一菲彪悍女演绎时尚风潮,0
撞衫,陈慧琳,顾又铭,顾又铭与赵雅芝陈慧琳亮相时尚活动成焦点,0
撞衫,王语嫣,张檬,天龙八部张檬时尚绝缘体村姑版王语嫣,0
撞衫,杨谨华,徐若瑄,徐若瑄杨谨华时尚搭,0
撞衫,杨幂,汤唯,杨幂汤唯成撞衫王,1
撞衫,江一燕,郭晓冬,郭晓冬孙淳江一燕时尚登场,0
撞衫,武艺,柴格,《落跑甜心》陈翔武艺柴格姜潮时尚造型PK,0
撞衫,方华,李代沫,李代沫初见“女神”方华时尚网99jksh,0
撞衫,香奈儿,汤唯,汤唯现身香奈儿时尚派对,0
撞衫,大威,李娜,李娜轻松晋级未敢与大威比时尚,0
撞衫,中国,容祖儿,中国时尚大典29日播出容祖儿黄渤佟大为出席,0
撞衫,李冰冰,谢娜,李冰冰村姑变时尚谢娜判若两人,0
撞衫,李小璐,倪妮,倪妮李小璐angelababy狂撞衫,1
撞衫,钮承泽,赵又廷,古巨基钮承泽赵又廷《哈林哈时尚》PK时尚,0
撞衫,柳岩,酒井法子,梅婷柳岩酒井法子时尚现场盛装斗艳,0
撞衫,吴彦祖,姚晨,吴彦祖姚晨获时尚领袖称号,0
撞衫,孙俪,尚雯婕,尚雯婕撞衫孙俪,1
撞衫,张小五,闫妮,《张小五的春天》看雅莹助阵闫妮时尚转身,0
撞衫,建国,周年,“铸造的时尚”庆祝建国六十周年大型时装晚会,0
撞衫,赵薇,那英,李湘那英李冰冰赵薇时尚绝缘体,0
撞衫,蓝白,方格,时尚大方的蓝白方格,0
撞衫,冯绍峰,胡歌,杨幂冯绍峰情侣写真vs杨幂胡歌隔空撞衫,1
撞衫,宋茜,谢娜,杨幂谢娜孙俪少女时代宋茜时尚装扮,0
撞衫,黄圣依,范冰冰,舒淇杨颖汤唯黄圣依盘点与范冰冰撞衫的女星,1
撞衫,白百何,李菲儿,李菲儿撞衫白百何,1
撞衫,吴奇隆,上海,吴奇隆狼狈亮相上海时尚活动,0
撞衫,杨幂,赵丽颖,金鹰女神赵丽颖撞衫杨幂遭吐槽,1
撞衫,申世京,金喜爱,“刘亚仁的女人”金喜爱金泰希申世京时尚解析,0
撞衫,韩彩英,姚晨,辣妈姚晨韩彩英时尚惊艳,0
撞衫,阿荣,沙龙,阿荣团新偶像时尚造型沙龙“美发靓丽套餐”,0
撞衫,林丹,罗雪娟,林丹罗雪娟出席时尚典礼,0
撞衫,莫扎特,古乐,萨尔茨堡莫扎特管弦乐团――时尚古乐之旅,0
撞衫,李钟硕,李沇熹,李钟硕李沇熹宋茜等靓装出席某时尚活动5584059,0
撞衫,李大齐,明星,明星衣橱时尚顾问李大齐《女神的新衣》总决选点评,0
撞衫,范冰冰,华妃,华妃蒋欣撞衫范冰冰,0
撞衫,杨幂,谢娜,杨幂谢娜孙俪少女时代宋茜时尚装扮,0
撞衫,丁薇,尚雯婕,尚雯婕丁薇上海时尚Party,0
撞衫,陈慧琳,吴佩慈,吴佩慈陈慧琳撞衫香奈儿,1
撞衫,赵丽颖,金鹰,金鹰女神赵丽颖撞衫杨幂遭吐槽,0
撞衫,刘德华,巩俐,刘德华巩俐拍摄时尚大片,0
撞衫,贝克汉姆,维多利亚,破解维多利亚与贝克汉姆时尚密码,0
撞衫,孙俪,董洁,孙俪范冰冰李冰冰董洁陈乔恩女星越老越穿越时尚,0
撞衫,何润东,景甜,《我的美女老板》何润东赞景甜为时尚天使,0
撞衫,赫敏,艾玛,“赫敏”艾玛十年时尚之路,0
撞衫,张雷,郭晶晶,郭晶晶出席秦海璐张雷撞衫(组图),0
撞衫,赵又廷,高圆圆,高圆圆赵又廷牵手拍时尚大片,0
撞衫,柳岩,齐亮,时尚大典姚晨李小璐柳岩孙菲菲陈奕迅齐亮相,0
撞衫,李冰冰,周迅,李冰冰大牌衣不重样PK周迅娇俏时尚LOOK,0
撞衫,杨幂,范冰冰,杨幂撞衫范冰冰,1
撞衫,黄渤,宁浩,黄渤宁浩拍时尚大片,0
撞衫,林志玲,陈乔恩,林志玲南半球溢出撞衫陈乔恩,1
撞衫,中国,范冰冰,姚晨范冰冰李冰冰汤唯等被评中国9大时尚偶像,0
撞衫,刘诗诗,赵丽颖,赵丽颖刘诗诗李小璐明星撞衫比美太惨烈（14）,1
撞衫,那英,李嘉欣,那英与李嘉欣撞衫比美,1
撞衫,严谨,战士,贝嫂出门吃饭打扮严谨似“时尚战士”,0
撞衫,中国,时装模特,中国时尚大奖2007年度最佳职业时装模特揭晓,0
撞衫,范冰冰,陈乔恩,孙俪范冰冰李冰冰董洁陈乔恩女星越老越穿越时尚,0
撞衫,吴尊,刘诗诗,孙俪刘诗诗林志玲赵薇吴尊明星脸“撞衫”吓坏亲妈,0
撞衫,倪虹洁,崔健,《蓝色骨头》获奖倪虹洁时尚变崔健女神,0
撞衫,韩雨芹,范冰冰,韩雨芹叫板范冰冰公然撞衫,1
撞衫,范冰冰,山东,山东籍女王巩俐范冰冰时尚比拼,0
撞衫,成龙,冯小刚,成龙冯小刚李冰冰领衔近百位明星参加华谊时尚夜,0
撞衫,归来,周迅,周迅时尚封面霸气再现女王归来,0
撞衫,韩庚,金贤重,看韩庚与小沈阳金贤重亲密撞衫（图）,1
撞衫,丛林,吴佩慈,吴佩慈丛林迷踪演绎狂野时尚,0
撞衫,柳岩,姚晨,时尚大典姚晨李小璐柳岩孙菲菲陈奕迅齐亮相,0
撞衫,倪妮,唐嫣,周迅唐嫣倪妮不撞衫品味也相似,0
撞衫,杨颖,道晖芝,女神杨颖和红人道晖芝时尚搭配赏析,0
撞衫,杨钰莹,龙年,杨钰莹赵薇龙年竟然华丽丽的撞衫,0
撞衫,上海,徐巍,上海国际时尚教育中心客座教授徐巍专访,0
撞衫,金泰熙,王丽坤,金泰熙周迅王丽坤撞衫,1
撞衫,哈林,古巨基,古巨基钮承泽赵又廷《哈林哈时尚》PK时尚,0
撞衫,姚晨,全智贤,全智贤汤唯撞衫姚晨炫桶腰,0
撞衫,林志玲,吴佩慈,与范爷林志玲吴佩慈的时尚对决,0
撞衫,黄觉,李嘉欣,李嘉欣黄觉张天爱出席时尚活动,0
撞衫,董璇,香玉,“韩香玉”携手董璇引领2013彩妆时尚,0
撞衫,梁朝伟,杨采妮,梁朝伟杨采妮莫文蔚等明星荟萃时尚派对,0
撞衫,李小璐,李湘,女星孕照比拼李湘全裸王菲酷萌孙俪复古李小璐时尚,0
撞衫,李冰冰,刘天,李冰冰不敢撞衫刘天后,0
撞衫,苏醒,李易峰,苏醒李易峰王野闪耀星月时尚夜,0
撞衫,姚晨,大嘴,姚晨从"大嘴傻妞"到"时尚女王"的蜕变之路,0
撞衫,立威廉,丰收,立威廉丰收稳坐时尚达人时尚杂志宝座,0
撞衫,苏醒,江映蓉,天娱时尚贺岁写真第二弹郑爽江映蓉苏醒李玮等亮相,0
撞衫,霍启刚,郭晶晶,郭晶晶为霍启刚研究时尚,0
撞衫,景甜,甘薇,京城四美景甜韩雪白冰甘薇时尚衣品大PK(图),0
撞衫,宋慧乔,贝拉,宋慧乔撞衫贝拉,1
撞衫,海宁,张帅,海宁张帅陷撞衫怪圈,1
撞衫,赵又廷,黄晓明,黄晓明"撞衫"葛优赵又廷"撞"郭德纲,0
撞衫,李小璐,齐亮,时尚大典姚晨李小璐柳岩孙菲菲陈奕迅齐亮相,0
撞衫,周迅,赵薇,众星云集《画皮2》赵薇周迅诠释时尚穿衣经,0
撞衫,孙菲菲,陈奕迅,时尚大典姚晨李小璐柳岩孙菲菲陈奕迅齐亮相,0
撞衫,夏日,季华,#小金钟佛山特约赞助#鹏瑞利季华广场7月夏日时尚盛放精彩活动同样不容错过,0
撞衫,孙俪,杨颖,孙俪杨幂杨颖刘诗诗撞衫范冰冰,0
撞衫,范冰冰,李治廷,李治廷时尚活动赞范冰冰是女神,0
撞衫,苏醒,李玮,天娱时尚贺岁写真第二弹郑爽江映蓉苏醒李玮等亮相,0
撞衫,苏有朋,罗马,苏有朋冬日时尚罗马街拍曝光,0
撞衫,张曼玉,舒淇,张曼玉舒淇汤唯郭晶晶同场争艳时尚派对,0
撞衫,陈柏霖,孙兴,陈柏霖孙兴曾培齐聚时尚盛典,0
撞衫,丁俊晖,明星,丁俊晖不做时尚明星,0
撞衫,李钟硕,宋茜,李钟硕李沇熹宋茜等靓装出席某时尚活动5584085,0
撞衫,吴莫愁,伊能静,吴莫愁做客凤凰时尚直播间首谈伊能静,0
撞衫,周年,周迅,周迅《时尚健康》八周年珍藏版曝光,0
撞衫,黄圣依,舒淇,舒淇杨颖汤唯黄圣依盘点与范冰冰撞衫的女星,0
撞衫,孙俪,刘诗诗,孙俪刘诗诗林志玲赵薇吴尊明星脸“撞衫”吓坏亲妈,0
撞衫,杨颖,汤唯,舒淇杨颖汤唯黄圣依盘点与范冰冰撞衫的女星,0
撞衫,张杰,庾澄庆,张杰上庾澄庆时尚节目,0
撞衫,孙宁,田中千绘,孙宁田中千绘撞衫(图),1
撞衫,范冰冰,石天琦,范冰冰石天琦杨幂汤唯比拼时尚,0
撞衫,范冰冰,明星,范冰冰王艳衣服轮流穿明星古装造型撞衫,0
撞衫,法兰西,赵薇,赵薇撞衫法兰西玫瑰,0
撞衫,华丽丽,舒淇,盘点舒淇范冰冰13次华丽丽撞衫,0
撞衫,刘涛,赵薇,杨幂上围激增赵薇减肥成功刘涛高圆圆撞衫,0
撞衫,孔东梅,毛泽东,毛泽东外孙女孔东梅时尚照片,0
撞衫,钟汉良,张亮,钟汉良撞衫张亮,1
撞衫,洪晃,雷军,洪晃雷军获2012凤凰时尚领袖称号,0
撞衫,杨幂,成功,杨幂上围激增赵薇减肥成功刘涛高圆圆撞衫,0
撞衫,高圆圆,赵丽颖,赵丽颖撞衫杨幂高圆圆VS全智贤,0
撞衫,高晓,徐粲金,高晓前妻徐粲金前卫时尚,0
撞衫,周年,山水,山水时尚酒店10周年,0
撞衫,窦骁,白百何,窦骁白百何红黑配亮相时尚大典,0
撞衫,范宣,方正,方正范宣波妙语揭示科技联姻时尚缘由,0
撞衫,中国,刘雯,刘雯马可兰珍珍见证中国“十年”时尚|十年|Gaultier,0
撞衫,夏日,汉王,汉王黄金屋秀出夏日时尚图片2,0
撞衫,朱莉,范冰冰,范冰冰&朱莉人火必撞衫,1
撞衫,林志玲,孙俪,吴尊刘诗诗林志玲赵薇孙俪明星脸“撞衫”吓坏亲妈,0
撞衫,黎坚惠,林奕华,香港时尚作家黎坚惠病逝林奕华黄伟文悼念,0
撞衫,张柏芝,海清,海清撞衫张柏芝赵薇,1
撞衫,葛天,刘翔,刘翔妻子葛天时尚大片曝光,0
撞衫,林志玲,吴尊,孙俪刘诗诗林志玲赵薇吴尊明星脸“撞衫”吓坏亲妈,0
撞衫,汪涵,何炅,何炅汪涵尴尬撞衫,1
撞衫,舒适,依达,时尚舒适”的依达利米兰,0
撞衫,杨幂,刘涛,杨幂上围激增赵薇减肥成功刘涛高圆圆撞衫,0
撞衫,牛顿,赫尔穆特,时尚摄影大师赫尔穆特牛顿,0
撞衫,陈翔,柴格,《落跑甜心》陈翔武艺柴格姜潮时尚造型PK,0
撞衫,林鹏,龙女郎,“龙女郎”林鹏时尚大片曝光,0
撞衫,舒淇,徐若瑄,女神时尚感舒淇PK徐若瑄,0
撞衫,姚笛,王熙凤,新"王熙凤"姚笛写真古典与时尚,0
撞衫,甘薇,韩雪,京城四美景甜韩雪白冰甘薇时尚衣品大PK,0
撞衫,梅西,林丹,梅西林丹时尚之都拼时尚,0
撞衫,佟丽娅,吴佩慈,吴佩慈安以轩应采儿佟丽娅汇聚时尚派对(高清),0
撞衫,姜昆,姜珊,姜昆33岁女儿姜珊时尚亮相晚宴(多图),0
撞衫,李宇春,汤唯,汤唯周迅李宇春领衔女文青攻陷时尚圈,0
撞衫,孙俪,李小璐,李小璐时尚孙俪优雅贝嫂霸气,0
撞衫,白发魔女,马苏,刘思彤马苏“白发魔女”拼时尚,0
撞衫,赫本,陈燃,陈燃亮相时尚活动造型甜美似赫本,0
撞衫,郑秀妍,郑秀晶,郑秀晶郑秀妍时尚姐妹花,0
撞衫,李毓芬,赖雅妍,唐嫣赖雅妍李毓芬时尚衣品大PK,0
撞衫,黄圣依,汤唯,舒淇杨颖汤唯黄圣依盘点与范冰冰撞衫的女星,0
撞衫,李小璐,陈妍希,李小璐撞衫陈妍希,1
撞衫,赵薇,林心如,赵薇林心如陈德容雷人"撞衫",1
撞衫,杨幂,胡歌,杨幂冯绍峰情侣写真vs杨幂胡歌隔空撞衫,0
撞衫,邓紫棋,蔡依林,蔡依林邓紫棋韩庚参加时尚音乐盛典,0
撞衫,温暖,明星,学时尚明星搭配温暖有格调,0
撞衫,可爱,车艺莲,看《对我而言可爱的她》女二车艺莲时尚穿搭,0
撞衫,王者,明星,国产明星霸气打扮谁是时尚王者,0
撞衫,章子怡,梁朝伟,揭章子怡梁朝伟戏外时尚私搭,0
撞衫,陈若仪,林志颖,林志颖老婆陈若仪机场时尚墨镜掩面随性前卫不喜跟拍,0
撞衫,李冰冰,董洁,孙俪范冰冰李冰冰董洁陈乔恩女星越老越穿越时尚,0
撞衫,米歇尔,罗姆尼,米歇尔罗姆尼撞衫,1
撞衫,张俪,姚芊羽,杜淳张俪姚芊羽造型时尚,0
撞衫,谷新,万方,阳光100大湖第70万方时尚新都会打造南光谷新中心,0
