昔日情敌,曾华倩,张曼玉,上情敌曾华倩节目谈情敌张曼玉,0
昔日情敌,章龄之,韩雪,章龄之韩雪变情敌,0
昔日情敌,沙溢,包贝尔,沙溢情敌包贝尔出现,0
昔日情敌,冯绍峰,柳如是,秦汉冯绍峰《柳如是》成“情敌”,0
昔日情敌,蒋欣,于小磊,于小磊与蒋欣成情敌,0
昔日情敌,纪亚文,张翰,《美男子》张翰纪亚文情敌对决,0
昔日情敌,郑中基,古天乐,郑中基遇情敌古天乐没尴尬,0
昔日情敌,王菲,周迅,王菲周迅是情敌瞿颖王菲是情敌窦颖周迅是情敌瞿颖周迅是情敌,0
昔日情敌,开心,刘嘉玲,刘嘉玲有张曼玉做情敌开心,0
昔日情敌,陈丽娜,李小冉,陈丽娜李小冉成“情敌”,0
昔日情敌,何超莲,阿娇,阿娇何超莲“情敌”合照,0
昔日情敌,陈坤,叶翠翠,好友陈坤情敌叶翠翠多方祝福赵薇,0
昔日情敌,孙玮,钟汉良,孙玮钟汉良成隐性情敌,0
昔日情敌,国家,莫名,莫名感动的红丝带＿＿最大的情敌原是这个国家,0
昔日情敌,宋雨霏,赵芮,《紫檀王》王挺抢手金铭赵芮宋雨霏成情敌展开争夺,0
昔日情敌,霍思燕,赵薇,黄奕霍思燕情敌陈坤赵薇闹掰,0
昔日情敌,陈建斌,李东学,《甄嬛传》陈建斌李东学成情敌,0
昔日情敌,钟伟强,张国荣,曝好声音学员钟伟强与张国荣同追毛舜筠成情敌,0
昔日情敌,张杰,谢娜,杨幂冯绍峰张杰谢娜战情敌各有招,0
昔日情敌,侯佩岑,蔡依林,蔡依林祝福昔日“情敌”侯佩岑,1
昔日情敌,明星,刘嘉玲,刘嘉玲张曼玉领衔娱乐圈绝版10大明星情敌亲密合影,0
昔日情敌,吴奇隆,刘诗诗,冯绍峰张杰谢娜刘诗诗吴奇隆战情敌各有招,0
昔日情敌,管羽,吴秀波,管羽与吴秀波饰情敌,0
昔日情敌,乔振宇,蓝正龙,乔振宇蓝正龙情敌相见,0
昔日情敌,林佑威,关颖,黄志玮出现情敌林佑威想要关颖,0
昔日情敌,苏有朋,刘烨,刘烨苏有朋联手抗情敌,0
昔日情敌,俞小凡,田丽,田丽与俞小凡变身情敌,0
昔日情敌,陈浩民,吴庆哲,吴庆哲PK“情敌”陈浩民,0
昔日情敌,谢娜,冯绍峰,冯绍峰张杰谢娜刘诗诗吴奇隆战情敌各有招,0
昔日情敌,赵薇,刘烨,苏有朋不跟「情敌」刘烨抢赵薇,0
昔日情敌,何明翰,严屹宽,何明翰严屹宽情敌过招,0
昔日情敌,倪萍,叶童,倪萍叶童《月嫂》变“情敌”,0
昔日情敌,刘梓娇,林心如,刘梓娇林心如成情敌,0
昔日情敌,任程伟,潘长江,潘长江任程伟《男媒婆》演情敌,0
昔日情敌,何润东,张勋杰,何润东张勋杰变情敌,0
昔日情敌,李小璐,伊能静,《勇敢游戏》李小璐伊能静成情敌,0
昔日情敌,郝蕾,瞿颖,瞿颖郝蕾闺蜜大战情敌,0
昔日情敌,剧中,范冰冰,范冰冰韩晓剧中成情敌(图),0
昔日情敌,张丹峰,甘婷婷,与张丹峰成情敌争甘婷婷,0
昔日情敌,孙茜,海清,海清孙茜变情敌争夺孙红雷,0
昔日情敌,闫妮,刘敏,闫妮刘敏“姐妹”变情敌,0
昔日情敌,成功,袁姗姗,袁姗姗成功逆袭情敌,0
昔日情敌,杨若兮,石光荣,《石光荣的战火青春》杨若兮仿情敌博邵兵欢心,0
昔日情敌,张国强,陈创,陈创张国强《只要你过得比我好》成情敌反目,0
昔日情敌,马可,吴昕,星剧社吴昕杜海涛变情敌抢马可,0
昔日情敌,张博,佟大为,高富帅张博过招屌丝情敌佟大为(图),0
昔日情敌,冯绍峰,谢娜,杨幂冯绍峰张杰谢娜战情敌各有招,0
昔日情敌,陈蓉,赵子惠,陈蓉赵子惠否认是情敌,0
昔日情敌,周芷若,赵敏,情敌“赵敏”“周芷若”再聚首(图)|高圆圆|贾静雯,0
昔日情敌,杨幂,梁朝伟,梁朝伟牵情敌杨幂三任男友同台,0
昔日情敌,炎亚纶,彭于晏,炎亚纶成彭于晏情敌,0
昔日情敌,应采儿,维多利亚,霍思燕应采儿维多利亚向情敌公开宣战的明星大盘点,0
昔日情敌,吴奇隆,冯绍峰,冯绍峰张杰谢娜刘诗诗吴奇隆战情敌各有招,0
昔日情敌,曹禺,杨振声,曹禺与杨振声从师生到情敌,0
昔日情敌,朱莉,安妮斯顿,安妮斯顿大赢旧情敌朱莉,1
昔日情敌,剧中,香里奈,香里奈户田惠梨香7月剧中演情敌,0
昔日情敌,吴彦祖,古天乐,杜琪峰《单身男女》玩职场恋吴彦祖古天乐成情敌,0
昔日情敌,雪琪,成全,姚雪琪忍痛成全情敌,0
昔日情敌,瞿颖,王菲,王菲周迅是情敌瞿颖王菲是情敌窦颖周迅是情敌瞿颖周迅是情敌,0
昔日情敌,赵芮,宋雨霏,金铭赵芮宋雨霏成情敌,0
昔日情敌,周丽淇,佘诗曼,传佘诗曼恶斗情敌周丽淇,0
昔日情敌,刘恺威,叶项明,叶项明与情敌刘恺威化恩怨,1
昔日情敌,莫文蔚,徐若瑄,莫文蔚提情敌徐若瑄不吃醋,0
昔日情敌,明道,刘冠翔,刘冠翔与明道变情敌,0
昔日情敌,李敏镐,朴信惠,《继承者》李敏镐金宇彬成情敌朴信惠两难|金宇彬|李敏镐|朴信惠,0
昔日情敌,刘小光,马晓春,马晓春刘小光不是情敌,0
昔日情敌,高湛,沈嘉彦,高湛迎来男小三沈嘉彦护花使者默默陪伴陆贞贞湛恋遭到双线情敌夹击贱碧从中作梗,0
昔日情敌,朱莉,詹尼,朱莉情敌詹尼佛美发一次40万,0
昔日情敌,张子文,罗志祥,张子文《合租记》被“情敌”罗志祥捉奸|张子文|罗志祥|情敌,0
昔日情敌,陈晓,霍建华,于正版《笑傲江湖》霍建华陈晓成情敌,0
昔日情敌,贾玲,王晓,《你是我的眼》贾玲王晓演绎臆想情敌,0
昔日情敌,张嘉译,文章,张嘉译和文章电视剧《蜗居》成情敌,0
昔日情敌,蔡依林,谢沛恩,蔡依林情敌谢沛恩谈锦荣,0
昔日情敌,左小青,任程伟,《战长沙》任程伟左小青遇情感危机大表哥变情敌,0
昔日情敌,陈浩民,何明翰,何明翰陈浩民情敌变兄弟,0
昔日情敌,李宇春,桂纶镁,李宇春与桂纶镁变情敌,0
昔日情敌,朱千雪,朱晨丽,朱千雪击退情敌朱晨丽,0
昔日情敌,文章,小小彬,文章儿子“夏天”与小小彬好友变情敌,0
昔日情敌,吕一,陈紫函,吕一陈紫函变情敌,0
昔日情敌,蒋勤勤,桂纶镁,桂纶镁蒋勤勤成“情敌”,0
昔日情敌,剧中,郭广平,郭广平郭涛剧中演情敌,0
昔日情敌,孙红雷,段奕宏,孙红雷段奕宏演情敌夺冰冰,0
昔日情敌,林江国,保剑锋,林江国保剑锋兄弟变情敌,0
昔日情敌,曾三,赵薇,赵薇情敌叶翠翠被曝曾三次整容,0
昔日情敌,卫子夫,郑媛元,曝郑媛元《卫子夫》与王珞丹情敌变知交,0
昔日情敌,大门,石头,男子报复情敌没找到人捡石头砸地铁站大门,0
昔日情敌,姚晨,吴秀波,追姚晨成吴秀波情敌,0
昔日情敌,张衣,林永健,张衣资助情敌林永健,0
昔日情敌,维多利亚,明星,霍思燕应采儿维多利亚向情敌公开宣战的明星大盘点,0
昔日情敌,侯梦莎,程愫,侯梦莎程愫再度成情敌,0
昔日情敌,刘佳,夏力薪,刘佳夏力薪成情敌,0
昔日情敌,张然,殷桃,张然与殷桃剧中成情敌,0
昔日情敌,小沈阳,杨冰,小沈阳杨冰变情敌,0
昔日情敌,姜武,王志飞,王志飞姜武成“情敌”,0
昔日情敌,陈龙,孙兴,陈龙孙兴成“情敌”,0
昔日情敌,黄飞鸿,井柏然,《黄飞鸿之英雄有梦》井柏然彭于晏朋友变情敌,0
昔日情敌,将军,于荣光,郑凯《从将军到士兵》与于荣光演情敌,0
昔日情敌,陈坤,赵薇,黄奕霍思燕情敌陈坤赵薇闹掰,0
昔日情敌,窦唯,王菲,窦唯前女友谈情敌王菲,0
昔日情敌,吴莫愁,伊能静,吴莫愁公布恋情与伊能静情敌相见装认识,0
昔日情敌,余文乐,陈冠希,回顾娱乐圈最著名“情敌”谢霆锋陈冠希余文乐,0
昔日情敌,何琳,马晓灿,何琳马晓灿两度成情敌,0
昔日情敌,韩红,范冰冰,韩红成范冰冰“情敌”,0
昔日情敌,谢娜,吴奇隆,冯绍峰张杰谢娜刘诗诗吴奇隆战情敌各有招,0
昔日情敌,王力宏,汤唯,传王力宏恋汤唯遇"情敌"李云迪,0
昔日情敌,王阳,张铎,王阳张铎首次合作成情敌,0
昔日情敌,王媛可,刘蓓,王媛可刘蓓变情敌,0
昔日情敌,谢天华,黄宗泽,6月5日热映《王牌情敌》看丑男黄宗泽PK贱男谢天华,0
昔日情敌,章子怡,黄璐,成都妹黄璐将化身章子怡“情敌”,0
昔日情敌,鲍德温,马丁,“情敌档”马丁与鲍德温将主持奥斯卡,0
昔日情敌,菅野美穗,荣仓奈奈,荣仓奈奈菅野美穗新剧扮情敌,0
昔日情敌,张曼玉,刘嘉玲,刘嘉玲谈张曼玉“情敌是个误会”|娱乐|半岛网,0
昔日情敌,修庆,郑伊,郑伊建修庆戏中变情敌(图),0
昔日情敌,谢婷婷,贡米,谢婷婷和贡米成情敌,0
昔日情敌,独孤意,韩寒,曝芙蓉与韩寒情敌独孤意一夜情,0
昔日情敌,高富,张国立,高富帅李昊臻成张国立情敌,0
昔日情敌,大仓忠义,大奥,二宫和也大赞《大奥》中情敌大仓忠义帅气认真,0
昔日情敌,孙玮,于荣光,忠厚孙玮当于荣光“情敌”,0
昔日情敌,陈德容,张定涵,陈德容张定涵《断箭》成情敌,0
昔日情敌,周柏豪,张致恒,周柏豪力挺情敌张致恒,0
昔日情敌,吴莫愁,哈林,吴莫愁公布恋情与伊能静情敌相见装认识哈林亲子照曝光,0
昔日情敌,古天乐,吴彦祖,古天乐与吴彦祖成情敌,0
昔日情敌,柳真雅,李雪主,李雪主视柳真雅为情敌,0
昔日情敌,井柏然,彭于晏,彭于晏井柏然成情敌,0
昔日情敌,马月,明星,刘翔“情敌”马月玩转明星社交生意,0
昔日情敌,杨幂,刘滢,《战火西北狼》刘滢与杨幂成“情敌”/图,0
昔日情敌,翁美玲,罗君左,罗君左爆梅艳芳的情敌是翁美玲,0
昔日情敌,武松,西门庆,西门庆是武松的情敌,0
昔日情敌,邓丽欣,方力申,田亮方力申变"情敌"抢邓丽欣,0
昔日情敌,刘恺威,钱泳辰,钱泳辰刘恺威成情敌(组图),0
昔日情敌,杜淳,佟丽娅,《经济适用男》杜淳李光洁为佟丽娅反目成情敌,0
昔日情敌,宋慧乔,伊能静,《我是女王》宋慧乔和伊能静是情敌,0
昔日情敌,夏雨,明道,明道夏雨拳脚相加成情敌,0
昔日情敌,杨幂,颖儿,杨幂酥胸PK情敌颖儿,0
昔日情敌,董璇,马伊琍,董璇新戏与马伊琍成情敌,0
昔日情敌,吴彦祖,陈冠希,吴彦祖评情敌陈冠希,0
昔日情敌,邓丽欣,田亮,田亮方力申变"情敌"抢邓丽欣,0
昔日情敌,陈浩民,佘诗曼,陈浩民否认为争佘诗曼打架和情敌马德钟是好友,0
昔日情敌,蒋欣,赵薇,黄奕蒋欣赵薇曾是情敌,1
昔日情敌,谢霆锋,冯绍峰,冯绍峰刘恺威谢霆锋陈冠希曾与情敌亲密合影的明星们,0
昔日情敌,许仙,任泉,许仙任泉与"法海"成情敌,0
昔日情敌,陈浩民,谭耀文,陈浩民谭耀文成情敌,0
昔日情敌,王挺,金铭,《紫檀王》王挺抢手金铭赵芮宋雨霏成情敌展开争夺,0
昔日情敌,苏有朋,赵薇,苏有朋不跟「情敌」刘烨抢赵薇,0
昔日情敌,剧中,秦海璐,剧中与秦海璐成情敌,0
昔日情敌,刘亦菲,江一燕,“情敌”刘亦菲江一燕红毯拼性感,0
昔日情敌,阿布,沙皇,沙皇羡慕情敌阿布,0
昔日情敌,开心,李嘉欣,闻情敌李嘉欣怀孕开心,0
昔日情敌,王菲,李亚鹏,李亚鹏王菲的情敌相爱了,0
昔日情敌,陈坤,霍思燕,黄奕霍思燕情敌陈坤赵薇闹掰,0
昔日情敌,任重,李光洁,《北京青年》任重对阵情敌李光洁,0
昔日情敌,黄圣依,马苏,马苏黄圣依俩“情敌”横眉冷对,0
昔日情敌,赵又廷,麻吉,修杰楷赵又廷情敌变麻吉,0
昔日情敌,李东恒,严宽,严宽李东恒成情敌,0
昔日情敌,张峻宁,彭于晏,张峻宁彭于晏“情敌”也“情深”,0
昔日情敌,庹宗华,杜德伟,杜德伟庹宗华新剧扮演情敌,0
昔日情敌,周迅,徐静蕾,周迅与“情敌”徐静蕾《宝贝》擦肩而过,0
昔日情敌,白百何,文章,文章白百何《失恋33天》滕华涛李晨成隐形情敌(组图),0
昔日情敌,邵兵,石光荣,《石光荣的战火青春》杨若兮仿情敌博邵兵欢心,0
昔日情敌,在熙,黄晓明,黄晓明在熙情敌大战,0
昔日情敌,郑媛元,王珞丹,郑媛元与王珞丹情敌变知交,1
昔日情敌,何润东,黄少祺,黄少祺何润东《芙蓉锦》演情敌,0
昔日情敌,胡可,刘芸,胡可刘芸戏里戏外皆情敌(图),0
昔日情敌,蒋梦婕,高洋,蒋梦婕高洋昔日情敌变姐妹,1
昔日情敌,赵薇,叶翠翠,赵薇情敌叶翠翠被曝曾三次整容,0
昔日情敌,林江国,小沈阳,林江国小沈阳戏里情敌戏外酒友,0
昔日情敌,郭涛,高兴,张兆辉客串《高兴》成郭涛“情敌”(图),0
昔日情敌,李晨,白百何,文章白百何《失恋33天》滕华涛李晨成隐形情敌,0
昔日情敌,小沈阳,赵峥,赵峥小沈阳为海清变情敌,0
昔日情敌,沈泰,严宽,《恋了爱了》严宽沈泰变情敌,0
昔日情敌,任泉,法海,许仙任泉与"法海"成情敌,0
昔日情敌,殷桃,赵丽颖,殷桃赵丽颖成情敌,0
昔日情敌,杨壹童,杨丞琳,杨壹童对战情敌杨丞琳,0
昔日情敌,杨幂,谢娜,杨幂冯绍峰张杰谢娜战情敌各有招,0
昔日情敌,应采儿,霍思燕,霍思燕应采儿维多利亚向情敌公开宣战的明星大盘点,0
昔日情敌,戴娇倩,陆昱霖,刘恺威陆昱霖为戴娇倩成情敌,0
昔日情敌,郭晶晶,赵彤,赵彤陪被传成郭晶晶情敌,0
昔日情敌,张嘉译,施大生,施大生张嘉译成情敌,0
昔日情敌,霍思燕,明星,霍思燕应采儿维多利亚向情敌公开宣战的明星大盘点,0
昔日情敌,陈红,张柏芝,张柏芝刘嘉玲陈红娱乐圈情敌大PK（组图）,0
昔日情敌,翁美玲,梅艳芳,罗君左爆梅艳芳的情敌是翁美玲,0
昔日情敌,阿奎罗,罗霍,罗霍密友乃阿奎罗情敌,0
昔日情敌,杨千嬅,丁子高,杨千嬅情敌被丁子高甩,0
昔日情敌,张云龙,范世琦,《爱笑》张云龙范世琦成情敌,0
昔日情敌,刘惜君,俞灏明,俞灏明绯闻女友现身“花儿”曾是刘惜君情敌,0
昔日情敌,袁姗姗,成功,宫锁连城剧情结局大曝光袁姗姗成功逆袭情敌,0
昔日情敌,姚笛,李念,姚笛李念新片反目成情敌,0
昔日情敌,郭富城,唐季礼,郭富城冷嘲情敌唐季礼,0
昔日情敌,方慧,叶璇,方慧《九寡》与闺蜜叶璇变情敌,0
昔日情敌,宋雨霏,紫檀,《紫檀王》王挺抢手金铭赵芮宋雨霏成情敌展开争夺,0
昔日情敌,凌潇肃,徐志摩,凌潇肃神似徐志摩情敌,0
昔日情敌,杨幂,安以轩,杨幂安以轩情敌古装大比拼,0
昔日情敌,杨幂,廖碧儿,杨幂前任情敌廖碧儿被刘恺威甩后发福暴肥,1
昔日情敌,蒋雯丽,游悠,《娘要嫁人》游悠蒋雯丽情敌变亲戚(图),0
昔日情敌,邬靖靖,袁姗姗,邬靖靖袁姗姗成情敌,0
昔日情敌,章子怡,范冰冰,“情敌”章子怡不选范冰冰(图),0
昔日情敌,金南珠,蔡正安,蔡正安成金南珠情敌,0
昔日情敌,张丹峰,谢佳见,张丹峰谢佳见成情敌,0
昔日情敌,张辉,周一围,周一围张辉变脸成情敌,0
昔日情敌,李曼,徐熙颜,徐熙颜李曼演情敌,0
昔日情敌,许仙,法海,任泉出演许仙与法海成情敌,0
昔日情敌,贾静雯,高洋,贾静雯高洋成情敌,0
昔日情敌,周杰伦,曾小贤,周杰伦成曾小贤情敌,0
昔日情敌,舒淇,冯德伦,港媒曝周星驰猛追舒淇与情敌冯德伦积怨5年,0
昔日情敌,杜海涛,马可,星剧社吴昕杜海涛变情敌抢马可,0
昔日情敌,马苏,姜武,潘泰名为马苏与姜武成"情敌",0
昔日情敌,黎明,李嘉欣,乐基儿只收到黎明戒指糖祝福情敌李嘉欣(图),0
昔日情敌,郭广平,郭涛,郭广平郭涛剧中演情敌,0
昔日情敌,李东翰,刘涛,《橄榄树》李东翰陈思成争刘涛成“情敌”,0
昔日情敌,郑俊浩,李东健,李东健郑俊浩变情敌,0
昔日情敌,贾妮,张鹭,张鹭贾妮成情敌丈母娘,0
昔日情敌,裴秀智,全智贤,裴秀智全智贤情敌造型比拼,0
昔日情敌,张照,田亮,娱乐圈罕见情敌合照田亮霍启刚郭晶晶竟在一张照上,0
昔日情敌,张柏芝,谢婷婷,谢婷婷和“翻版张柏芝”成情敌,0
昔日情敌,潘泰名,马苏,潘泰名为马苏与姜武成"情敌",0
昔日情敌,吴奇隆,王新,王新吴奇隆《向着炮火前进》剧中情敌,0
昔日情敌,袁咏仪,吴君如,吴君如袁咏仪“情敌”见面,0
昔日情敌,吴若甫,马光泽,马光泽与吴若甫成情敌,0
昔日情敌,吴奇隆,谢孟伟,《胜利》谢孟伟将吴奇隆列为头号情敌,0
昔日情敌,苗圃,王茜华,王茜华剧中与苗圃成“情敌”,0
昔日情敌,林峰,吴千语,传林峰主动公开与吴千语恋情为击退情敌,0
昔日情敌,葛优,苗圃,苗圃透露和嘉玲演情敌争葛优,0
昔日情敌,吴奇隆,林更新,吴奇隆与“情敌”林更新荧屏PK,0
昔日情敌,罗海琼,车晓,罗海琼车晓同门姐妹成情敌,0
昔日情敌,赵芮,剧中,金铭赵芮剧中成情敌,0
昔日情敌,剧中,杨童舒,与杨童舒剧中成情敌,0
昔日情敌,韩雯雯,伊能静,韩雯雯和伊能静《大瓷商》中成“情敌”争夏雨,0
昔日情敌,刘思彤,梅艳芳,何洁剧中情敌刘思彤将主演电视剧《梅艳芳》,0
昔日情敌,金正恩,李雪主,李雪主像金正恩祖母完胜情敌,0
昔日情敌,杨梅,周迅,杨梅周迅演情敌,0
昔日情敌,吴昕,海涛,《失恋公寓》吴昕海涛变情敌,0
昔日情敌,邵兵,曹卫宇,曹卫宇邵兵戏外兄弟戏内情敌,0
昔日情敌,萧亚轩,柯震东,柯震东祝福萧亚轩结新欢《我的情敌是超人》定档,0
昔日情敌,张曼玉,明星,刘嘉玲张曼玉领衔娱乐圈绝版10大明星情敌亲密合影,0
昔日情敌,许雅涵,杜海涛,许雅涵成杜海涛“情敌”,0
昔日情敌,孙宁,杜晓婷,杜晓婷因爱生恨与孙宁成情敌,0
昔日情敌,梁静,马伊琍,马伊琍梁静"情敌"相见不理睬,0
昔日情敌,陈小春,郝率,郝率与陈小春成情敌,0
昔日情敌,李昊臻,张国立,李昊臻与张国立成情敌,0
昔日情敌,郑希怡,王丽坤,王丽坤郑希怡《盛女》情敌碰面火药味十足,0
昔日情敌,应采儿,张柏芝,应采儿吃醋拒邀旧情敌张柏芝,1
昔日情敌,金铭,紫檀,《紫檀王》王挺抢手金铭赵芮宋雨霏成情敌展开争夺,0
昔日情敌,杨幂,徐麒雯,杨幂徐麒雯真假情敌恶搞照,0
昔日情敌,孔子,张黎,张黎为孔子增加两情敌,0
昔日情敌,陈琳,邓蓉,邓蓉才是自杀歌手陈琳的真正情敌,0
昔日情敌,刘雨鑫,殷桃,刘雨鑫殷桃闺蜜变"情敌",0
昔日情敌,张萌,姚晨,张萌PK姚晨情敌大战拉开序幕,0
昔日情敌,俞承豪,尹恩惠,苦恋尹恩惠俞承豪成情敌,0
昔日情敌,黄磊,古天乐,“闺蜜”黄磊摇身变古天乐情敌,0
昔日情敌,朱刚日尧,吴秀波,朱刚日尧吴秀波成情敌,0
昔日情敌,黄渤,李晨,黄渤李晨上演“陌路情敌”,0
昔日情敌,韩晓,范冰冰,范冰冰韩晓剧中成情敌,0
昔日情敌,杨幂,刘恺威,杨幂前任情敌廖碧儿被刘恺威甩后发福暴肥,0
昔日情敌,刘德华,何明翰,何明翰《富春山居图》和刘德华成情敌,0
昔日情敌,梁山伯,刘备,刘备赵云成情敌梁山伯疑是gay,0
昔日情敌,李子峰,胡歌,李子峰胡歌成情敌(图),0
昔日情敌,应采儿,明星,霍思燕应采儿维多利亚向情敌公开宣战的明星大盘点,0
昔日情敌,小沈阳,宋小宝,小沈阳宋小宝成“情敌”,0
昔日情敌,方力申,阿娇,阿娇情敌邓丽欣力挺方力申,0
昔日情敌,杨幂,冯绍峰,杨幂冯绍峰张杰谢娜战情敌各有招,0
昔日情敌,霍思燕,维多利亚,霍思燕应采儿维多利亚向情敌公开宣战的明星大盘点,0
昔日情敌,左小青,齐襄,齐襄变身“小寡妇”暗恋夏雨与左小青成情敌,0
昔日情敌,金铭,赵芮,金铭赵芮宋雨霏成情敌,0
昔日情敌,房子斌,李乃文,李乃文房子斌《六块六毛六》"瓷器"变情敌,0
昔日情敌,黄奕,霍思燕,黄奕霍思燕情敌陈坤赵薇闹掰,0
昔日情敌,李易峰,李威,李易峰李威成情敌,0
昔日情敌,陈坤,文章,陈坤文章成情敌,0
昔日情敌,海清,李若,余味情敌李若秋一直隐身"海清剧",0
昔日情敌,贾静雯,高圆圆,贾静雯高圆圆"情敌"相拥,0
昔日情敌,孙玮,剧中,《劝和小组》孙玮朱晓渔剧中情敌PK|孙玮|劝和小组,0
昔日情敌,汪东城,辰亦儒,辰亦儒汪东城戏里演情敌,0
昔日情敌,蒙恬,玉漱,蒙恬自曝爱慕玉漱小川情敌出现,0
昔日情敌,罗海琼,蒋雯丽,罗海琼蒋雯丽成“情敌”,0
昔日情敌,廖碧儿,刘恺威,杨幂前任情敌廖碧儿被刘恺威甩后发福暴肥,0
昔日情敌,倪震,周慧敏,周慧敏情敌曾贴与倪震合照,0
昔日情敌,印小天,李成儒,李成儒印小天变情敌傻根儿进京,0
昔日情敌,白冰,颖儿,颖儿白冰变情敌,0
昔日情敌,邓丽欣,阿娇,阿娇否认与邓丽欣是情敌,0
昔日情敌,徐淑敏,唐诗咏,徐淑敏情敌碰头凸袭唐诗咏,0
昔日情敌,高富,佟大为,高富帅张博过招屌丝情敌佟大为,0
昔日情敌,吴彦祖,杜琪峰,杜琪峰《单身男女》玩职场恋吴彦祖古天乐成情敌,0
昔日情敌,李瑞,姚兰,姚兰与李瑞是情敌,0
昔日情敌,明星,刘翔,刘翔“情敌”马月玩转明星社交生意,0
昔日情敌,周一围,赵薇,周一围透露两影后在《谢谢你曾经爱过我》中的表现赵薇秦海璐戏里情敌戏外密友,0
昔日情敌,徐子淳,贡米,《仙女湖》徐子淳贡米剧中变情敌|《仙女湖》|贡米|陈龙,0
昔日情敌,董璇,伊能静,伊能静董璇变情敌,0
昔日情敌,吴卓羲,张馨予,张馨予赶绝情敌默认恋吴卓羲,0
昔日情敌,夏雨,姚星彤,夏雨明道成“情敌”大打出手争夺姚星彤(图),0
昔日情敌,金铭,宋雨霏,金铭赵芮宋雨霏成情敌展开争夺,0
昔日情敌,袁姗姗,陈乔恩,袁姗姗陈乔恩再演情敌,0
昔日情敌,印小天,冯雷,冯雷印小天成情敌,0
昔日情敌,王雅捷,韩雪,韩雪王雅捷戏内情敌戏外亲,0
昔日情敌,陈好,范冰冰,揭陈好范冰冰情敌恩怨,0
昔日情敌,梅艳芳,何洁,何洁剧中情敌刘思彤将主演电视剧《梅艳芳》,0
昔日情敌,孙俪,姚采颖,孙俪姚采颖情敌变好友,1
昔日情敌,李修贤,姜大卫,李修贤姜大卫成“情敌”,0
昔日情敌,连城,成功,宫锁连城剧情结局曝光袁姗姗成功逆袭情敌,0
昔日情敌,姜武,吴秀波,姜武《乱世书香》单恋发小将吴秀波当情敌,0
昔日情敌,张杰,杨幂,杨幂冯绍峰张杰谢娜战情敌各有招,0
昔日情敌,苏醒,李炜,苏醒被曝痛打“情敌”李炜,0
昔日情敌,杨幂,盛夏,《盛夏晚晴天》杨幂遇男情敌,0
昔日情敌,李晨,全泰秀,全泰秀李晨情敌见面分外眼红,0
昔日情敌,霍启刚,张照,娱乐圈罕见情敌合照田亮霍启刚郭晶晶竟在一张照上,0
昔日情敌,谢霆锋,明星,陈冠希谢霆锋等十大情敌明星的尴尬巧遇,0
昔日情敌,赵丽颖,王智,赵丽颖《妻子的秘密》成王智情敌,0
昔日情敌,滕华涛,白百何,文章白百何《失恋33天》滕华涛李晨成隐形情敌,0
昔日情敌,张杰,吴奇隆,冯绍峰张杰谢娜刘诗诗吴奇隆战情敌各有招,0
昔日情敌,孙俪,蔡少芬,陈建斌私会情敌孙俪蔡少芬吃醋,0
昔日情敌,王力可,杨蓉,杨蓉遭遇最强情敌王力可,0
昔日情敌,九把刀,林依晨,柯震东演九把刀《我的情敌是超人》“告白”林依晨,0
昔日情敌,张柏芝,王菲,看张柏芝情敌王菲昔日美照,0
昔日情敌,京华烟云,李晟,《新京华烟云》李晟阚清子“情敌”变“姐妹”,0
昔日情敌,剧中,王丽坤,王丽坤剧中穿婚纱情敌欲跳河,0
昔日情敌,剧中,郭涛,郭广平郭涛剧中演情敌,0
昔日情敌,李光洁,杜淳,《经济适用男》杜淳李光洁为佟丽娅反目成情敌,0
昔日情敌,林依晨,柯震东,《我的情敌是超人》林依晨柯震东姐弟恋,0
昔日情敌,张博,高富,高富帅张博过招屌丝情敌佟大为(图),0
昔日情敌,金铭,剧中,金铭赵芮剧中成情敌,0
昔日情敌,郭京飞,陆毅,陆毅郭京飞戏里情敌戏外连襟,0
昔日情敌,林志玲,张静初,张静初最怕情敌是林志玲,0
昔日情敌,严宽,赵正阳,赵正阳严宽上演情敌对垒,0
昔日情敌,谢沛恩,锦荣,蔡依林情敌谢沛恩谈锦荣,0
昔日情敌,连城,袁姗姗,宫锁连城剧情结局大曝光袁姗姗成功逆袭情敌,0
昔日情敌,孙坚,俞灏明,孙坚俞灏明变情敌,0
昔日情敌,杨舒,江湖,《江湖正道》杨舒柯蓝情敌相见势不两立,0
昔日情敌,剧中,魏晨,剧中打“情敌”魏晨引粉丝围攻,0
昔日情敌,何超莲,钟欣潼,何超莲同“情敌”钟欣潼大方合照,0
昔日情敌,郭晶晶,田亮,郭晶晶情敌揭田亮老底,0
昔日情敌,谢霆锋,刘恺威,冯绍峰刘恺威谢霆锋陈冠希曾与情敌亲密合影的明星们,0
昔日情敌,陈昊,李东学,陈昊李东学上演情敌大战,0
昔日情敌,秦海璐,赵薇,赵薇秦海璐"情敌"见面分外眼红,0
昔日情敌,李湘,李厚霖,李湘离婚一事出现戏剧性变化李厚霖情敌向李湘求婚,0
昔日情敌,张佑赫,贾乃亮,贾乃亮张佑赫成“情敌”,0
昔日情敌,在熙,刘亚仁,刘亚仁在熙情敌对抗,0
昔日情敌,滕华涛,李晨,文章白百何《失恋33天》滕华涛李晨成隐形情敌,0
昔日情敌,高富,李昊臻,高富帅李昊臻成张国立情敌,0
昔日情敌,周慧敏,张茆,周慧敏情敌张茆嫁外籍男,1
昔日情敌,刘青云,周迅,《大魔术师》梁朝伟刘青云变身情敌争周迅,0
昔日情敌,嘉玲,葛优,《让子弹飞》苗圃透露和嘉玲演情敌争葛优,0
昔日情敌,吴奇隆,甘婷婷,吴奇隆PK情敌猛追甘婷婷,0
昔日情敌,姚卓君,胡亚捷,姚卓君胡亚捷情敌对垒/图,0
昔日情敌,周扬,舒淇,舒淇周扬成情敌,0
昔日情敌,曾华倩,梁朝伟,昔日情敌刘嘉玲曾华倩同挺梁朝伟新作,0
昔日情敌,沈傲君,王媛可,《兵团岁月》沈傲君王媛可纠结成情敌,0
昔日情敌,孔维,周韵,周韵推荐孔维当“情敌”,0
昔日情敌,陈紫函,刘娜萍,《刘海戏金蟾》刘娜萍陈紫函上演“情敌PK战”,0
昔日情敌,姚笛,谈笑,与“情敌”姚笛谈笑现场,0
昔日情敌,金马,刘嘉玲,刘嘉玲婉拒金马避情敌,0
昔日情敌,黄奕,秦岚,秦岚黄奕“情敌”变好友,0
昔日情敌,卫子夫,王珞丹,曝郑媛元《卫子夫》与王珞丹情敌变知交,0
昔日情敌,杨幂,莫小棋,莫小棋杨幂《北爱》争男人成情敌,0
昔日情敌,钟汉良,贾乃亮,钟汉良贾乃亮成情敌《最美的时光》虐恋受关注,0
昔日情敌,高圆圆,吴彦祖,古天乐吴彦祖为高圆圆变身“情敌”,0
昔日情敌,谭洋,吴秀波,《槐树》谭洋饰吴秀波情敌,0
昔日情敌,毛林林,林依晨,毛林林与林依晨饰情敌,0
