暧昧,陈晓,陆贞,《陆贞》结局赵丽颖陈晓相守而亡戏外暧昧合影不避嫌,0
暧昧,柳岩,汤唯,汤唯车震郭德纲柳岩大玩暧昧,0
暧昧,张翰,郑爽,吴奇隆刘诗诗张翰郑爽唐嫣邱泽玩暧昧,1
暧昧,谢娜,乐嘉,《超级先生》乐嘉谢娜牵手显暧昧,1
暧昧,刘恺威,颖儿,刘恺威《画皮2》白冰颖儿玩暧昧,1
暧昧,张杰,邓紫棋,曝邓紫棋张杰暧昧激怒谢娜,1
暧昧,福山雅治,平井坚,福山雅治与平井坚暧昧用餐,1
暧昧,马苏,孔令辉,孔令辉暧昧回应与马苏分手,0
暧昧,何炅,杨乐乐,谢娜缺席大本营又缺席七夕晚会何炅与杨乐乐暧昧无视汪涵,1
暧昧,张杰,乐嘉,超级先生谢娜乐嘉暧昧网友呼喊张杰,0
暧昧,雷佳音,佟丽娅,雷佳音佟丽娅暧昧,1
暧昧,张国荣,黎明,曾与张国荣黎明黄家驹暧昧,0
暧昧,李钟硕,李东旭,朴海镇李泰兰结婚李东旭女友朴恩惠李钟硕郑秀晶暧昧,0
暧昧,剧中,刘向京,刘向京应采儿剧中玩暧昧,0
暧昧,李宇春,陈坤,李宇春陈坤玩暧昧那英孙楠压轴,1
暧昧,范晓萱,梁朝伟,梁朝伟周迅范晓萱暧昧,0
暧昧,范晓萱,周迅,《听风者》梁朝伟周迅范晓萱暧昧三角恋,0
暧昧,熊黛林,冯绍峰,王珞丹与李光洁领衔杨幂冯绍峰郭富城熊黛林玩暧昧,0
暧昧,谢霆锋,郑爽,谢霆锋周迅恋爱张翰郑爽暧昧,0
暧昧,汪峰,阿妹,汪峰未婚生女阿妹与哈林暧昧,0
暧昧,李晟,林心如,林心如皇阿玛暧昧李晟吃相吓人,0
暧昧,郭世伦,许建国,郭世伦许建国搞暧昧,1
暧昧,吕婉柔,汪小菲,汪小菲与内地嫩模吕婉柔火热玩暧昧,1
暧昧,杨幂,李光洁,王珞丹李光洁领衔杨幂冯绍峰郭富城熊黛林玩暧昧,0
暧昧,孟非,任重,孟非客串被赞“非常自如”姚笛任重暧昧回应恋情,0
暧昧,李菲儿,明星,明星家族的2天1夜李菲儿安宰贤秀暧昧,0
暧昧,曾轶可,李媛希,曾轶可李媛希暧昧用餐,1
暧昧,冯绍峰,赵薇,赵薇黄晓明杨幂冯绍峰揭女星与蓝颜的暧昧情事,0
暧昧,刘恺威,马雅舒,刘恺威马雅舒玩暧昧,1
暧昧,王珞丹,李光洁,王珞丹与李光洁领衔杨幂冯绍峰郭富城熊黛林玩暧昧,1
暧昧,林青霞,天山童姥,林青霞巩俐《天山童姥》旧照展暧昧风情,0
暧昧,徐帆,濮存昕,徐帆濮存昕暧昧相拥起舞,1
暧昧,黄晓明,冯绍峰,杨幂冯绍峰谢娜黄晓明韩庚暧昧情史盘点,0
暧昧,朱梓骁,赵丽颖,陈晓赵丽颖暧昧急坏朱梓骁,0
暧昧,姚笛,孟非,孟非客串被赞“非常自如”姚笛任重暧昧回应恋情,0
暧昧,陈坤,赵薇,陈坤赵薇“暧昧”的友谊,1
暧昧,容祖儿,何韵诗,容祖儿何韵诗暧昧姐妹情,1
暧昧,许晴,张翰,《花儿与少年》张翰许晴玩暧昧,1
暧昧,余文乐,杨子姗,陈意涵杨子姗分享闺蜜情余文乐现场暧昧回应恋情,0
暧昧,郭富城,熊黛林,王珞丹与李光洁领衔杨幂冯绍峰郭富城熊黛林玩暧昧,1
暧昧,韩庚,冯绍峰,杨幂冯绍峰谢娜黄晓明韩庚暧昧情史盘点,0
暧昧,周迅,刘诗诗,周迅最霸气舒淇一直暧昧刘诗诗顺理成章,0
暧昧,任贤齐,唐嫣,霍建华唐嫣暧昧同看任贤齐个唱,0
暧昧,安妮斯顿,保罗,安妮斯顿与保罗路德暧昧登《GQ》封面,0
暧昧,窦骁,张东健,《危险关系》导演与张东健窦骁的“暧昧”瞬间(组图),0
暧昧,谢霆锋,范冰冰,谢霆锋范冰冰暧昧十足,1
暧昧,邱泽,霍建华,霍建华唐嫣暧昧陈乔恩邱泽传绯闻,0
暧昧,孙俪,邓超,孙俪被曝因邓超与江一燕暧昧气炸,0
暧昧,徐若瑄,吴克群,因吴克群徐若瑄暧昧吃醋,1
暧昧,陈乔恩,马天宇,跟唐嫣陈乔恩暧昧和马天宇同性恋,0
暧昧,邓超,江一燕,江一燕否认与邓超暧昧,0
暧昧,黄晓明,赵薇,盘点赵薇黄晓明暧昧瞬间,1
暧昧,李敏镐,朴信惠,曝《继承者们》主演片场照朴信惠依偎李敏镐暧昧对戏,1
暧昧,于湉,华晨宇,快乐大本营于湉华晨宇暧昧,1
暧昧,吴镇宇,万思维,贾乃亮万思维吴镇宇黄秋生娱乐圈暧昧好基友,0
暧昧,吴奇隆,孔令辉,马苏不顾孔令辉与吴奇隆暧昧,0
暧昧,贾静雯,黄磊,孙志浩离婚指黄磊贾静雯暧昧,1
暧昧,周作人,鲁迅,鲁迅周作人在八道湾的暧昧往事,0
暧昧,明星,张翰,谢霆锋周迅恋爱张翰郑爽暧昧盘点不靠谱的明星恋情,0
暧昧,萧亚轩,柯震东,萧亚轩手摸柯震东大腿显暧昧,1
暧昧,潘霜霜,张馨予,张馨予学潘霜霜姚笛吴镇宇暧昧,0
暧昧,蔡少芬,张晋,蔡少芬发暧昧照珍惜与张晋十年感情,0
暧昧,蒋劲夫,胡歌,蒋劲夫胡歌《轩辕剑之天之痕》暧昧断臂照曝光,0
暧昧,谢霆锋,周迅,谢霆锋周迅恋爱张翰郑爽暧昧,0
暧昧,李冰冰,章子怡,与范冰冰暧昧吻李冰冰章子怡,0
暧昧,孙红雷,孙周,与张艺谋孙红雷孙周暧昧,0
暧昧,张翰,邱泽,吴奇隆刘诗诗张翰郑爽唐嫣邱泽玩暧昧,0
暧昧,白牙,郜林,陈涛露大白牙郜林暧昧,0
暧昧,曾轶可,何韵诗,与何韵诗曾轶可搞暧昧拍MV,0
暧昧,刘以豪,王心如,王心如改名王乐妍与刘以豪玩暧昧|王心如|王乐妍|刘以豪,1
暧昧,王挺,赵子惠,赵子惠王挺跨越年龄演绎暧昧,1
暧昧,李冰冰,雪花,《雪花》李冰冰全智贤暧昧照曝光,0
暧昧,章子怡,赵薇,揭秘赵薇章子怡暧昧“干爹”,0
暧昧,唐嫣,马天宇,跟唐嫣陈乔恩暧昧和马天宇同性恋,0
暧昧,黄海冰,张溪芸,张溪芸黄海冰玩暧昧,1
暧昧,郭敬明,锦荣,男友锦荣与郭敬明暧昧,1
暧昧,王珞丹,杨幂,王珞丹与李光洁领衔杨幂冯绍峰郭富城熊黛林玩暧昧,0
暧昧,刘诗诗,钟情,曾钟情陈乔恩与林心如刘诗诗暧昧,0
暧昧,蒋梦婕,何晟铭,《王者清风》玩暧昧何晟铭蒋梦婕成“好兄妹”,0
暧昧,陈妍希,文章,文章与陈妍希暧昧照曝光,1
暧昧,华晨宇,胡歌,胡歌“表白”霍建华叶璇横刀夺爱华晨宇许晴旅行暧昧,0
暧昧,张静初,吴克羣,《脱轨时代》张静初吴克羣秀暧昧,1
暧昧,弦子,吴秀波,吴秀波弦子暧昧舔奶油,1
暧昧,邓丽欣,方力申,方力申邓丽欣暧昧相视,1
暧昧,孙俪,刘亦菲,刘亦菲邓超《四大名捕》暧昧“甄嬛”孙俪醋意大发,0
暧昧,陈冠希,张柏芝,揭谢霆锋无视张柏芝陈冠希再玩暧昧的幕后真相(组图),0
暧昧,张艺谋,张国立,女明星与男导演张艺谋张国立张纪中暧昧瞬间,0
暧昧,成就,陆贞,陆贞传奇成就50个暧昧瞬间,0
暧昧,王菲,舒淇,曾与王菲舒淇传暧昧,0
暧昧,潘迎紫,林青霞,林青霞与潘迎紫前夫暧昧,0
暧昧,周杰伦,蔡依林,周杰伦蔡依林搞暧昧,1
暧昧,张国荣,明星,盘点与张国荣生前暧昧不清明星,0
暧昧,张睿,花非花,《花非花雾非雾》张睿李晟戏里戏外暧昧升级,0
暧昧,吴镇宇,黄秋生,贾乃亮万思维吴镇宇黄秋生娱乐圈暧昧好基友,0
暧昧,巫迪文,刘恩佑,叶璇与刘恩佑巫迪文暧昧跳舞,0
暧昧,齐秦,那英,那英齐秦互动暧昧不避嫌,1
暧昧,王中军,冯小刚,王中军否认冯小刚态度暧昧,0
暧昧,邱泽,郑爽,吴奇隆刘诗诗张翰郑爽唐嫣邱泽玩暧昧,0
暧昧,中国,王子,曝《中国好声音》哈尼王子李维真与女友亲密暧昧照,0
暧昧,钟情,陈乔恩,曾钟情陈乔恩与林心如刘诗诗暧昧,0
暧昧,舒淇,何韵诗,何韵诗舒淇容祖儿"她她"女星温软暧昧照大起底,1
暧昧,曾华倩,刘嘉玲,曾华倩暧昧附和"情敌"刘嘉玲,0
暧昧,侯佩岑,刘亦菲,刘亦菲妈与富商暧昧侯佩岑妈小三,0
暧昧,吴秀波,汤唯,汤唯吴秀波没有暧昧只有爱情,0
暧昧,郭德纲,柳岩,汤唯车震郭德纲柳岩大玩暧昧,1
暧昧,田子田,窦智孔,田子田窦智孔传暧昧,1
暧昧,撒贝宁,章子怡,撒贝宁暧昧承认章子怡,1
暧昧,成龙,章子怡,成龙与章子怡等暧昧,1
暧昧,杨幂,刘诗诗,刘诗诗杨幂不和胡歌霍建华暧昧,0
暧昧,杨丞琳,罗志祥,罗志祥杨丞琳合作现场暧昧,1
暧昧,黄晓明,谢娜,杨幂冯绍峰谢娜黄晓明韩庚暧昧情史盘点,0
暧昧,唐嫣,邱泽,吴奇隆刘诗诗张翰郑爽唐嫣邱泽玩暧昧,1
暧昧,白冰,颖儿,刘恺威《画皮2》白冰颖儿玩暧昧,0
暧昧,哈林,张惠妹,张惠妹承认与哈林很暧昧,1
暧昧,杨幂,冯绍峰,杨幂冯绍峰只玩暧昧不谈感情,1
暧昧,林志玲,周杰伦,林志玲与周杰伦暧昧情越演越烈,1
暧昧,钟情,胡歌,钟情谢霆锋与胡歌暧昧不清/图,0
暧昧,李炜,江映蓉,李炜暧昧对唱江映蓉,1
暧昧,郭富城,王珞丹,王珞丹与李光洁领衔杨幂冯绍峰郭富城熊黛林玩暧昧,0
暧昧,张歆艺,陈晓,张歆艺杨树鹏领证陈晓赵丽颖暧昧,0
暧昧,胡海泉,陈羽凡,胡海泉暧昧亲陈羽凡臀部,1
暧昧,李易峰,李沁,李易峰李沁打情骂俏显暧昧,1
暧昧,邱泽,陈乔恩,霍建华唐嫣暧昧陈乔恩邱泽传绯闻,0
暧昧,萧蔷,齐秦,齐秦萧蔷倚沙发态度暧昧,1
暧昧,吴奇隆,霍建华,霍建华唐嫣暧昧吴奇隆恋80后刘诗诗,0
暧昧,明星,郑爽,谢霆锋周迅恋爱张翰郑爽暧昧盘点不靠谱的明星恋情,0
暧昧,何超莲,吴克群,曝何超莲爆粗自拍因吃醋吴克群徐若瑄暧昧,0
暧昧,王励勤,福原爱,福原爱王励勤玩暧昧,1
暧昧,巩俐,张震,巩俐张震演绎暧昧情事,1
暧昧,乔任梁,陈晓,陈晓赵丽颖暧昧乔任梁耍宝（10）,0
暧昧,刘在石,尹恩惠,刘在石娇妻美艳金钟国尹恩惠暧昧,0
暧昧,潘粤明,董洁,郑爽张翰暧昧董洁潘粤明翻脸,0
暧昧,范冰冰,赵薇,与范冰冰无暧昧赵薇是亲人,0
暧昧,华晨宇,霍建华,胡歌“表白”霍建华叶璇横刀夺爱华晨宇许晴旅行暧昧,0
暧昧,孙坚,毛晓彤,孙坚毛晓彤暧昧升级(图),1
暧昧,萧红,汤唯,挤进汤唯冯绍峰玩暧昧萧红萧军关系遭她破坏了,0
暧昧,唐艺昕,赵丽颖,陈晓赵丽颖暧昧唐艺昕卖萌,0
暧昧,陈蓉,朱桢,陈蓉曝朱桢与现任女友暧昧瞬间,0
暧昧,谢霆锋,钟情,钟情谢霆锋与胡歌暧昧不清/图,0
暧昧,黄立行,徐静蕾,徐静蕾黄立行红毯暧昧互捧,1
暧昧,黄晓明,李光洁,王珞丹与黄晓明李光洁等玩暧昧,0
暧昧,朴信惠,朴敏英,曾恋朴敏英与朴信惠暧昧,0
暧昧,甄子丹,金城武,甄子丹金城武被指暧昧,1
暧昧,中国,赵丽颖,《陆贞》陈晓赵丽颖暧昧互动称被动夫妇变中国版《我们结婚了》（9）,0
暧昧,李云迪,田霏,王力宏闪婚与李云迪田霏暧昧照曝光,1
暧昧,叶璇,胡歌,胡歌“表白”霍建华叶璇横刀夺爱华晨宇许晴旅行暧昧,0
暧昧,赵丽颖,宋茜,宋茜主持《快乐大本营》陈晓赵丽颖甜蜜喂食暧昧不避嫌,0
暧昧,孙红雷,林志玲,孙红雷林志玲现场亲吻玩暧昧,1
暧昧,吴奇隆,唐嫣,吴奇隆刘诗诗张翰郑爽唐嫣邱泽玩暧昧,0
暧昧,令狐冲,东方不败,令狐冲东方不败“暧昧”很克制(图),1
暧昧,杨坤,丁丁,杨坤丁丁暧昧瞬间大盘点,1
暧昧,成龙,房祖名,与成龙房祖名父子同暧昧令人咋舌,0
暧昧,刘诗诗,郑爽,吴奇隆刘诗诗张翰郑爽唐嫣邱泽玩暧昧,0
暧昧,董洁,郑爽,郑爽张翰暧昧董洁潘粤明翻脸,0
暧昧,李艳,王琳,李艳王琳微博“玩暧昧”,1
暧昧,姜文,舒淇,舒淇刘伟强暧昧姜文周韵结婚,0
暧昧,赵丽颖,唐嫣,陈晓赵丽颖唐嫣霍建华暧昧,0
暧昧,吴奇隆,刘诗诗,曝吴奇隆刘诗诗暧昧花絮,1
暧昧,彭于晏,柯震东,柯震东热吻彭于晏玩暧昧,1
暧昧,路德,保罗,安妮斯顿与保罗路德暧昧《GQ》大片,0
暧昧,姜文,刘伟强,舒淇刘伟强暧昧姜文周韵结婚,0
暧昧,雷佳音,陈思成,雷佳音佟丽娅暧昧陈思成吃醋,0
暧昧,范冰冰,田亮,范冰冰田亮暧昧深情对望,1
暧昧,窦骁,董洁,秋之白华曝光董洁窦骁暧昧剧照,1
暧昧,陈坤,周迅,周迅欲拒还迎陈坤暧昧亲热,1
暧昧,吴奇隆,郑爽,吴奇隆刘诗诗张翰郑爽唐嫣邱泽玩暧昧,0
暧昧,谢霆锋,容祖儿,谢霆锋容祖儿露宿街头暧昧互动,1
暧昧,古天乐,李泽楷,古天乐否认与李泽楷暧昧,1
暧昧,叶熙祺,郭富城,郭富城女友叶熙祺暧昧录音情挑王力宏,0
暧昧,钟情,林心如,曾钟情陈乔恩与林心如刘诗诗暧昧,0
暧昧,唐一菲,凌潇肃,唐一菲博客自曝和凌潇肃暧昧合照,1
暧昧,李冰冰,范冰冰,与范冰冰暧昧吻李冰冰章子怡（全文）,0
暧昧,印小天,曾一,印小天边潇潇矛盾化解曾一度暧昧,0
暧昧,时间,冷静,孔令辉暧昧回应盼大众给时间冷静,0
暧昧,杨恭如,严宽,严宽杨恭如戏中眼神暧昧,1
暧昧,刘恺威,赵丽颖,刘恺威晒与赵丽颖暧昧合影,1
暧昧,谢霆锋,陈冠希,揭谢霆锋无视张柏芝陈冠希再玩暧昧的幕后真相,0
暧昧,宋茜,赵宝儿,宋再临宋茜玩暧昧与赵宝儿湿吻,0
暧昧,萧敬腾,明星,萧敬腾陈慧珊等十大明星与经纪人的暧昧故事,0
暧昧,中田英寿,刘嘉玲,中田英寿酒吧内与刘嘉玲神情暧昧狂欢到凌晨,1
暧昧,余文乐,杨幂,余文乐杨千嬅杨幂玩暧昧,1
暧昧,刘恺威,白冰,刘恺威《画皮2》白冰颖儿玩暧昧,1
暧昧,东方不败,令狐冲,笑傲江湖霍建华版24集东方不败令狐冲暧昧,0
暧昧,陈坤,李连杰,李连杰周迅暧昧陈坤大反派,0
暧昧,陈坤,张馨予,张馨予陈坤床榻暧昧(图),1
暧昧,谢霆锋,张柏芝,谢霆锋无视张柏芝陈冠希"暧昧"的幕后真相,0
暧昧,佟大为,甘薇,《十二星座》佟大为甘薇上演童年暧昧,1
暧昧,杨幂,俞灏明,杨幂俞灏明曾相恋赵丽颖陈晓暧昧不清,0
暧昧,王中磊,周迅,周迅和王中磊搂抱当众暧昧,1
暧昧,刘诗诗,张翰,吴奇隆刘诗诗张翰郑爽唐嫣邱泽玩暧昧,0
暧昧,姜文,刘嘉玲,刘嘉玲与姜文卧室上演暧昧戏,0
暧昧,李泰兰,郑秀晶,朴海镇李泰兰结婚李东旭女友朴恩惠李钟硕郑秀晶暧昧,0
暧昧,何润东,张馨予,何润东张钧甯暧昧李晨示爱张馨予,0
暧昧,权相宇,苏醒,与权相宇苏醒暧昧不清,0
暧昧,冯绍峰,李光洁,王珞丹与李光洁领衔杨幂冯绍峰郭富城熊黛林玩暧昧,0
暧昧,何润东,张钧甯,何润东张钧甯假戏真做玩暧昧,1
暧昧,霍思燕,范冰冰,《二次爆光》范冰冰霍思燕暧昧,1
暧昧,刘亦菲,邓建国,邓建国娶干女儿范冰冰与干爹暧昧刘亦菲干爹陈金飞,0
暧昧,余文乐,赵薇,赵薇周迅搞暧昧余文乐女装反串,0
暧昧,容祖儿,胡歌,容祖儿与胡歌贴身暧昧,1
暧昧,陈红,梅兰芳,《梅兰芳》孙红雷陈红对手戏好暧昧,0
暧昧,韩庚,谢娜,杨幂冯绍峰谢娜黄晓明韩庚暧昧情史盘点,0
暧昧,苏醒,黄晓明,遭黄晓明劈腿与苏醒暧昧/图,0
暧昧,郭富城,冯绍峰,王珞丹与李光洁领衔杨幂冯绍峰郭富城熊黛林玩暧昧,0
暧昧,熊黛林,李光洁,王珞丹与李光洁领衔杨幂冯绍峰郭富城熊黛林玩暧昧,0
暧昧,熊黛林,王珞丹,王珞丹与李光洁领衔杨幂冯绍峰郭富城熊黛林玩暧昧,0
暧昧,王珞丹,陈红,王珞丹送匿名暧昧礼物吓坏陈红,0
暧昧,苏有朋,林志颖,林志颖怀疑林心如和苏有朋暧昧,0
暧昧,郑嘉颖,颖儿,郑嘉颖颖儿暧昧交往传绯闻,1
暧昧,唐嫣,霍建华,揭唐嫣霍建华暧昧细节,1
暧昧,张歆艺,杨树鹏,张歆艺杨树鹏领证陈晓赵丽颖暧昧,0
暧昧,李云迪,王力宏,王力宏否认与李云迪暧昧,0
暧昧,张昊,李晟,张昊李晟戏里戏外暧昧,1
暧昧,王道,东方神起,东方神起暧昧王道瞬间,0
暧昧,金基范,朴艺珍,朴艺珍金基范情侣写真拍暧昧床照,1
暧昧,窦骁,白华,秋之白华曝光董洁窦骁暧昧剧照,0
暧昧,李冰冰,全智贤,李冰冰全智贤暧昧热舞,1
暧昧,景百孚,刘嘉玲,网友目击刘嘉玲再暧昧伴游富豪景百孚,1
暧昧,赵丽颖,霍建华,陈晓赵丽颖唐嫣霍建华暧昧,0
暧昧,胡歌,霍建华,唐嫣与霍建华胡歌暧昧不清,0
暧昧,赵薇,明星,盘点刘亦菲赵薇等10大明星校花的暧昧史（9）,0
暧昧,梁朝伟,金城武,梁朝伟的鞋和金城武的脚很暧昧,0
暧昧,潘粤明,张翰,郑爽张翰暧昧董洁潘粤明翻脸,0
暧昧,莫小棋,张翰,莫小棋张翰相依暧昧耳语,1
暧昧,邓超,吴秀波,邓超刘亦菲暧昧吴秀波使坏,0
暧昧,陈晓,陈晓周,宫锁沉香陈晓周冬雨唯美吻戏陈晓赵丽颖暧昧合影流出,0
暧昧,刘伟强,舒淇,舒淇刘伟强暧昧姜文周韵结婚,1
暧昧,谢娜,何炅,张杰看何炅与谢娜暧昧照吃醋,1
暧昧,阿弗莱克,剧中,阿弗莱克与剧中小三暧昧,0
暧昧,林志玲,廖凡,林志玲廖凡宣传新片玩暧昧,1
暧昧,徐晨,马晋,徐晨看马晋眼神暧昧,1
暧昧,陆贞,杨蓉,《陆贞》赵丽颖杨蓉幕后暧昧,0
暧昧,张叔平,刘嘉玲,刘嘉玲张叔平举止暧昧,1
暧昧,明星,周迅,谢霆锋周迅恋爱张翰郑爽暧昧盘点不靠谱的明星恋情,0
暧昧,赵丽颖,李彦希,李彦希与赵丽颖暧昧恋人未满,1
暧昧,李白,王力宏,与王力宏版李白有暧昧,0
暧昧,朱丹,欧弟,欧弟节目现场跪地向朱丹暧昧表白,1
暧昧,姚晨,刘烨,《爱出色》姚晨刘烨拍暧昧写真,1
暧昧,周迅,赵薇,《画皮Ⅱ》周迅古典华服与赵薇暧昧相拥,0
暧昧,张韶涵,林心如,与陈乔恩买内裤表白张韶涵与林心如暧昧,0
暧昧,赵丽颖,陈晓周,宫锁沉香陈晓周冬雨唯美吻戏陈晓赵丽颖暧昧合影流出,0
暧昧,孙耀威,酒井法子,孙耀威曝与酒井法子暧昧经历,1
暧昧,潘粤明,郑爽,郑爽张翰暧昧董洁潘粤明翻脸,0
暧昧,权志龙,崔雪莉,bigbang权志龙自曝暗恋崔雪莉二人贴身热舞暧昧升级,1
暧昧,陈晓,可爱,唐艺昕可爱陈晓赵丽颖暧昧（4）,0
暧昧,孙红雷,桂纶镁,孙红雷桂纶镁《触不可及》舞动暧昧探戈,0
暧昧,孙俪,甄嬛,刘亦菲邓超《四大名捕》暧昧“甄嬛”孙俪醋意大发,0
暧昧,刘诗诗,林心如,曾钟情陈乔恩与林心如刘诗诗暧昧,0
暧昧,刘在石,金钟国,刘在石娇妻美艳金钟国尹恩惠暧昧,0
暧昧,谢霆锋,明星,谢霆锋周迅恋爱张翰郑爽暧昧盘点不靠谱的明星恋情,0
暧昧,可爱,赵丽颖,唐艺昕可爱陈晓赵丽颖暧昧,0
暧昧,韩庚,吴尊,吴尊韩庚兄弟情“暧昧”,1
暧昧,刘诗诗,唐嫣,跟唐嫣刘诗诗陈乔恩暧昧,0
暧昧,李晨,马天宇,马天宇吴克群李晨暧昧故事,0
暧昧,邓超,甄嬛,刘亦菲邓超《四大名捕》暧昧“甄嬛”孙俪醋意大发,0
暧昧,狄仁杰,武则天,教授称武则天狄仁杰并无暧昧,0
暧昧,张纪中,张艺谋,女明星与男导演张艺谋张国立张纪中暧昧瞬间,0
暧昧,王耀庆,万茜,王耀庆万茜暧昧引期待,1
暧昧,高昊,郑嘉颖,曝郑嘉颖高昊暧昧自拍照5055727,1
暧昧,容祖儿,舒淇,何韵诗舒淇容祖儿"她她"女星温软暧昧照大起底,0
暧昧,李鹤,乐嘉,李鹤超级演说家恋乐嘉多场合暧昧,1
暧昧,段奕宏,吴京,吴京段奕宏玩“暧昧”,1
暧昧,赵丽颖,俞灏明,杨幂俞灏明曾相恋赵丽颖陈晓暧昧不清,0
暧昧,谢霆锋,胡歌,钟情谢霆锋与胡歌暧昧不清/图,0
暧昧,陈晓,俞灏明,杨幂俞灏明曾相恋赵丽颖陈晓暧昧不清,0
暧昧,马向阳,吴秀波,《马向阳》王雅捷与吴秀波暧昧升级|王雅捷|吴秀波|马向阳,0
暧昧,范逸臣,周秀娜,周秀娜范逸臣浴缸暧昧,1
暧昧,李冰冰,任泉,任泉暧昧唤李冰冰小甜甜,1
暧昧,万思维,黄秋生,贾乃亮万思维吴镇宇黄秋生娱乐圈暧昧好基友,0
暧昧,张俪,王阳明,《如果爱》王阳明张俪暧昧生情,1
暧昧,戚薇,黄宗泽,林峰吴千语热恋黄宗泽戚薇玩暧昧,1
暧昧,潘迎紫,前夫,林青霞与潘迎紫前夫暧昧,0
暧昧,袁莉,张国立,袁莉与张国立暧昧遭邓婕扇耳光,1
暧昧,何炅,海涛,何炅谢娜恩爱吴昕海涛暧昧,0
暧昧,许晴,霍建华,胡歌“表白”霍建华叶璇横刀夺爱华晨宇许晴旅行暧昧,0
暧昧,苏有朋,林依晨,苏有朋林依晨暧昧情|苏有朋|林依晨|《甜蜜杀机》,1
暧昧,朴恩惠,李东旭,朴海镇李泰兰结婚李东旭女友朴恩惠李钟硕郑秀晶暧昧,0
暧昧,张艺谋,孙周,与张艺谋孙红雷孙周暧昧,0
暧昧,李易峰,陈伟霆,我们都爱笑李易峰陈伟霆暧昧相拥,1
暧昧,陈晓,唐艺昕,唐艺昕可爱陈晓赵丽颖暧昧,0
暧昧,林志玲,佟大为,佟大为林志玲缠绵暧昧,1
暧昧,刘亦菲,柳岩,柳岩与刘亦菲暧昧调戏男主持,0
暧昧,马苏,吴奇隆,马苏吴奇隆台北宣传《新白发》玩暧昧,1
暧昧,张歆艺,赵丽颖,张歆艺杨树鹏领证陈晓赵丽颖暧昧,0
暧昧,王显,徐若瑄,黄晓明徐若瑄变孩子王显暧昧,0
暧昧,陆贞,赵丽颖,陈晓赵丽颖陆贞传奇片场暧昧,0
暧昧,林志玲,陆明君,林志玲+陆明君+郑元畅《男人装》暧昧故事,0
暧昧,孙悦,程度,暧昧程度堪比孙悦车震,0
暧昧,孙杨,叶诗文,暧昧堪比孙杨叶诗文,1
暧昧,王力宏,张惠妹,汪峰未婚生女张惠妹王力宏暧昧不清,1
暧昧,宋慧乔,河智苑,玄彬宋慧乔河智苑暧昧家居照,1
暧昧,张杰,何炅,张杰看何炅与谢娜暧昧照吃醋,0
暧昧,大鹏,柳岩,柳岩与大鹏暧昧互动,1
暧昧,郑爽,张翰,谢霆锋周迅张翰郑爽暧昧,1
暧昧,池间晶子,言承旭,日瑞混血嫩模池间晶子自揭与言承旭暧昧,1
暧昧,刘恩佑,叶璇,叶璇与刘恩佑巫迪文暧昧跳舞,1
暧昧,杨千嬅,杨幂,余文乐杨千嬅杨幂玩暧昧,1
暧昧,吴昕,海涛,海涛吴昕暧昧情调侃,1
暧昧,张馨予,吴镇宇,张馨予学潘霜霜姚笛吴镇宇暧昧,0
