朋友,金民俊,玄彬,《朋友》玄彬金民俊王智慧三角恋初现端倪,0
朋友,中国,国家,中东国家都是中国朋友,0
朋友,严正,邹良东,浩友网络严正要求搜狐焦点总编邹良东公开致歉,0
朋友,贝卢斯科尼,罗马,贝卢斯科尼称罗马是朋友,0
朋友,孙燕姿,明星,孙燕姿和明星朋友私密合照,0
朋友,杨幂,马苏,杨幂谢娜阿sa马苏盘点常替朋友出头的女汉子,0
朋友,大使,任小萍,任小萍大使为纳米比亚军方朋友举行招待会,0
朋友,马季,冯巩,姜昆冯巩等代表家人接待前来送别马季的朋友,0
朋友,李逵,李鬼,“李逵”怎么跟“李鬼”成朋友,0
朋友,谢霆锋,年轻人,谢霆锋请年轻人看完《十二道锋味》后能多陪陪朋友家人,0
朋友,黄家强,黄家驹,黄家强号召众友悼黄家驹,0
朋友,熊大,光头强,熊大熊二都是光头强的好基友,1
朋友,李易峰,陈冰,好声音陈冰身家30亿夏恒华晨宇好基友李易峰于湉都是富二代,0
朋友,张震岳,李宗盛,山寨罗大佑张震岳周华健李宗盛演唱《自由》《朋友》,0
朋友,贺新春,姚明恭,火箭队友向姚明恭贺新春,0
朋友,陆建,阿列,记罗平县罗雄镇小下阿列村村民小组长陆建友,0
朋友,炎亚纶,飞轮海,炎亚纶称和飞轮海成员不是朋友,0
朋友,上海,海宁,上海球友会海宁尖山月例赛落幕,0
朋友,大吉,杨翔,杨翔豆皮涮牛肚有限公司恭祝社会各界朋友马年大吉,0
朋友,杨幂,刘恺威,杨幂自曝和刘恺威是酒友牌友,1
朋友,宋承宪,苏志燮,“好基友”苏志燮和宋承宪,1
朋友,白恩培,秦光荣,受白恩培秦光荣委托李江仇和慰问农民工祝愿农民工朋友节日快乐样样好,0
朋友,张萌,涂凌,涂凌与张萌“亦师亦友”,1
朋友,杨幂,谢娜,杨幂谢娜阿sa马苏盘点常替朋友出头的女汉子,0
朋友,张智霖,吴镇宇,吴镇宇张智霖古天乐“帅到没朋友”,0
朋友,龙凤呈祥,王志东,吾友王志东和他龙凤呈祥的一家人,0
朋友,杜琪峰,周星驰,杜琪峰直言与周星驰不是朋友,0
朋友,成立,饶宗颐,饶宗颐学术馆之友在港成立,0
朋友,郑俊,周华健,郑俊树模仿周华健唱《朋友》,0
朋友,成立,沙龙,中国香道协会上海分会香友俱乐部成立仪式暨香友俱乐部首次沙龙活动启事,0
朋友,安蕾尔,童渊,英雄联盟童渊&安蕾尔水友赛直播预告,0
朋友,李云峰,徐若瑄,吴宗宪曝徐若瑄男友友李云峰曾离婚,0
朋友,刘畅,张亮,张亮好基友刘畅上《爸爸2》呼声高,1
朋友,王菲,谢众,王菲庆生谢众朋友,0
朋友,中国,白云,汇五洲朋友展白云新姿－－白云第九届中国国际风筝会走笔,0
朋友,王宝强,徐峥,调侃徐峥王宝强是"好基友",1
朋友,梁川,胡安娜,李杨/胡安娜战胜和子菅原/友纪梁川,0
朋友,龙一仪,王丽坤,龙一仪王丽坤亦敌亦友6898920,1
朋友,陈冠希,阿娇,阿娇认陈冠希仍是朋友,1
朋友,谢曲,周微,感谢曲周微友们的厚爱,0
朋友,家人,方亚儿,鄞州“最美女儿”方亚儿照顾亡友家人二十载,0
朋友,郑国霖,胡军,郑国霖胡军亦敌亦友,1
朋友,中国,周总理,松崎君代与中国朋友缅怀周总理座谈会举行,0
朋友,崔真实,朴有天,崔真实朴有天前经纪人疑自杀朋友不解,0
朋友,施华,家人,浠水施华珞摄影广场全体家人祝广大朋友年三十团团圆圆,0
朋友,郑嘉颖,杨烁,郑嘉颖杨烁关系微妙亦敌亦友,1
朋友,郭晶晶,田亮,第五个节目李婷孙甜甜田亮郭晶晶等人合唱《朋友》,0
朋友,杨梅,苏格,“苏格先生”邀请20位“余姚理财汇”微友免费试吃杨梅甜品,0
朋友,中国,爱尔兰,“爱尔兰是中国的朋友”,0
朋友,李易峰,胡歌,胡歌陈伟霆李易峰各种持剑姿势帅到没朋友,0
朋友,刀郎,张二,刀郎托5位朋友探病“张二火”,0
朋友,可乐,宁夏,宁夏经济广播大洋的脱口秀《可乐八宝茶》今日茶友神回复（点击查看）,0
朋友,孙悦,程度,与孙悦没有达到男女朋友的程度,0
朋友,家人,滑雪,带上家人朋友一起滑雪吧,0
朋友,黄俊英,杨秋兴,黄俊英之友会力挺杨秋兴,0
朋友,杨幂,范冰冰,范冰冰杨幂美到没有朋友,0
朋友,张智霖,古天乐,吴镇宇张智霖古天乐“帅到没朋友”,0
朋友,何政军,羿坤,何政军羿坤亦敌亦友,1
朋友,安雯,苏越,音乐人苏越诈骗改判15年前妻安雯发微博感谢朋友,0
朋友,谢霆锋,文章,文章谢霆锋成好基友,1
朋友,中国,夏恒,《中国好声音3》呆萌学长夏恒竟是华晨宇好基友,0
朋友,中国,苏丹,称中国是苏丹人民的朋友,0
朋友,吉林,周年,吉林经济广播20周年台庆暨听友见面会,0
朋友,潘石屹,张欣,任志强潘石屹“好基友”张欣是潘石屹的第三任妻子,0
朋友,李易峰,夏恒,好声音陈冰身家30亿夏恒华晨宇好基友李易峰于湉都是富二代,0
朋友,陈年,雷军,好基友雷军传给陈年的十条经验,1
朋友,巴基,张亮,张亮为长腿欧巴基友朴海镇备秘制烤鸭,0
朋友,郑开,黎明,500多名焦作黎明脚步跑友周日将参加郑开马拉松赛,0
朋友,张元方,宁财神,导演张元方否认与宁财神是毒友,0
朋友,温暖,大使,“温暖大使”高敏拥抱癌友,0
朋友,时间,明天,明天有时间的朋友可以来北三环蓝景丽家明光店11,0
朋友,郑爽,马天宇,再报猛料马天宇称与郑爽关系超越朋友,1
朋友,周年,苗圩,苗圩五四寄语青年朋友纪念共青团成立90周年,0
朋友,索朗扎西,明星,中国明星秀<索朗扎西>歌友见面会,0
朋友,米拉,劳伦斯,劳伦斯伴友米拉伊娃风情可儿抱狗,0
朋友,中国,伊扬,伊扬文化传播与中国狮子联会哈尔滨狮友们一起感恩,0
朋友,张艺兴,黄子韬,黄子韬张艺兴搂腰好基友,1
朋友,胡风,张广天,胡风牢友张广天访谈录,1
朋友,陈宝国,赵君,陈宝国赵君成“好基友”,1
朋友,金俊,孔侑,孔侑为新片《寻找金俊友》牵手拍海报,0
朋友,汪东城,炎亚纶,炎亚纶称汪东城不是朋友,0
朋友,孟广美,赵薇,与孟广美是朋友谈赵薇很受伤,0
朋友,时间,景丽,明天有时间的朋友可以来北三环蓝景丽家明光店11,0
朋友,乔振宇,马天宇,乔振宇马天宇好基友一辈子,1
朋友,吴亚洲,沙龙,乐视网副总裁吴亚洲做客新华都商学院创友会沙龙,0
朋友,穆熙妍,明星,明星蜜友穆熙妍,0
朋友,孙红雷,古天乐,孙红雷古天乐亦敌亦友新闻频道,1
朋友,周年,郑东,庆祝新区建设十周年400“骑友”骑行郑东,0
朋友,伊能静,潘粤明,伊能静潘粤明邻居变蜜友,1
朋友,中国,穆塔,马拉维总统穆塔里卡盛赞中国是“伟大的朋友”,0
朋友,中国,山水,“江汉八友”《江山如画》中国山水画展开幕,0
朋友,刘松仁,尹志强,亦师亦友刘松仁亲密爱人尹志强,0
朋友,刀锋战士,曾开,曝刀锋战士曾开枪伤友找人顶罪,0
朋友,开心,杨云,杨云开心欢迎朋友来闹洞房,0
朋友,王志文,曾志伟,高尔夫球友曾志伟王志文来助阵,1
朋友,胡杏儿,黄宗泽,胡杏儿弃黄宗泽深夜携友吃饭,0
朋友,刘结一,大使,常驻联合国代表刘结一大使出席“北京+20”之友小组首次会议,0
朋友,沙龙,吉杰,吉杰现身蜜友沙龙,0
朋友,陈思诚,杨幂,陈思诚出轨门女主系杨幂舍友,0
朋友,大使,王雁,驻巴林大使夫人王雁芬向巴妇女界朋友和外国驻巴使节夫人介绍中国饮食文化,0
朋友,刘青云,张家辉,刘青云张家辉跟周星驰做不成朋友,0
朋友,张霄,大使,驻乌兹别克斯坦大使张霄会见乌对外友协和乌中友协主席,0
朋友,俞正声,贾庆林,上海政协之友社座谈庆祝成立25周年贾庆林俞正声致贺信,0
朋友,中国,安娜,美国著名作家中国人民的朋友安娜,0
朋友,房祖名,柯震东,柯震东房祖名“好基友“,1
朋友,华晨宇,魏然,魏然罗景文俊朗呆萌学长夏恒是华晨宇好基友,0
朋友,余文乐,黄晓明,黄晓明初吻献基友余文乐,1
朋友,吴镇宇,贾乃亮,贾乃亮万思维吴镇宇黄秋生娱乐圈暧昧好基友,0
朋友,沃特森,艾玛,艾玛沃特森与朋友街头闲逛露美腿,0
朋友,章子怡,汤唯,与章子怡汤唯当“城友”,0
朋友,吴亚馨,李宗,李宗瑞被曝与吴亚馨谈朋友期间,0
朋友,沈凌,周笔畅,孙坚守护周笔畅情比金坚张杰沈凌好基友,0
朋友,孙红雷,杨雪,孙红雷杨雪变球友《人间正道》卫视接棒热播,1
朋友,姚笛,杜淳,杜淳关心朋友姚笛,1
朋友,时间,许嵩,许嵩歌友演唱会最后半天的时间了,0
朋友,成就,上海,唐代篆书最高成就的李阳冰铁线篆《千字文》（来自上海微友@有空）,0
朋友,中国,陈钢,#发起人动态#中国微友会发起人陈钢参加纪念邓小平同志诞辰110周年活动启动仪式暨年度感恩慈善会#中国微友会#,0
朋友,史俊棠,刘培金,史俊棠刘培金与壶友交流经验,1
朋友,海蓝,华远,最近听身边的朋友都在说华远海蓝城,0
朋友,马季,家人,姜昆冯巩等代表家人接待前来送别马季的朋友,0
朋友,梁朝伟,郭台铭,郭台铭是朋友梁朝伟像家人,0
朋友,伦永亮,杜德伟,“基友”杜德伟伦永亮助阵吕方,1
朋友,苏醒,家人,家人朋友频繁呼唤助苏醒,0
朋友,龙王,狄仁杰,《狄仁杰之神都龙王》台北首映林更新赵又廷基友重聚,0
朋友,尹辉,国家,院友尹辉明荣获美国国家科学基金会杰出青年教授奖,0
朋友,彭于晏,蒋劲夫,白百何笑言彭于晏蒋劲夫好基友,1
朋友,朴海镇,张亮,张亮为长腿欧巴基友朴海镇备秘制烤鸭,1
朋友,宋慧乔,上海,宋慧乔与友同游上海,0
朋友,汤唯,田雨,田雨称和汤唯分手也是朋友,1
朋友,苏普,大使,驻巴西大使李金章接受巴西利亚苏普伦电视台“朋友聊世界”栏目专访,0
朋友,张明信,温暖,选一张明信片温暖远方的朋友吧,0
朋友,米兰德比,扬威,长友扬威米兰德比,0
朋友,吉林,原一男,吉林松原一男子邀朋友扮演“副厂长”诈骗60万,0
朋友,陈道明,张曼玉,陈道明张曼玉章子怡是牌友,1
朋友,成功,北京大学,北京大学地球与空间科学学院院友会成立大会成功召开,0
朋友,孙茜,大学生,《我的青春蜜友》汤晶媚饰大学生与孙茜"反目",0
朋友,聂远,焦恩俊,聂远焦恩俊齐聚《啊朋友还钱》,0
朋友,卫星,孙泽洲,嫦娥卫星系统副总师孙泽洲答人民网友问,0
朋友,齐秦,张惠妹,联手王力宏张惠妹齐秦将为亡友义演,0
朋友,大爷,路遇,路遇“儿子的朋友”大爷的戒指没了,0
朋友,白举纲,明星,白举纲何炅基友明星齐祝福快男女友首揭秘,0
朋友,穆帅,高兴,笑言高兴与穆帅为友,0
朋友,钟汉良,贾乃亮,钟汉良贾乃亮亦敌亦友,1
朋友,龚元兴,高等,驻塞内加尔大使龚元兴出席达喀尔高等工商管理学院“中国之友俱乐部”成立仪式,0
朋友,刘一,明星,刘一锅携手明星家电为各位微友送优惠啦,0
朋友,李易峰,马天宇,马天宇李易峰好基友,1
朋友,张靓颖,杨坤,杨坤张靓颖春晚新歌《一辈子朋友》曝光,0
朋友,汪东城,辰亦儒,炎亚纶自曝与汪东城辰亦儒不是朋友,0
朋友,刘若英,汪小菲,刘若英搭上汪小菲朋友,0
朋友,小沈阳,赵本山,情人节赵本山问小沈阳,0
朋友,许嵩,戚薇,戚薇包场请牌友许嵩看电影,1
朋友,高原,和美,通过“和美西藏”结交来自高原的朋友,0
朋友,何炅,李晟,李晟何炅亦师亦友,1
朋友,伊沙,张楚,张楚和昔日朋友伊沙和好,1
朋友,中国,周丹,热烈祝贺深圳市汇鑫科技有限公司副总裁周丹小姐成为中国微友会联合创会发起人之一,0
朋友,李克勤,陈奕迅,李克勤与陈奕迅亦敌亦友争“宝座”,1
朋友,古剑,郑爽,《古剑》郑爽舍身救友,0
朋友,李若斯,吕良伟,李若斯吕良伟亦师亦友,1
朋友,中国,李亚鹏,李亚鹏骑车出镜（中国好机友,0
朋友,成立,章程,俄称成立“叙利亚之友”小组有违联合国章程,0
朋友,成立,马萧,马萧之友总会成立,0
朋友,高兴,林书豪,为朋友林书豪高兴,0
朋友,章子怡,范冰冰,章子怡和范冰冰原来是最要好的朋友,1
朋友,郑开,大河,大河跑友团助阵郑开马拉松,0
朋友,姚明,詹姆斯,姚明詹姆斯亦敌亦友,1
朋友,盛中国,大使,东方盛中国名茶大使首站走进济南广友茶城巡演,0
朋友,周围,山东,去年帮周围朋友去山东东营拉过一次“黄河口”大闸蟹,0
朋友,王学兵,王菲,李亚鹏难忘王菲范冰冰王学兵成朋友,0
朋友,郝蕾,文章,文章获明星朋友安慰郝蕾转发微博为其加油,1
朋友,海强,文章,海强（朋友的一片小文章,0
朋友,平衡,薄瓜瓜,薄瓜瓜将电动平衡车借给朋友周杰,0
朋友,中国,相声,以曲艺会天下朋友访中国相声表演艺术家姜昆,0
朋友,大兴,李磊,北京大兴灭门案嫌犯李磊被判归还朋友欠款56万,0
朋友,谢霆锋,房祖名,谢霆锋张家辉房祖名诠释好基友一辈子,1
朋友,常昊,李昌镐,常昊与李昌镐亦敌亦友,1
朋友,谢霆锋,家人,谢霆锋请年轻人看完《十二道锋味》后能多陪陪朋友家人,0
朋友,韩美,北辰,朋友推荐了北辰对面的燕韩美场,0
朋友,阿里,高德,阿里联合高德友盟等推移动开发联盟平台聚无线,0
朋友,朱茵,崔永元,崔永元张越朱茵联手呼吁“不要把朋友送上餐桌”,0
朋友,玲花,曾毅,曾毅和玲花介于友情与爱情之间,1
朋友,谢裕,毛峰,谢裕大茶友会之毛峰寻踪黄山游记,0
朋友,东方,大使,东方盛中国名茶大使首站走进济南广友茶城巡演,0
朋友,萧蔷,齐秦,萧蔷称与齐秦朋友关系不变,1
朋友,李国庆,于刚,李国庆你和于刚是好基友这事儿俞渝知道吗,1
朋友,左立,白举纲,左立白举纲众好基友齐祝福,0
朋友,中国,汗血宝马,汗血宝马再赠中国,0
朋友,杜鹃,黄山,长三角摄友聚焦黄山拍杜鹃,0
朋友,多余,武昌,朋友多余4号北京到武昌Z3上中铺硬卧两张,0
朋友,许晴,刘威,许晴刘威黑衣祭友,0
朋友,胡安娜,李杨,李杨/胡安娜战胜和子菅原/友纪梁川,0
朋友,吕方,郑裕玲,郑裕玲吕方16年情断强调和平分手但仍是朋友(图),1
朋友,周成海,白静,乔宇坚持否认诈骗称与白静是朋友未拿过周成海财物,0
朋友,中国,杨万明,驻智利大使杨万明出席智利“中国文化之友”协会成立仪式,0
朋友,家人,不二,麟泰虹鳟鱼庄是您家人朋友聚餐的不二选择,0
朋友,张震岳,周华健,山寨罗大佑张震岳周华健李宗盛演唱《自由》《朋友》,0
朋友,何赛飞,唐嫣,被何赛飞骂过大学舍友唐嫣从不理,0
朋友,阿伦,詹姆斯,击败两队友阿伦詹姆斯,0
朋友,文强,谢才萍,赵利明否认与文强弟媳谢才萍是朋友关系,0
朋友,余工,成功,带领40余工友成功自救,0
朋友,刘德华,邓超,刘德华邓超亦敌亦友,1
朋友,文青,李威,李威影响朋友变文青,0
朋友,云飞,关怀,河南云飞科技给农民朋友无微不至的关怀,0
朋友,郑则仕,肥猫,“肥猫”郑则仕61岁孤独无友,0
朋友,九月,江畅,新浪球友九月香江畅打,0
朋友,林志颖,林心如,林心如林志颖恋人再见是朋友,1
朋友,黄松,强卫,黄松友强卫出席,0
朋友,五月天,归来,《畅游五月天》宠友活动归来美图,0
朋友,道尔,柯南,柯南道尔是毒死朋友的凶手,0
朋友,苏普,李金章,驻巴西大使李金章接受巴西利亚苏普伦电视台“朋友聊世界”栏目专访,0
朋友,寒风,沙龙,星期六冒着刺骨的寒风带着几个朋友去沙龙看,0
朋友,沈建宏,刘忻,付辛博刘忻沈建宏参演《七个朋友》,0
朋友,梅婷,申思,申思梅婷从绯闻主角到朋友,1
朋友,归来,但丁,但丁基友维吉尔整容归来,0
朋友,张杰,孙坚,孙坚守护周笔畅情比金坚张杰沈凌好基友（12）,0
朋友,巴菲特,李晓霞,巴菲特球友将对阵李晓霞,0
朋友,刘邦,项羽,刘邦项羽好基友,1
朋友,红火,星期五,交行卡友的节日依然红火“最红星期五”明天继续上演,0
朋友,张洪睿,巍子,张洪睿称与巍子亦师亦友,1
朋友,吕布,刘邦,吕布与刘邦的友与敌,0
朋友,中国,张鑫森,张鑫森大使会见爱尔兰中国文化学校校长等朋友,0
朋友,华晨宇,罗景文,魏然罗景文俊朗呆萌学长夏恒是华晨宇好基友,0
朋友,杨臣刚,杨丽娟,杨臣刚资助杨丽娟激怒朋友,0
朋友,冯宇,赵平,北京空军总医院预约挂号冯天友赵平冯伟刘益善高越柳晓林冯宇,0
朋友,姚笛,文章,文章被曝最近拜托朋友关照姚笛,0
朋友,刘亦菲,邹兆龙,刘亦菲深圳宣传《四大名捕2》郑中基邹兆龙变“基友”,0
朋友,米兰达,可儿,米兰达可儿为友宣传不惜半裸,0
朋友,李小璐,贾乃亮,贾乃亮李小璐与朋友唱歌,0
朋友,荣耀,周年,全友家居韩城生活馆荣耀18周年,0
朋友,莫文蔚,冯德伦,莫文蔚自曝与冯德伦仍是朋友,1
朋友,俞正声,成立,政协之友社庆祝成立25周年贾庆林俞正声致贺信,0
朋友,国家,大使,驻也门大使常华出席也门外长科尔比召集的“也门之友小组”有关国家驻也使节会议,0
朋友,中国,张培合,独立文化学者张培合先生为中国文化交流幸运微友签名赠书,0
朋友,范冰冰,武则天,范冰冰武则天造型美的没朋友,0
朋友,公爵,高大上,宜兴日友天籁公爵高大上,0
朋友,张京川,杨春风,张京川痛惜山友杨春风,1
朋友,黄晓明,冯小刚,冯小刚徐帆黄晓明为友庆生,0
朋友,文章,明星,文章获明星朋友安慰,0
朋友,陈伟霆,阿娇,阿娇否认陈伟霆红了不认朋友,0
朋友,成功,陈安之,陈安之致所有想要更成功的朋友的一封信,0
朋友,大使,刘玉和,驻阿尔及利亚大使刘玉和出席中国国际广播电台听众之友见面会,0
朋友,成立,大学生,塞内加尔大学生成立中国之友俱乐部,0
朋友,熊先生,拜伦,木心的朋友李梦熊先生/一个是儒雅版的拜伦,0
朋友,喜悦,本田,东风本田刷新喜悦“友”礼相荐活动,0
朋友,时间,郑秀文,郑秀文靠朋友蔡依林靠时间,0
朋友,周年,梁建全,驻苏黎世总领事梁建全出席《昆明与苏黎世友城关系30周年》展览会开幕式,0
朋友,刘青云,周星驰,刘青云张家辉跟周星驰做不成朋友,0
朋友,郭富城,苟芸慧,郭富城遭朋友怂恿追苟芸慧,0
朋友,东方,成功,恭贺这两位朋友参与点赞活动并且成功获得东方紫紫酒一瓶,0
朋友,周华健,罗大佑,山寨罗大佑张震岳周华健李宗盛演唱《自由》《朋友》,0
朋友,乔丹,耿直,巴克利因为耿直与乔丹友尽,0
朋友,郭敬明,赵忠祥,周立波打破不和传闻与赵忠祥郭敬明亦师亦友,0
朋友,九孔,明天,有沭阳糗友明天相约一起九孔闸游泳的吗,0
朋友,邱泽,唐嫣,邱泽希望与唐嫣变回朋友,0
朋友,孙忠焕,王国平,强化新闻舆论推动杭州发展王国平孙忠焕虞荣仁叶明等与新闻界朋友迎春恳谈,0
朋友,刘洋,刘亦菲,刘洋《全城热恋》自称速滑队员曝被刘亦菲倒追刘烨是朋友,0
朋友,郑源,沈丹丹,郑源小师妹<沈丹丹>歌友见面会于明日10月26日来到临安,0
朋友,赵文卓,张丹露,赵文卓与妻子张丹露宴请朋友,0
朋友,武艺,沙龙,侠友书法与武艺沙龙回顾,0
朋友,谢娜,明星,百张谢娜私房照及其和明星朋友珍贵合影,0
朋友,徐敏,周磊,上周中奖微信号为"徐敏"“梁建飞”“小不点”"周磊"恭喜这四位格力朋友,0
朋友,张国柱,舒淇,张震爸爸张国柱揭儿子女友非舒淇,0
朋友,吕良伟,周海媚,吕良伟周海媚再见是朋友,1
朋友,可人,汤唯,汤唯前男友田雨一家与友聚会两岁女儿萌样可人,0
朋友,王祖贤,张敏,王祖贤容颜衰老惹差评张敏被友骗千万,0
朋友,陈致中,邱毅,台网友评邱毅PK陈致中,0
朋友,李小婉,林申,林申自曝与妈妈李小婉像朋友,1
朋友,黄飞鸿,井柏然,《黄飞鸿之英雄有梦》井柏然彭于晏朋友变情敌,0
朋友,阿穆隆,臧天朔,阿穆隆剃发臧天朔为狱友唱歌,0
朋友,穆帅,梅西,邀请梅西穆帅迎战朋友队,0
朋友,吴楠,金泽,吴楠和金泽友那,0
朋友,安帅,穆帅,安帅欲终老切尔西称穆帅朋友,0
朋友,炎亚纶,吴尊,炎亚纶称与飞轮海成员不是朋友吴尊承认相处有摩擦,0
朋友,梁静茹,吴佩慈,梁静茹吴佩慈为友庆生,0
朋友,郝蕾,明星,文章获明星朋友安慰郝蕾转发微博为其加油,0
朋友,可儿,伊娃,劳伦斯伴友米拉伊娃风情可儿抱狗,0
朋友,家人,安心,喜欢说“没事儿”让家人朋友安心,0
朋友,单增,李斯特,有做单增李斯特的朋友吗,0
朋友,晋商,张和平,贡天下董事长张和平参加晋商八友记,0
朋友,田卿,潘攀,潘攀/田卿将战队友,0
朋友,陈颖,沙龙,心友汇密码皇后陈颖怡主题沙龙邀请函,0
朋友,刘邦,韩信,萧何为何要助刘邦诱杀朋友韩信,1
朋友,中国,王华,驻几内亚比绍大使王华邀请几比媒体界朋友做客中国使馆,0
朋友,华晨宇,李菲儿,李菲儿成华晨宇"肉友",1
朋友,白恩培,刘汉,白恩培曾被指是刘汉朋友,1
朋友,杨贵妃,石小群,石小群演活“唐朝第一舞娘”成杨贵妃“蜜友”,1
朋友,杜隽世,闫鹏,杜隽世闫鹏薛成友高世宏等陪同－－,0
朋友,莫少聪,孙兴,孙兴莫少聪狱友称两人关系“到位”,1
朋友,桂林,明星,飞扬明星山水桂林听友见面会在桂林举行,0
朋友,陈水扁,邱毅,邱毅称日美扁友会助陈水扁洗钱百亿新台币,0
朋友,唐一菲,凌潇肃,凌潇肃唐一菲是朋友,1
朋友,黄河,成功,我市52名泳友成功横渡黄河,0
朋友,陈伟霆,胡歌,胡歌陈伟霆李易峰各种持剑姿势帅到没朋友,0
朋友,潘霜霜,张馨予,张馨予不认潘霜霜是朋友,0
朋友,袁咏仪,杨峥,袁咏仪嘲杨峥没朋友,0
朋友,大使,杨万明,驻智利大使杨万明出席智利“中国文化之友”协会成立仪式,0
朋友,赵又廷,狄仁杰,《狄仁杰之神都龙王》台北首映林更新赵又廷基友重聚,0
朋友,不舍,万思维,好“基友”万思维心疼不舍6687674,0
朋友,本色,孙茜,孙茜「青春蜜友」张扬霸气本色,0
朋友,巴菲特,盖茨,与盖茨巴菲特是忘年球友,0
朋友,孙坚,周笔畅,孙坚守护周笔畅情比金坚张杰沈凌好基友,1
朋友,唐宁,单元,请问买了唐宁1号楼8单元9单元的朋友……,0
朋友,家人,关怀,如何关怀你灾难后的朋友或家人,0
朋友,夏恒,魏然,魏然罗景文俊朗呆萌学长夏恒是华晨宇好基友,0
朋友,霍启刚,郭晶晶,霍启刚夫妇参加朋友婚礼郭晶晶身材恢复露美腿,0
朋友,章子怡,赵薇,赵薇章子怡当众是朋友私下是仇人的10大女星,0
朋友,大海,中华,明友中华金杯大海狮L领航版西南区上市,0
朋友,马苏,谢娜,杨幂谢娜阿sa马苏盘点常替朋友出头的女汉子,0
朋友,红牛,中国,红牛携手“中国好机友”联盟,0
朋友,章龄之,韩雪,韩雪章龄之亦敌亦友,1
朋友,前夫,鄢颇,与前夫鄢颇仍为朋友,0
朋友,张召忠,将军,张召忠将军是反侵略战争人民的朋友,0
朋友,金华,国家,二十多个国家和地区“道友”聚会金华黄大仙祖宫,0
朋友,朱芳雨,周鹏,朋友盼其挑战朱芳雨周鹏,0
朋友,大使,章启月,章启月大使出席江苏省泰州市和比利时惠市友城协议签约仪式,0
朋友,高兴,家人,家人和朋友为我高兴,0
朋友,大使,高等,驻塞内加尔大使龚元兴出席达喀尔高等工商管理学院“中国之友俱乐部”成立仪式,0
朋友,王毅,真诚,王毅称中国可成澳洲最真诚的朋友,0
朋友,陶喆,成功,陶喆求婚小女友成功,0
朋友,吕方,杜德伟,“基友”杜德伟伦永亮助阵吕方,1
朋友,小沈阳,赵海燕,赵海燕朋友模仿小沈阳,0
朋友,金民国,尹厚,韩《爸爸去哪儿》金民国尹厚当选世界杯"起亚吉祥物之友",0
朋友,龙王,林更新,《狄仁杰之神都龙王》台北首映林更新赵又廷基友重聚,0
朋友,吴忠,张国政,吴忠友上演“张国政翻版”,0
朋友,孙权,家人,带您的家人朋友一定要去孙权故里,0
朋友,乐基儿,黎明,乐基儿回应黎明“不是朋友”,0
朋友,山田孝之,小栗旬,小栗旬买醉抱怨绫野刚抢走基友山田孝之,1
朋友,文章,家人,文章与家人朋友吃饭,0
朋友,孙忠焕,叶明,强化新闻舆论推动杭州发展王国平孙忠焕虞荣仁叶明等与新闻界朋友迎春恳谈,0
朋友,罗伯斯,刘翔,刘翔罗伯斯是对手更是朋友,1
朋友,冯绍峰,许鞍华,冯绍峰许鞍华亦师亦友,1
朋友,王菲,李亚鹏,李亚鹏设局专骗王菲朋友的钱(图),0
朋友,夏恒,陈冰,好声音陈冰身家30亿夏恒华晨宇好基友李易峰于湉都是富二代,0
朋友,何为,金刚,何为金刚道友,0
朋友,罗景文,魏然,魏然罗景文俊朗呆萌学长夏恒是华晨宇好基友,0
朋友,合力,柯受良,柯受良四大遗愿朋友合力去实现,0
朋友,绫野刚,小栗旬,小栗旬买醉抱怨绫野刚抢走基友山田孝之|小栗旬|绫野刚|基友,0
朋友,昌黎,吉祥,昌黎金帝獒苑张总祝全国獒友马年吉祥,0
朋友,贺信,国家,国家宗教局佛诞节向佛教界朋友致发贺信祝贺慰问,0
朋友,李云迪,王力宏,王力宏公开女友最佳基友李云迪不再,1
朋友,大雄,多拉,我觉得最好的基友就是大雄和多拉A梦,0
朋友,草蜢,柳良,米友卢柳良24小时内买进卖出草蜢caomeng,0
朋友,高雄,杨秋兴,高雄县长杨秋兴组“兴友会”引发外界参选臆测,0
朋友,家人,吉祥,祝福微友及家人马年吉祥,0
朋友,通微,苏宁,苏宁文化大厦店8年仅有一次的家电盛宴┅燕郊通微友团购会,0
朋友,国安,家人,湖南小伙冒充国安部警察骗家人朋友,0
朋友,乐玉成,大学生,外交部部长助理乐玉成会见香港“外交之友”大学生夏令营营员,0
朋友,孙俪,张柏芝,孙俪张柏芝瘦到没朋友,0
朋友,成功,山东,山西鸿鑫藏獒苑“红牛必”与山东獒友贾总爱獒“黑玫瑰”联姻成功,0
朋友,杨坤,海泉,杨坤海泉送花为友捧场,0
朋友,金宇彬,李钟硕,李钟硕金宇彬朴炯植等出席《朋友2》试映会5738807,0
朋友,桑巴,东方,桑巴故乡与东方古国的友城之约,0
朋友,霍建华,胡歌,胡歌霍建华古天乐帅到没朋友,0
朋友,上海,李玟,李玟上海捞金宴请群友,0
朋友,希尔,乔纳,小李乔纳希尔基友反目,0
朋友,王楠,张怡宁,张怡宁王楠十年缘亦敌亦友,1
朋友,徐锦江,释小龙,徐锦江释小龙等朋友,0
朋友,赵寅成,孔孝真,《是爱情》孔孝真和赵寅成搭戏被朋友羡慕,0
朋友,方法,高远,给苦练反手高远球的朋友提供一个简单方法,0
朋友,萧何,韩信,萧何为何要助刘邦诱杀朋友韩信,1
朋友,元海,王韬,保荐148元海普瑞的冒友华王韬被秋后算账,0
朋友,大海,金杯,明友中华金杯大海狮L领航版西南区上市,0
朋友,桂林,家人,丁桂林祝微信圈里朋友及家人新年快乐,0
朋友,黄山,毛峰,谢裕大茶友会之毛峰寻踪黄山游记,0
朋友,成立,苗圩,苗圩寄语青年朋友纪念共青团成立90周年,0
朋友,王宝强,黄晓明,黄晓明和王宝强友尽,0
朋友,梅兰芳,钱波,《梅兰芳》演员钱波和朋友喝酒翻脸,0
朋友,傅彪,方显,傅彪生病方显朋友多,0
朋友,国家,滑雪,千名雪友共聚赏国家滑雪队表演,0
朋友,大使,洪博培,中国之友洪博培驻华大使之路,0
朋友,安倍,大使,中国驻巴大使与巴基斯坦朋友座谈一致谴责安倍,0
朋友,乔布斯,库克,库克小盆友你这么做会让乔布斯先生不开心的,0
朋友,中国,班加,班加西人期盼中国朋友早日归来,0
朋友,中国,时间,中国民主需要和平朋友和时间,0
朋友,吴宗宪,徐若瑄,吴宗宪曝徐若瑄男友友李云峰曾离婚,0
朋友,宋朝,江湖,《江湖论剑实录》宋朝基友上演江湖版“人在囧途”,0
朋友,吉林,崔仁,记吉林机务段检修车间行修一班工长崔仁友,0
朋友,巩俐,莫文蔚,巩俐现身上海冯德伦莫文蔚亦友,0
朋友,林志玲,邱士楷,林志玲称邱士楷是“喜欢的朋友”,1
朋友,温暖,家人,17款温暖饺子陪家人朋友过冬至,0
朋友,耿直,巴克利,巴克利因为耿直与乔丹友尽,0
朋友,李云迪,陈奕迅,圈内“好基友”谢霆锋/陈奕迅/王力宏/李云迪(1),0
朋友,叶倩文,林子祥,林子祥与叶倩文像朋友,1
朋友,五月天,陈慧琳,五月天陈慧琳献声朋友,0
朋友,刘欢,齐大胜,“齐大胜”刘欢与友喝咖啡,0
朋友,姚明,麦蒂,姚明麦蒂好基友一辈子,1
朋友,文章,白百合,文章白百合呼朋友捧场,1
朋友,卢新宁,北京大学,2012年北京大学中文系毕业典礼上卢新宁系友的讲话,0
朋友,金宇彬,朱镇模,朱镇模金宇彬《朋友2》击败《雷神2,0
朋友,高曙光,江珊,江珊高曙光分手亦是朋友,1
朋友,朱之文,大衣哥,大衣哥朱之文卖猪蹄是帮朋友忙,0
朋友,李小璐,赵薇,李小璐孙俪赵薇谁丑到没朋友,0
朋友,相声,佟守本,佟守本携“众友相声团”举办“正月群星相声会”,0
朋友,中国,徐佳,《特一营》徐佳张进上演中国好基友|徐佳|张进|特一营,0
朋友,班主任,郭玉,班主任郭玉友谈展茂平的培养,0
朋友,李娜,明星,李娜成明星代言朋友沾光,0
朋友,王富玉,蒙启良,“贵州敞开怀抱欢迎首都朋友赴黔做客”王富玉蒙启良接受中央媒体记者采访,0
朋友,王国,战士,近期热播电影《私人订制》《风暴》《啊朋友还钱》《听见下雨的声音》《我的美丽王国》《四大名捕2》《扫毒》《森林战士》简介,0
朋友,郑重,徐国祥,100+手机创始人徐国祥向加友郑重道歉,0
朋友,冯绍峰,汪小菲,汪小菲冯绍峰都是朋友,1
朋友,秦昊,伊能静,伊能静小鸟依人与秦昊夜宴众友,0
朋友,贾庆林,周年,上海政协之友社座谈庆祝成立25周年贾庆林俞正声致贺信,0
朋友,孙俪,赵薇,李小璐孙俪赵薇谁丑到没朋友,0
朋友,邱毅,永田,“扁友会”会长黄永田扯落邱毅假发,0
朋友,成立,大使,驻塞内加尔大使龚元兴出席达喀尔高等工商管理学院“中国之友俱乐部”成立仪式,0
朋友,李沁,张衣,张衣李沁《璀璨人生》亦父亦友,1
朋友,华晨宇,夏恒,夏恒是华晨宇好基友,1
朋友,白玛,班扎,班扎古鲁白玛的沉默(喜欢《仓央嘉措悲戚的爱情故事》的朋友请一定看看）,0
朋友,刘恺威,盛夏,《盛夏晚晴天》刘恺威称请杨幂付朋友价,0
朋友,司马懿,郭嘉,司马懿郭嘉是三国杀最大基友组合,1
朋友,中华,王贤华,大友地板王贤华营销总监接受中华地板网采访,0
朋友,钟汉良,唐嫣,钟汉良帅到没朋友唐嫣穿孕妇装撅嘴撒娇,0
朋友,金华,王力宏,王力宏金华演唱会金华吧吧友门票福利活动即将开始,0
朋友,蓝挺,郭添财,财友会长由绿转蓝挺郭添财,0
朋友,陈怡蓉,许绍洋,陈怡蓉指许绍洋是“倒霉朋友”,1
朋友,张彦子,长春虫子,张彦子携长春虫子《朋友一生最难得》温情开唱,0
朋友,佟健,庞清,庞清佟健耍朋友竟是肖天牵的线,1
朋友,蒋劲夫,彭于晏,彭于晏蒋劲夫扮“基友”牵手拥抱,1
朋友,谢安琪,梁汉文,谢安琪翻唱梁汉文《七友》差点跑调,0
朋友,李章,战士,天津消防战士李章友,0
朋友,温暖,关怀,黑龙新推《朋友的歌》“中国好兄弟”显关怀温暖,0
朋友,李泽楷,梁洛施,梁洛施李泽楷再见是朋友,1
朋友,徐帆,冯小刚,冯小刚徐帆为友庆生,0
朋友,俞渝,于刚,李国庆你和于刚是好基友这事儿俞渝知道吗,0
朋友,潘霜霜,林峰,潘霜霜与林峰是朋友但非好朋友,1
朋友,蒋英,关怀,夫人蒋英谢朋友关怀,0
朋友,黄秋生,贾乃亮,贾乃亮万思维吴镇宇黄秋生娱乐圈暧昧好基友,0
朋友,刘忻,付辛博,付辛博刘忻沈建宏参演《七个朋友》,0
朋友,苏庆黎,陈菊,陈菊北京拜祭的亡友是《夏潮》创办人苏庆黎,1
朋友,冯伟,冯宇,北京空军总医院预约挂号冯天友赵平冯伟刘益善高越柳晓林冯宇,0
朋友,姚明,野兽,野兽赞姚明称与科比非朋友,0
朋友,王家卫,周星驰,朋友王家卫偶像周星驰,0
朋友,哈林,葛林,12月14日中国好声音哈林组学员葛林(你是不是我最疼爱的人)歌友见面会,0
朋友,中国,晋商,中国晋商俱乐部与孙红梅交流《晋商八友记》并参观红梅养老别墅项目,0
朋友,李云龙,楚云飞,会让李云龙和楚云飞做不成朋友,0
朋友,江若琳,徐正曦,江若琳首饰恶女徐正曦恋朋友妻,0
朋友,中国,成立,塞内加尔大学生成立中国之友俱乐部,0
朋友,开心,家人,周末带上家人朋友去“开心农场”吧,0
朋友,车行,山水,车行山水伊川大队祝各朋友位马年大吉,0
朋友,周立波,郭德纲,郭德纲称与周立波是朋友,1
朋友,陈柏霖,房祖名,陈柏霖球友是房祖名,1
朋友,时光,帕瓦罗蒂,朋友称帕瓦罗蒂最后时光与前妻子再度变密切,0
朋友,陈柏霖,方大同,与陈柏霖萧敬腾方大同好基友,0
朋友,胡春华,朱小丹,胡春华朱小丹致信网民朋友祝贺新春,0
朋友,成龙,徐静蕾,徐静蕾称与成龙仅是朋友,1
朋友,张云,孙伟,驻洛杉矶总领事张云为许朝友副总领事离任暨孙伟德副总领事履新举行招待会,0
朋友,大吉,玛莎,玛莎玛奇祝所有朋友马年大吉,0
朋友,赵薇,黄有龙,黄有龙赵薇与友畅聊赠贴面礼,0
朋友,武侠,孔令辉,孔令辉友出席《武侠》,0
朋友,吉林,雷纳,5月11日吉林乡村广播走进雷纳影城与听友共度母亲节,0
朋友,成功,大祥,沈阳大祥獒业金霸王复刻版“鑫霸王“今日成功迎娶第24位佳丽来自沈阳新民獒友母獒,0
朋友,刘德华,周星驰,刘德华否认曾说周星驰不是朋友,0
朋友,刘益善,高越,北京空军总医院预约挂号冯天友赵平冯伟刘益善高越柳晓林冯宇,0
朋友,蔡蝶,何琳,蔡蝶何琳《血刃》亦友亦敌,0
朋友,米雪,尹志强,米雪被疑挪用朋友捐赠尹志强200万医药费,0
朋友,屈生武,中国,驻玻利维亚大使屈生武拜会科恰班巴省中国之友协会名誉会长巴连多斯先生,0
朋友,刘元,山东,山东天圆獒业刘元铸先生携全体员工恭祝全国獒友新年快乐,0
朋友,孙甜甜,李婷,第五个节目李婷孙甜甜田亮郭晶晶等人合唱《朋友》,0
朋友,赵薇,叶翠翠,友陈坤情敌叶翠翠多方祝福赵薇,0
朋友,陈云林,陈江,《两岸陈江会》传陈云林将争取友达成台湾登陆首间面板厂,0
朋友,孙俪,李小璐,李小璐孙俪赵薇谁丑到没朋友,0
朋友,将军,杨温,杨温将军家族成员向微友拜年,0
朋友,章子怡,邓文迪,邓文迪称与章子怡是朋友,1
朋友,文章,杨子,杨子代友澄清文章“被离婚”,0
朋友,夏雨,袁泉,夏雨袁泉与友聚会热聊,0
朋友,中国,展白,汇五洲朋友展白云新姿－－白云第九届中国国际风筝会走笔,0
朋友,姜育恒,陈香,姜育恒新碟《我和我的朋友》像杯老酒漫陈香,0
朋友,关之琳,杜德伟,梁朝伟杜德伟关之琳等百星友将出席,0
朋友,陈柏霖,萧敬腾,与陈柏霖萧敬腾是好基友/图,0
朋友,岸诚二,勇者,岸诚二新番《结城友奈是勇者》10月播出,0
朋友,中华,刘勇,喀什残友刘勇在京获得中华慈善奖,0
朋友,白银,真金,拉个朋友玩《炼狱》真金白银犒赏你,0
朋友,薛凯琪,房祖名,揭秘房祖名朋友圈星二代富二代好基友前女友薛凯琪,0
朋友,中国,东海,中国东海獒苑獒友见面会盛大召开,0
朋友,文献,丁当,每位站友免丁当求助20篇文献,0
朋友,史航,张译,张译携手好基友史航化身冷面特工,1
朋友,成就,阿里,好基友一起走成就阿里帝国,0
朋友,印乔镇,徐雨,韩星徐雨印乔镇1年恋情告吹降格成朋友,0
朋友,张卫健,明星,张卫健细数明星好基友,0
朋友,于湉,陈冰,好声音陈冰身家30亿夏恒华晨宇好基友李易峰于湉都是富二代,0
朋友,成功,丁俊晖,全友卫浴祝贺丁俊晖击败世界第一成功夺冠,0
朋友,金宇彬,崔振赫,金宇彬亦敌亦友崔振赫真兄弟图片频道,1
朋友,童心,归来,《放飞童心》宠友活动归来美图(中）,0
朋友,时光,成功,color=#ff0000>《摩卡时光》首次听友见面会成功落幕(组图)</FONT>,0
朋友,哈曼,沃纳,国际足联副主席维拉尔称哈曼和沃纳是“一辈子的朋友”,1
朋友,赵忠祥,倪萍,倪萍曝赵忠祥没有朋友,0
朋友,陈志云,崔建邦,陈志云爆崔建邦暂居朋友家,0
朋友,周星驰,田启文,田启文直指周星驰没朋友,0
朋友,中国,伏特加,普京称生日当天与中国朋友喝伏特加吃蛋糕庆祝,0
朋友,成就,任达华,香港朋友多成就任达华,0
朋友,井柏然,彭于晏,彭于晏井柏然亦敌亦友,1
朋友,许嵩,罗大佑,‘罗大佑许嵩周笔畅’莆田歌友演唱会视觉盛宴,0
朋友,玉兰,夏日,玉兰夏日“家友”站,0
朋友,中国,大使,中国之友洪博培驻华大使之路,0
