经纪人,江怡,牛郎,林志玲经纪人江怡蓉爆出曾与"牛郎"相恋6年,0
经纪人,许宗衡,周迅,周迅经纪人澄清涉许宗衡案,0
经纪人,柴智屏,鞠躬,经纪人柴智屏鞠躬道歉|柯震东|柯震东吸毒,0
经纪人,容祖儿,魏如萱,容祖儿祝福魏如萱经纪人否认,0
经纪人,多事,何韵诗,何韵诗暗指容祖儿经纪人多事,0
经纪人,任佳莺,董洁,潘粤明告董洁经纪人任佳莺,1
经纪人,江湖,明星,明星江湖漂经纪人“挨刀”,0
经纪人,费翔,刘文正,经纪人否认刘文正是费翔"密友",0
经纪人,李大齐,周迅,周迅否认李大齐当经纪人,0
经纪人,李学庆,许绍洋,陈怡蓉李学庆经纪人怒斥许绍洋“太过分”,0
经纪人,阿德,罗成,阿德自曝大罗成其经纪人,0
经纪人,查尔顿,郑智,经纪人宣称郑智将重归查尔顿,0
经纪人,农牧民,明星,“明星”农牧民经纪人,0
经纪人,周彦彤,徐怀钰,徐怀钰经纪人周彦彤发公开信,1
经纪人,王菲,陈玉莲,王菲经纪人收养陈玉莲遗孤,0
经纪人,杜海涛,陈晓东,杜海涛演陈晓东“癫狂”经纪人,0
经纪人,成功,熊朝忠,熊朝忠成功与伯乐经纪人分不开,0
经纪人,帕瓦罗蒂,罗伯森,意大利男高音歌唱家帕瓦罗蒂的经纪人罗伯森今天称,1
经纪人,唐一菲,凌潇肃,凌潇肃唐一菲同现身武汉经纪人含糊回应婚讯,0
经纪人,许晋亨,李嘉欣,李嘉欣经纪人陈善之到达许晋亨家,0
经纪人,许可,家人,与经纪人相恋获家人许可,0
经纪人,谢意,李孝利,李孝利送经纪人高级轿车表谢意,0
经纪人,任佳莺,潘粤明,潘粤明告董洁经纪人任佳莺,0
经纪人,孙坚,周笔畅,周笔畅谈与经纪人孙坚绯闻,1
经纪人,易建联,巴恩斯,巴恩斯雇易建联经纪人,0
经纪人,张靓颖,黄健翔,经纪人承认张靓颖签约靠黄健翔,0
经纪人,倪妮,张伟平,倪妮经纪人驳张伟平违法说,0
经纪人,谢霆锋,文咏珊,谢霆锋文咏珊传恋情双方经纪人否认,0
经纪人,张蕊,成功,做一名成功的经纪人－鑫尊张蕊,0
经纪人,董洁,胡说,董洁经纪人胡说,0
经纪人,国安,米尔顿,米尔顿经纪人状告国安,0
经纪人,杨宗纬,陈明,经纪人回应黄绮珊负面传闻杨宗纬陈明有望再度回归,0
经纪人,杨康,穆念慈,经纪人比作杨康与穆念慈,0
经纪人,姚笛,文章,经纪人回应文章出轨恋姚笛,0
经纪人,法尔克,艾弗森,艾弗森炒掉经纪人法尔克,0
经纪人,韩庚,明星,韩庚经纪人导致“罢录门”盘点明星“坑爹”的经纪人,0
经纪人,黄晓明,周嗣伟,前经纪人周嗣伟首谈黄晓明单飞,0
经纪人,徐建军,明星,明星曹颖及其经纪人徐建军,0
经纪人,琼瑶,刘雪华,刘雪华经纪人及琼瑶力证坠楼"是意外",0
经纪人,许志安,成功,经纪人证实许志安求婚成功,0
经纪人,苏醒,舒马赫,经纪人否认舒马赫苏醒认妻子,0
经纪人,萧蔷,明星,萧蔷师弟张颂文深度剖析明星与经纪人关系,0
经纪人,小龙女,陈妍希,陈妍希演"小龙女"经纪人遭吐槽,0
经纪人,赵胤胤,叶一茜,老公赵胤胤曾与叶一茜经纪人育有一子,0
经纪人,张柏芝,查小欣,张柏芝经纪人告查小欣乱爆料,0
经纪人,姚明,郝海东,姚明郝海东经纪人伸出橄榄枝,0
经纪人,金泰勇,汤唯,经纪人否认汤唯介入金泰勇婚姻,0
经纪人,陈奕迅,王菲,王菲陈奕迅经纪人陈家瑛档案,0
经纪人,蔡康永,林熙蕾,经纪人蔡康永不知林熙蕾完婚,1
经纪人,汉武帝,杨童舒,《汉武帝》杨童舒丑得吓坏经纪人,0
经纪人,杨和,邓肯,杨和麦卡杜签约邓肯经纪人,0
经纪人,陈奕迅,甘菁菁,陈奕迅经纪人由甘菁菁接棒,1
经纪人,林恋,林宇中,林宇中经纪人关于"双林恋”新闻事件的郑重声明,0
经纪人,叶一茜,田亮,叶一茜田亮双方经纪人承认恋情,0
经纪人,郑重,章子怡,章子怡经纪人纪灵灵郑重道歉,0
经纪人,皇帝,韦德,科比韦德皇帝遭乔丹前经纪人痛批,0
经纪人,阿丘,小沈阳,阿丘写博炮轰小沈阳经纪人高大宽"不懂行规",0
经纪人,文武,杜汶泽,《超级经纪人》洛诗文武双杀搞定杜汶泽|杜汶泽|经纪人|宅男女神,0
经纪人,满意,丁俊晖,经纪人张萌满意丁俊晖表现,0
经纪人,劳尔,陈年,劳尔经纪人揭秘陈年往事,0
经纪人,黄奕,霍思燕,经纪人否认霍思燕抢黄奕男友,0
经纪人,萧蔷,张颂文,萧蔷师弟张颂文深度剖析明星与经纪人关系,0
经纪人,周迅,家人,周迅经纪人希望勿打扰家人,0
经纪人,中国,巴萨,巴萨经纪人为中国留洋少年支招,0
经纪人,张亚东,有子,张亚东膝下有子瞿颖经纪人断然否定婚讯,0
经纪人,皇帝,成功,皇帝经纪人或助其成功,0
经纪人,巴萨,罗西,巴萨接洽罗西获经纪人确认,0
经纪人,路金波,韩寒,专访韩寒经纪人路金波,1
经纪人,谭飞,后力,邓建国经纪人谭飞先生自立门户后力推新人,0
经纪人,和平,赵薇,传赵薇与经纪人嫂子和平散伙,0
经纪人,陈自强,成龙,成龙前经纪人陈自强曝成龙走火入魔无法再度合作,0
经纪人,海明,黄健,桑兰代理律师海明与经纪人黄健再度翻脸,0
经纪人,易纲,刘晓庆,刘晓庆带经纪人易纲赴家宴举止暧昧,1
经纪人,齐秦,王祖贤,经纪人否认齐秦与王祖贤有孩子,0
经纪人,陈柏霖,房祖名,经纪人曝陈柏霖早知房祖名柯震东会吸毒,0
经纪人,赵本山,赵刚,赵本山前经纪人赵刚也被炒,0
经纪人,马苏,孔令辉,无事孔令辉马苏被爆十年情告吹经纪人否,0
经纪人,梅西,徐根宝,徐根宝会见梅西经纪人,0
经纪人,陈坤,董洁,董洁痛哭否认新欢潘粤明要赌幸福斥董洁经纪人陈坤劝优雅放手,0
经纪人,郭富城,熊黛林,传郭富城经纪人骂熊黛林垃圾,0
经纪人,宋慧乔,权相宇,宋慧乔权相宇明星遇上极品经纪人（2）,0
经纪人,李安,汤唯,传李安拍邓氏传记电影汤唯经纪人否认,0
经纪人,夏松,薛玉洋,经纪人夏松表示薛玉洋目前会以国家队的任务为重,1
经纪人,空政,闫妮,空政歌舞团演员闫妮经纪人声明其早已离婚,0
经纪人,蒋承缙,罗志祥,罗志祥爱记仇搞笑模仿经纪人蒋承缙,1
经纪人,周杰,苏有朋,苏有朋林心如经纪人指责周杰凭空捏造,0
经纪人,拜纳姆,库普切克,库普切克今日和拜纳姆经纪人谈续约事宜,0
经纪人,张杰,谢娜,经纪人证实谢娜张杰婚礼定在九月,0
经纪人,吴文忻,周汶锜,经纪人不支持吴文忻曝周汶锜整容遭王晶封杀,0
经纪人,迟帅,李立,经纪人否认迟帅李立同性恋绯闻,0
经纪人,张宁益,马琳,张宁益经纪人开口回应马琳离婚案,0
经纪人,陈坤,赵薇,经纪人否认陈坤与赵薇闹掰,0
经纪人,林志玲,言承旭,曝林志玲的新男友是言承旭经纪人,0
经纪人,黄斌,黄晓明,黄晓明经纪人黄斌先生,1
经纪人,霍汶希,何韵诗,何韵诗暗讽容祖儿经纪人霍汶希,0
经纪人,宋文善,邓丽君,知名经纪人宋文善珍藏邓丽君小虎队资料遭窃,0
经纪人,舒马赫,阿隆索,舒马赫经纪人建议阿隆索,0
经纪人,吴莫愁,杨坤,杨坤吴莫愁经纪人表示不知此事,0
经纪人,申雪,赵宏博,申雪赵宏博状告现经纪人,0
经纪人,黄圣依,田启文,黄圣依第一任经纪人田启文,0
经纪人,桑兰,海明,桑兰代理律师海明与经纪人黄健再度翻脸,0
经纪人,纪如璟,唐嫣,纪如璟成唐嫣经纪人,1
经纪人,蔡卓妍,霍汶希,蔡卓妍演《超级经纪人》忆往昔感谢霍汶希,0
经纪人,王珞丹,韩寒,经纪人回应王珞丹与韩寒绯闻,0
经纪人,张杰,乌龙,张杰经纪人回应“核磁共振”乌龙,0
经纪人,家人,王伟忠,经纪人王伟忠称永远是家人,0
经纪人,谢霆锋,陈奕迅,揭秘王菲陈奕迅谢霆锋等明星背后的王牌经纪人,0
经纪人,德罗巴,朱骏,德罗巴经纪人新加坡约见朱骏,0
经纪人,王安忆,莫言,王安忆谈莫言请女儿任经纪人,0
经纪人,杨坤,丁丁,杨坤经纪人否认与丁丁师生恋,0
经纪人,春晓,彭坦,经纪人否认彭坦春晓离婚,0
经纪人,陈淑芬,查小欣,查小欣专访张国荣经纪人陈淑芬,0
经纪人,王力宏,张惠妹,经纪人否认张惠妹缺席晚宴是为避见王力宏,0
经纪人,本色,霍汶希,《超级经纪人》谢霆锋霍汶希本色出演"自己"(图),0
经纪人,文章,马伊琍,经纪人驳文章马伊琍离婚,0
经纪人,董潘,董洁,董潘离婚系董洁经纪人为保饭碗栽赃陷害挑拨离间（图）,0
经纪人,吉格斯,于大宝,吉格斯经纪人赞于大宝,0
经纪人,林文龙,郭可盈,经纪人曝郭可盈林文龙婚姻,0
经纪人,周年,张国荣,张国荣逝世十周年经纪人将公布惊世讯息,0
经纪人,周慧敏,古巨基,古巨基女友任周慧敏经纪人,0
经纪人,李若彤,小龙女,经纪人遭遇诈骗电话“小龙女”李若彤损失百万|转账|账户,0
经纪人,董潘,潘粤明,潘粤明经纪人回应“董潘“情变,0
经纪人,陈均,杭盖,平凡的灿烂（杭盖乐队经纪人胡子评陈均《流放》）,0
经纪人,香帅,宫南燕,宫南燕经纪人爆"香帅"打人,0
经纪人,黄晓明,王菲,王菲经纪人夜访李亚鹏新店黄晓明陈楚生忙搭讪,0
经纪人,张柏芝,萧淑慎,萧淑慎会见张柏芝经纪人,0
经纪人,邱泽,唐嫣,经纪人回应邱泽唐嫣恋情,0
经纪人,包容,许可,赵本山经纪人请观众包容小品植入广告经央视许可,0
经纪人,阿德,莫拉蒂,莫拉蒂骂阿德经纪人贪财,0
经纪人,胡说,刘谦,斥刘谦经纪人胡说,0
经纪人,王菲,明星,揭秘王菲陈奕迅谢霆锋等明星背后的王牌经纪人,0
经纪人,王海,郭德纲,郭德纲为经纪人王海主婚,1
经纪人,张默,叶璇,经纪人否认叶璇张默拍拖,0
经纪人,苍井空,黄秋生,黄秋生怒骂苍井空经纪人吃错药,0
经纪人,林志颖,方舟子,林志颖经纪人回击方舟子质疑,0
经纪人,单飞,黄晓明,前经纪人首谈黄晓明单飞,0
经纪人,吉尼斯,张国荣,经纪人曝将办张国荣纸鹤展欲申吉尼斯,0
经纪人,成功,刘韬,经纪人刘韬成功推销田亮,0
经纪人,前夫,李光洁,前夫李光洁经纪人,0
经纪人,赵薇,黄有龙,经纪人否认赵薇和黄有龙回国办盛大婚礼和满月酒,0
经纪人,谢霆锋,梅艳芳,传谢霆锋恋上梅艳芳经纪人,0
经纪人,霍奇森,费迪南德,费迪南德经纪人炮轰霍奇森,0
经纪人,陈伟,赵薇,经纪人否认赵薇移情陈伟,0
经纪人,田震,李亚鹏,李亚鹏曾经追过田震经纪人马葭直斥无聊,0
经纪人,阿布,佛爷,经纪人阿布佛爷均知情,0
经纪人,时间,莫雷,经纪人炮轰莫雷拖延时间,0
经纪人,卢森伯格,古蒂,古蒂经纪人炮轰卢森伯格,0
经纪人,张萌,满意,经纪人张萌满意丁俊晖表现,0
经纪人,易建联,李亚红,经纪人证实易建联同李亚红分手,0
经纪人,毛宁,瞿颖,瞿颖成毛宁经纪人,1
经纪人,霍汶希,阿娇,阿娇被曝拍拖经纪人霍汶希证实,1
经纪人,中国,帕瓦罗蒂,帕瓦罗蒂经纪人看好中国男高音戴玉强,0
经纪人,倪妮,查艳,倪妮经纪人查艳照黑手,0
经纪人,姚明,王哲林,王哲林选择与姚明相同经纪人,0
经纪人,何洁,田亮,陆毅田亮经纪人50万买下超女何洁,0
经纪人,大牌,张亮,张亮or张亮经纪人大牌,0
经纪人,郎朗,宋祖英,“艺考生做不了郎朗宋祖英还可以做他们经纪人”,0
经纪人,姚明,申雪,名人官司申雪赵宏博告经纪人|姚明形象被盗用案败诉,0
经纪人,茜拉,吉杰,『独家揭秘』看史上最贴心“经纪人”吉杰教茜拉中文,1
经纪人,裴勇俊,李智雅,经纪人否认裴勇俊与李智雅交往,0
经纪人,宋承宪,崔智友,崔智友宋承宪密谋解约经纪人自立门户,0
经纪人,陈奕迅,陈冠希,陈奕迅经纪人被陈冠希名下公司追讨110万欠款,0
经纪人,黄晓明,李亚鹏,王菲经纪人夜访李亚鹏新店黄晓明陈楚生忙搭讪,0
经纪人,蔡依林,阿清,经纪人否认阿清借蔡依林上位,0
经纪人,刘德华,周笔畅,周笔畅签约刘德华前经纪人,0
经纪人,罗马,雷耶斯,经纪人向罗马荐雷耶斯,0
经纪人,汪子琦,郭可盈,揭秘林文龙郭可盈与前经纪人汪子琦的纠葛,0
经纪人,孙悦,张如意,张如意经纪人写博祝福孙悦,0
经纪人,古力娜扎,张翰,古力娜扎经纪人否认其恋张翰,0
经纪人,沃拉斯顿,丁俊晖,丁俊晖经纪人驳沃拉斯顿,0
经纪人,路透,唐嫣,因经纪人被黑与唐嫣路透曝光,0
经纪人,林书豪,中华,经纪人否认林书豪将代表中华台北篮球队出赛,0
经纪人,穆帅,钟情,穆帅钟情御用经纪人,0
经纪人,周迅,明星,周迅经纪人或暗指明星身价作假,0
经纪人,聂远,时间,经纪人证实聂远离婚称办手续已有段时间,0
经纪人,谢楠,吴京,经纪人否认吴京谢楠摆婚宴,0
经纪人,范冰冰,言承旭,盘点言承旭范冰冰等与经纪人恋爱的明星,0
经纪人,巴乔,王子,图"王子"巴乔经纪人,0
经纪人,金城武,乌龙,金城武与经纪人进酒店闹乌龙,0
经纪人,孔子,王菲,王菲复出首唱献《孔子》经纪人称没压力,0
经纪人,成功,朱茵,经纪人否认朱茵人工受孕成功,0
经纪人,王菲,严正,王菲经纪人发声明严正否认,0
经纪人,容祖儿,何韵诗,何韵诗暗指容祖儿经纪人多事,0
经纪人,林隆璇,林志炫,经纪人否认林志炫与林隆璇因花儿朵朵翻脸,0
经纪人,王菲,潘粤明,潘粤明告董洁前经纪人王菲涉嫌侵权,0
经纪人,陈柏霖,柯震东,陈柏霖经纪人称其早知柯震东房祖名吸毒,0
经纪人,陆浩,丁俊晖,专访丁俊晖经纪人陆浩,1
经纪人,蔡依林,彭于晏,经纪人证实蔡依林彭于晏已经交往3年,0
经纪人,谢霆锋,明星,谢霆锋经纪人霍汶希帮阿娇复出掌控众多明星,0
经纪人,桑兰,白马王子,桑兰的经纪人黄健成了桑兰的白马王子,0
经纪人,萧敬腾,杨宗纬,杨宗纬与萧敬腾经纪人微博掐架,0
经纪人,高圆圆,范冰冰,范冰冰恋经纪人高圆圆遭劈腿（33）,0
经纪人,蒙托亚,雷诺,蒙托亚经纪人暗通雷诺,0
经纪人,杜威,欧罗巴,卡恩经纪人希望运作杜威登陆欧罗巴,0
经纪人,刘蓓,吴秀波,吴秀波曾是刘蓓经纪人,0
经纪人,小龙女,吴绮莉,成龙前经纪人否认曾因"小龙女"事件联系吴绮莉,0
经纪人,小沈阳,赵本山,赵本山小沈阳原经纪人高大宽吸毒被警方拘留15天,0
经纪人,熊黛林,小美,经纪人小美踢爆熊黛林博宣传(图),1
经纪人,桑兰,吴鹏,吴鹏桑兰经纪人曾演“拇指战”,0
经纪人,邓超,周星驰,经纪人默认邓超将出演周星驰新电影|邓超|周星驰|美人鱼,0
经纪人,杨登魁,猪哥亮,猪哥亮与经纪人杨登魁握手言和,1
经纪人,姜文,中井贵一,赵薇经纪人否认待遇超过姜文中井贵一,0
经纪人,李晨,马苏,赵丽颖回避与经纪人不和问题李晨否认与马苏相恋,0
经纪人,陶喆,陶大伟,陶喆经纪人证实陶大伟因癌症去世,0
经纪人,吴奇隆,马雅舒,吴奇隆不忘马雅舒求前经纪人帮接活,0
经纪人,王菲,梅艳芳,王菲经纪人赞梅艳芳女中豪杰,0
经纪人,陈奕迅,陈百强,王菲经纪人退休曾带红陈百强陈奕迅,0
经纪人,阿紫,张敏,张敏嫁经纪人阿紫骂赌王,0
经纪人,萧敬腾,明星,萧敬腾陈慧珊等十大明星与经纪人的暧昧故事(图),0
经纪人,邵逸夫,金庸,邵逸夫金庸御用经纪人,0
经纪人,孙菲菲,方龄,孙菲菲经纪人怒轰方龄故意踩裙未道歉(图),0
经纪人,孙燕姿,王菲,孙燕姿今晚抵蓉王菲经纪人相伴左右,0
经纪人,李菲儿,张翰,李菲儿经纪人否认其是张翰小三,0
经纪人,梅婷,周滨,梅婷经纪人回应涉周滨案,0
经纪人,张默,牛萌萌,经纪人曝张默与牛萌萌已分手很久,0
经纪人,罗伯斯,刘翔,刘翔表现让罗伯斯经纪人紧张,0
经纪人,小沈阳,不懂,阿丘斥小沈阳经纪人高大宽“不懂行规”,0
经纪人,李冰冰,李雪,李冰冰姐姐李雪经纪人身份背景曝光,1
经纪人,成功,郑秀文,郑秀文经纪人证实许志安求婚成功,0
经纪人,单飞,吴尊,经纪人否认吴尊单飞,0
经纪人,陈琳,苍井空,苍井空陈琳前夫成其经纪人,0
经纪人,海明,桑兰,经纪人拒绝支付律师费海明怒斥桑兰是白眼狼,0
经纪人,黄维德,刘韬,黄维德承认与经纪人刘韬解约,0
经纪人,范冰冰,明星,盘点言承旭范冰冰等与经纪人恋爱的明星,0
经纪人,姚明,章明基,姚明经纪人章明基,1
经纪人,艺人,黄伟菁,经纪人黄伟菁谈艺人,0
经纪人,黄岩,大学生,浙江黄岩11名大学生“村官”成“农业经纪人”,0
经纪人,靖蓉,李亚鹏,李亚鹏经纪人均否认“靖蓉”闹情变,0
经纪人,孙悦,尤纳斯,孙悦经纪人炮轰尤纳斯,0
经纪人,朱之文,大衣哥,73岁堂兄当上大衣哥朱之文经纪人,0
经纪人,孟庭苇,周杰伦,知名经纪人蔡崇德携周杰伦阿信孟庭苇等齐聚山西晋城,0
经纪人,黄家强,何洁,黄家强指责何洁"耍大牌"何洁经纪人喊冤枉,0
经纪人,徐建军,曹颖,明星曹颖及其经纪人徐建军,1
经纪人,赵薇,那英,经纪人证实那英赵薇不上春晚,0
经纪人,谢霆锋,霍汶希,谢霆锋经纪人霍汶希未婚生女,1
经纪人,单飞,阿木,阿木与经纪人结婚后想单飞,0
经纪人,张歆艺,杨树鹏,张歆艺经纪人曝杨树鹏病榻前求婚,0
经纪人,穆帅,佛爷,穆帅经纪人迫佛爷购卡瓦略,0
经纪人,徐帆,冯小刚,经纪人否认冯小刚徐帆离婚传闻,0
经纪人,阿里纳斯,华实,知情者称阿里纳斯赴华实经纪人造势,0
经纪人,吴宗宪,欧弟,欧弟经纪人回应取代吴宗宪传闻称不靠谱,0
经纪人,飞人,刘翔,飞人刘翔不会请经纪人,0
经纪人,戈武,罗马,经纪人曝戈武希望加盟罗马,0
经纪人,付笛声,任静,经纪人证实付笛声任静夫妇已正式皈依佛门,0
经纪人,杨臣刚,杨丽娟,杨臣刚资助杨丽娟却欠人8万和经纪人翻脸,0
经纪人,穆帅,米利托,经纪人曝米利托想念穆帅,0
经纪人,金马,王学圻,王学圻经纪人与金马闹翻,0
经纪人,章子怡,撒贝宁,章子怡经纪人承认撒贝宁探班,0
经纪人,叶明子,伏明霞,叶明子爱出位叶静子系伏明霞经纪人,0
经纪人,阮经天,金马,阮经天金马早退惹怒前经纪人,0
经纪人,李菁,郭德纲,郭德纲经纪人回应李菁指责,0
经纪人,马琳,杨康,张宁益经纪人将马琳比作成杨康,0
经纪人,陈善之,李嘉欣,李嘉欣经纪人陈善之到达许晋亨家,1
经纪人,李冰冰,袁莉,李冰冰经纪人疑似回应袁莉,0
经纪人,哈林,代为,哈林经纪人代为否认,0
经纪人,满文军,高明骏,被指举报高明骏吸毒满文军经纪人回应不可能,0
经纪人,罗杰斯,苏神,苏神经纪人与罗杰斯摊牌,0
经纪人,成龙,房祖名,成龙经纪人否认房祖名吸毒,0
经纪人,伍咏薇,郭富城,讨好郭富城经纪人及伍咏薇,0
经纪人,郑少秋,沈殿霞,香港资深经纪人披露沈殿霞与郑少秋相恋往事,0
经纪人,文隽,田亮,文隽痛批田亮经纪人没头脑,0
经纪人,张贤秀,富力,经纪人证实富力敲定张贤秀,0
经纪人,邹市明,熊朝忠,邹市明经纪人拒回应熊朝忠当拳王,0
经纪人,盖伊,库里,盖伊库里经纪人看好中国市场,0
经纪人,余元,潘粤明,董洁经纪人被判致歉潘粤明赔偿4410余元,0
经纪人,周冬雨,林更新,经纪人否认林更新与周冬雨恋情,0
经纪人,许志安,郑秀文,经纪人证实许志安郑秀文已结婚,0
经纪人,张杰,陈楚生,经纪人否陈楚生张杰交恶不愿同台,0
经纪人,赵丽颖,明星,与经纪人闹翻明星赵丽颖被骂“脑袋里没东西”,0
经纪人,陈慧珊,明星,萧敬腾陈慧珊等十大明星与经纪人的暧昧故事,0
经纪人,张馨予,霍建华,霍建华经纪人回应张馨予劈腿传闻,0
经纪人,郎朗,刘亦菲,经纪人否认刘亦菲倒追郎朗,0
经纪人,王力宏,李靓蕾,王力宏经纪人回应李靓蕾前男友曝光,0
经纪人,谢里丹,阿里纳斯,「谢里丹专栏」阿里纳斯急需经纪人开路,0
经纪人,于正,林心如,林心如经纪人暗讽于正,0
经纪人,方大,马天宇,马天宇经纪人与出品方大打出手,0
经纪人,德罗巴,古蒂,国安确认经纪人荐德罗巴非古蒂,0
经纪人,舒马赫,韦伯,经纪人否认舒马赫已定韦伯,0
经纪人,杜汶泽,胡歌,容祖儿杜汶泽胡歌吐槽经纪人,0
经纪人,陈龙,章龄之,经纪人否认陈龙章龄之奉子成婚,0
经纪人,杨宗纬,许安,杨宗纬被爆与经纪人许安进为钱再翻脸,1
经纪人,安雯,江小鱼,安雯和经纪人江小鱼经济纠纷,1
经纪人,林志玲,牛郎,林志玲经纪人江怡蓉爆与“牛郎”6年恋情,0
经纪人,张柏芝,陈冠希,陈冠希经纪人回应张柏芝被虐照,0
经纪人,高云翔,杜汶泽,电影《超级经纪人》杜汶泽对决高云翔(图),0
经纪人,倪妮,张艺谋,张艺谋团队称是倪妮经纪人,0
经纪人,红牛,马德里,红牛老板和阿隆索经纪人相约马德里,0
经纪人,陈冠希,阿娇,阿娇经纪人拒谈陈冠希复出,0
经纪人,李易峰,杜淳,杜淳自曝与经纪人闹翻粉丝帮李易峰“罢免”经纪人,0
经纪人,曾申,李娜,经纪人透露李娜曾申请调整赛程,0
经纪人,林熙蕾,杨紫琼,杨紫琼当经纪人先签林熙蕾,1
经纪人,法尔克,大卫,专访经纪人大卫法尔克,0
经纪人,秦岚,夏侯琪誉,夏侯琪誉变身秦岚经纪人,1
经纪人,红豆,郭德纲,郭德纲经纪人力挺红豆,0
经纪人,宫庭海,黎明,费翔与黎明经纪人宫庭海因伪造央视公章获刑,1
经纪人,阿信,周杰伦,知名经纪人蔡崇德携周杰伦阿信孟庭苇等齐聚山西晋城(组图),0
经纪人,黄立行,徐静蕾,黄立行经纪人否认“徐静蕾密婚黄立行”传言,0
经纪人,谢霆锋,林青霞,谢霆锋经纪人霍汶希貌似林青霞,0
经纪人,雷诺,库比卡,雷诺不解库比卡经纪人为何翻脸,0
经纪人,姚明,乔丹,乔丹经纪人也来沪挖姚明,0
经纪人,陈琳,张超峰,陈琳经纪人斥张超峰追讨房产,0
经纪人,梁咏琪,郑伊健,经纪人否认郑伊健梁咏琪情变,0
经纪人,韦德,龙王,神秘经纪人透露龙王韦德将联手,0
经纪人,赵与,陈伟,经纪人否认赵与音陈伟私情,0
经纪人,姚明,叶莉,经纪人透露姚明叶莉有完婚计划,0
经纪人,王菲,明天,著名经纪人陈家瑛明天坐镇东区音乐公园为王菲演唱会解惑答疑,0
经纪人,蔡依林,萧亚轩,爆萧亚轩“投奔”蔡依林经纪人,0
经纪人,伊能静,潘粤明,伊能静经纪人斥约会潘粤明报导无中生有|潘粤明|伊能静|经纪人,0
经纪人,陈意涵,冯波,冯波变身陈意涵星座经纪人,1
经纪人,叶静子,伏明霞,叶明子爱出位叶静子系伏明霞经纪人,1
经纪人,江宜桦,苏贞昌,苏贞昌是捧红江宜桦的最佳经纪人,1
经纪人,陈慧琳,曾志伟,曾志伟承认与陈慧琳经纪人抢签陈法拉,0
经纪人,大牌,李显,经纪人提行李显大牌,0
经纪人,单飞,周嗣伟,前经纪人周嗣伟首谈黄晓明单飞,0
经纪人,陈妍希,文章,经纪人回应陈妍希曾是文章“小四”,0
经纪人,韦恩,李尔,李尔韦恩叫板贾斯汀比伯经纪人,0
经纪人,莫少聪,明可,经纪人透露莫少聪今明可获释,0
经纪人,方舟子,乐嘉,乐嘉经纪人回应方舟子,0
经纪人,海波,黄海波,海波寻欢记＋房产经纪人写给黄海波的懊悔书,0
经纪人,曾志伟,王敏,经纪人王敏惠好友曾志伟宣布梅艳芳去世,0
经纪人,冷静,小龙女,“小龙女”经纪人不冷静,0
经纪人,潘金莲,伊能静,伊能静经纪人回应演潘金莲传闻,0
经纪人,中国,回良玉,回良玉祝贺中国农产品流通经纪人协会在京成立,0
经纪人,韦德,波什,波什韦德经纪人出面辟谣,0
经纪人,前夫,苍井空,陈琳前夫成苍井空经纪人,0
经纪人,王菲,陈可辛,王菲经纪人炮轰陈可辛捧“天”踩“明”,0
经纪人,沈梦辰,林志炫,传林志炫恋上经纪人沈梦辰,1
经纪人,姚明,华莱士,经纪人曝华莱士联手姚明,0
经纪人,李云迪,刘谦,刘谦经纪人发声明称“找力宏”是李云迪提出/图,0
经纪人,岳母,王力宏,王力宏通过经纪人向岳母致歉,0
经纪人,熊黛林,苟芸慧,苟芸慧否认被郭富城经纪人利用逼走熊黛林,0
经纪人,谢娜,九月,经纪人证实谢娜张杰婚礼定在九月,0
经纪人,王旭,刘刚,刘刚经纪人称此事只针对王旭,0
经纪人,刘德华,朱丽倩,曝朱丽倩大肚近照刘德华经纪人不回应怀孕传闻,0
经纪人,谢娜,刘烨,经纪人证实刘烨谢娜已经和好,0
经纪人,李泽楷,梁洛施,经纪人回应梁洛施李泽楷分手,0
经纪人,刘家昌,陈淑芬,欣宜称刘家昌陈淑芬都非经纪人,0
经纪人,倪妮,冯绍峰,倪妮将请冯绍峰经纪人当顾问,0
经纪人,田馥甄,张惠妹,田馥甄与前女友张惠妹经纪人复合,0
经纪人,房祖名,柯震东,成龙经纪人否认房祖名与柯震东同被抓,0
经纪人,陈淑芬,张学友,深圳演出商声讨张学友经纪人陈淑芬夫妇,1
经纪人,周柱,张柏芝,谢霆锋经纪人周柱辉证实张柏芝产子,0
经纪人,张娜拉,金孝,韩星张娜拉经纪人金孝植因突发性心脏麻痹去世,0
经纪人,梅艳芳,黎姿,黎姿约见梅艳芳生前经纪人,0
经纪人,韦恩,贾斯汀,李尔韦恩叫板贾斯汀比伯经纪人,0
经纪人,陈奕迅,明星,揭秘王菲陈奕迅谢霆锋等明星背后的王牌经纪人,0
经纪人,李晨,张馨予,网曝张馨予李晨分手经纪人斥“假新闻”(图),0
经纪人,郭富城,小美,图揭郭富城30年情史经纪人小美掌控天王“后宫”,1
经纪人,张柏芝,贡米,贡米推手为张柏芝前经纪人,0
经纪人,德罗巴,明天,经纪人曝德罗巴明天回上海,0
经纪人,马葭,李亚鹏,李亚鹏经纪人马葭亲自接机,1
经纪人,郭富城,苟芸慧,苟芸慧否认被郭富城经纪人利用逼走熊黛林(图),0
经纪人,言承旭,明星,盘点言承旭范冰冰等与经纪人恋爱的明星,0
经纪人,严正,陈家瑛,经纪人陈家瑛发声明严正否认,0
经纪人,英达,宋丹丹,英达经纪人回应宋丹丹炮轰,0
经纪人,瞿颖,刘韬,经纪人刘韬证实瞿颖张亚东恋情,1
经纪人,王大治,潘粤明,潘粤明经纪人直指王大治炒作,0
经纪人,易慧,叶一茜,叶一茜易慧发单曲黑楠像个“经纪人”,0
经纪人,郭晨,马天宇,马天宇经纪人郭晨被打真相,1
经纪人,李玮锋,富力,经纪人否认李玮锋自荐富力,0
经纪人,赵又廷,高圆圆,经纪人证实高圆圆赵又廷领证,0
经纪人,赵薇,花木兰,赵薇将出演《花木兰》经纪人证实早已敲定,0
经纪人,陈辉虹,周迅,周迅与绯闻经纪人陈辉虹回京,1
经纪人,邓紫棋,金秀贤,邓紫棋经纪人暗讽金秀贤不红,0
经纪人,莫雷,韦弗,韦弗经纪人控诉莫雷绝情,0
经纪人,吴卓羲,李晨,张馨予约会李晨经纪人证实与吴卓羲分手,0
