绯闻女友,朴信惠,张根硕,漂亮男人张根硕绯闻女友朴信惠林允儿大曝光,1
绯闻女友,福原爱,潘晓婷,绯闻女友赵婷婷赵薇潘晓婷福原爱谁靠谱,0
绯闻女友,侯佩岑,蔡依林,蔡依林侯佩岑等历任绯闻女友衣品PK,0
绯闻女友,关之琳,张韶涵,霍建华绯闻女友关之琳张韶涵林心如陈乔恩叶璇唐嫣张馨予,0
绯闻女友,金秀贤,多达,韩国男神金秀贤是“花花公子”绯闻女友多达五位,0
绯闻女友,巩新亮,郎朗,郎朗绯闻女友巩新亮素颜逛商场,1
绯闻女友,潘晓婷,赵薇,绯闻女友赵婷婷赵薇潘晓婷福原爱谁靠谱,0
绯闻女友,邓紫棋,金秀贤,金秀贤邓紫棋交往揭秘男神的真假绯闻女友,0
绯闻女友,张馨予,关之琳,霍建华绯闻女友关之琳张韶涵林心如陈乔恩叶璇唐嫣张馨予,0
绯闻女友,范冰冰,李治廷,李治廷不避嫌谈绯闻女友范冰冰,1
绯闻女友,王力宏,阿妹,王力宏不谈绯闻女友阿妹,1
绯闻女友,杨丞琳,吴映洁,绯闻女友鬼鬼吴映洁暗示王子喜欢年长的杨丞琳,0
绯闻女友,韩庚,童年,韩庚绯闻女友胡蝶童年照曝光,0
绯闻女友,郭富城,苟芸慧,郭富城绯闻女友谈苟芸慧曝肥,1
绯闻女友,陈坚红,许晴,陈坚红江珊许晴揭王志文绯闻女友(图),0
绯闻女友,金星,陈小春,网曝平安绯闻女友朱洁静被金星陈小春批人品差,0
绯闻女友,白龙王,林建岳,林建岳带绯闻女友送白龙王,0
绯闻女友,谢霆锋,谢婷婷,谢婷婷好奇打听谢霆锋新绯闻女友杨幂,0
绯闻女友,刘玉丹,田亮,田亮绯闻女友刘玉丹终曝光,1
绯闻女友,朱洁静,陈小春,网曝平安绯闻女友朱洁静被金星陈小春批人品差,0
绯闻女友,李敏镐,朴敏英,揭李敏镐与绯闻女友朴信惠朴敏英,1
绯闻女友,范冰冰,阿朵,柳岩阿朵范冰冰马诺从男人装走出的绯闻女友们(组图),0
绯闻女友,马诺,柳岩,柳岩阿朵范冰冰马诺从男人装走出的绯闻女友们,0
绯闻女友,刘诗诗,安以轩,刘亦菲刘诗诗唐嫣安以轩胡歌绯闻女友盘点,0
绯闻女友,魏蔓,大开,陈晓东绯闻女友魏蔓尺度大开,0
绯闻女友,昆凌,康熙,周杰伦绯闻女友昆凌以私人理由"大胆"临退康熙通告,0
绯闻女友,李沁,林申,《守看的天空》林申绯闻女友李沁,1
绯闻女友,汪小敏,吴克群,曝吴克群绯闻女友汪小敏,1
绯闻女友,金莎,王珞丹,王珞丹徐静蕾金莎绯闻女友,0
绯闻女友,中国,丁丁,中国好声音导师杨坤携绯闻女友丁丁宁波献唱(图),0
绯闻女友,李多海,李菲儿,绯闻女友李菲儿李多海揭秘,0
绯闻女友,林允儿,宋茜,尼坤绯闻女友宋茜林允儿大PK,0
绯闻女友,舒淇,张震,昔日绯闻女友舒淇现身张震婚宴,1
绯闻女友,巩俐,丁嘉丽,巩俐丁嘉丽左小青绯闻女友一堆,0
绯闻女友,龟梨和也,福山,日媒曝龟梨和也赤西仁因福山绯闻女友反目,0
绯闻女友,王丽,刘翔,刘翔携绯闻女友王丽香港血拼豪掷十万,1
绯闻女友,范冰冰,周迅,绯闻女友牛萌萌范冰冰李小璐周迅,0
绯闻女友,李馨雨,孙红雷,巩俐李馨雨陈小艺扒一扒孙红雷昔日绯闻女友,1
绯闻女友,黄伊汶,余文乐,余文乐与绯闻女友黄伊汶出席马伟豪婚宴,1
绯闻女友,李娜英,宋茜,元彬绯闻女友李娜英“撞脸”宋茜对比照惊人,0
绯闻女友,周渝民,喻虹渊,周渝民与绯闻女友喻虹渊疑同居,1
绯闻女友,李娜英,元彬,元彬绯闻女友李娜英“撞脸”宋茜对比照惊人,1
绯闻女友,许颂,刘谦,刘谦“绯闻女友”许颂经纪人发声明要清白,1
绯闻女友,潘晓婷,丁俊晖,潘晓婷领衔丁俊晖六大绯闻女友,1
绯闻女友,家人,何韵诗,何韵诗视绯闻女友为家人,0
绯闻女友,小龙女,赵丽颖,绯闻女友赵丽颖或演小龙女,0
绯闻女友,岑洁仪,陶喆,陶喆绯闻女友岑洁仪收恐吓短信,1
绯闻女友,易建联,荆灵,易建联绯闻女友荆灵照片,1
绯闻女友,苗圃,李亚鹏,李亚鹏绯闻女友苗圃疑怀孕,1
绯闻女友,元彬,宋茜,元彬绯闻女友李娜英“撞脸”宋茜对比照惊人,0
绯闻女友,周迅,林心如,林心如周迅张雨绮曾被传绯闻女友,0
绯闻女友,林熙蕾,吴亚馨,揭绯闻女友吴亚馨林熙蕾蒋蕙筠情史,0
绯闻女友,阿布,朱科娃,阿布绯闻女友朱科娃,1
绯闻女友,林允儿,朴信惠,绯闻女友朴信惠文根英林允儿大曝光,0
绯闻女友,梁朝伟,周嘉玲,梁朝伟前绯闻女友周嘉玲12日做妈妈,1
绯闻女友,秦岚,安以轩,秦岚刘亦菲安以轩绯闻女友谁是真,0
绯闻女友,韩庚,春光,韩庚绯闻女友江铠同大意露春光/图,0
绯闻女友,应采儿,李菲儿,李菲儿秦岚应采儿绯闻女友挨个数,0
绯闻女友,李格格,王小康,李格格首度牵手王小康《绯闻女友》是李晟的下属和闺蜜,0
绯闻女友,张馨予,叶璇,霍建华绯闻女友关之琳张韶涵林心如陈乔恩叶璇唐嫣张馨予,0
绯闻女友,陈小春,张柏芝,陈小春七位数酬劳和绯闻女友张柏芝拍广告,1
绯闻女友,萧亚轩,吴宗宪,萧亚轩赵又廷等明星为吴宗宪绯闻女友庆生,0
绯闻女友,冯绍峰,安以轩,杨幂安以轩领衔冯绍峰绯闻女友阵容(图),1
绯闻女友,余文乐,谢天华,余文乐绯闻女友再传令谢天华妻自杀,0
绯闻女友,林心如,陈乔恩,霍建华绯闻女友关之琳张韶涵林心如陈乔恩叶璇唐嫣张馨予,0
绯闻女友,大牌,莫文蔚,冯德伦大牌绯闻女友之莫文蔚,0
绯闻女友,周杰伦,康熙,周杰伦绯闻女友昆凌以私人理由"大胆"临退康熙通告,0
绯闻女友,徐冬冬,林书豪,林书豪绯闻女友徐冬冬泰国海边人鱼写真大片,1
绯闻女友,秦岚,黄晓明,秦岚应采儿赵薇揭黄晓明绯闻女友,1
绯闻女友,陈冠希,钟欣桐,陈冠希绯闻女友钟欣桐精美壁纸,1
绯闻女友,杨幂,冯绍峰,冯绍峰绯闻女友杨幂安以轩竞相为冯绍峰倪妮拍照,1
绯闻女友,罗志祥,柯震东,曝柯震东恋上罗志祥绯闻女友李毓芬,0
绯闻女友,刘德华,朱丽倩,刘德华绯闻女友朱丽倩疑遭偷拍,1
绯闻女友,巩俐,左小青,巩俐丁嘉丽左小青绯闻女友一堆,0
绯闻女友,朴树,周迅,朴树与绯闻女友周迅合作不避嫌,1
绯闻女友,安志杰,谢婷婷,安志杰赞绯闻女友谢婷婷漂亮有味道(图),1
绯闻女友,高达,房祖名,夜店王房祖名绯闻女友高达14个,0
绯闻女友,周杰伦,罗康妮,周杰伦打球绯闻女友罗康妮相随,1
绯闻女友,刘诗诗,胡歌,刘亦菲刘诗诗唐嫣安以轩胡歌绯闻女友盘点,1
绯闻女友,孙杨,莫西,揭秘孙杨绯闻女友莫西,1
绯闻女友,全智贤,裴秀智,金秀贤真假绯闻女友裴秀智全智贤朴宝英含恩静,0
绯闻女友,周杰伦,潘玮柏,潘玮柏为周杰伦前绯闻女友夜店埋单4万,0
绯闻女友,朱茵,崔健,崔健绯闻女友私照极为妖艳撞脸朱茵,0
绯闻女友,池贤宇,刘仁娜,揭绯闻女友刘仁娜池贤宇分手原因,1
绯闻女友,戴佩妮,薛凯琪,谢婷婷薛凯琪戴佩妮绯闻女友都火辣,0
绯闻女友,苏子贤,房祖名,房祖名绯闻女友苏子贤险遭迷奸,1
绯闻女友,程颖婕,柯震东,柯震东绯闻女友程颖婕私照曝光,1
绯闻女友,裴秀智,全智贤,裴秀智恩静全智贤韩佳人盘点金秀贤5任绯闻女友,0
绯闻女友,古丽娜,张翰,郑爽古丽娜扎张帆张翰三大绯闻女友大揭秘,1
绯闻女友,应采儿,秦岚,李菲儿秦岚应采儿绯闻女友挨个数,0
绯闻女友,李泽楷,张艺谋,李泽楷一亿请张艺谋欲捧绯闻女友,0
绯闻女友,刘芸,胡可,黄晓明绯闻女友秦岚胡可刘芸应采儿,0
绯闻女友,安以轩,胡歌,刘亦菲刘诗诗唐嫣安以轩胡歌绯闻女友盘点,1
绯闻女友,林心如,叶璇,霍建华绯闻女友关之琳张韶涵林心如陈乔恩叶璇唐嫣张馨予,0
绯闻女友,杨千霈,霍启人,霍启人绯闻女友杨千霈约会小眼睛肌肉型男(图),1
绯闻女友,李秉宪,孔侑,李秉宪绯闻女友与孔侑出演荧幕情侣,0
绯闻女友,言承旭,郭婷婷,言承旭前绯闻女友郭婷婷被爆在居酒屋打工,1
绯闻女友,王珂,王烁,曝京城四少汪小菲汪雨王烁王珂的绯闻女友,0
绯闻女友,宋新妮,吴宗宪,吴宗宪否认夜会绯闻女友宋新妮,1
绯闻女友,山下智久,长谷川润,山下智久绯闻女友名模长谷川润恋上中国富豪,1
绯闻女友,霍启山,郭晶晶,霍启山绯闻女友祝郭晶晶孩子健康,0
绯闻女友,丁嘉丽,左小青,巩俐丁嘉丽左小青绯闻女友一堆,0
绯闻女友,薛明,刘翔,刘翔绯闻女友薛明组图,1
绯闻女友,余文乐,朱孝天,余文乐又泡上朱孝天“绯闻女友”,0
绯闻女友,朱丹,胡歌,胡歌祝福前绯闻女友朱丹找到真爱,1
绯闻女友,乐基儿,黎明,黎明的绯闻女友－性感小猫乐基儿,1
绯闻女友,王珞丹,徐静蕾,王珞丹徐静蕾金莎绯闻女友,0
绯闻女友,林峰,吴千语,林峰开唱绯闻女友吴千语捧场,1
绯闻女友,朴宝英,全智贤,绯闻女友秀智恩全智贤静朴宝英韩佳,0
绯闻女友,关淑怡,曾志伟,曾志伟绯闻女友关淑怡复出,1
绯闻女友,倪妮,冯绍峰,冯绍峰绯闻女友杨幂安以轩竞相为冯绍峰倪妮拍照,0
绯闻女友,黄牙,刘翔,刘翔绯闻女友露黄牙,0
绯闻女友,陈冠希,孟茜,陈冠希绯闻女友孟茜博,1
绯闻女友,赵又廷,明星,赵又廷等明星为吴宗宪绯闻女友庆生,0
绯闻女友,陈豪,萧正楠,爆陈豪绯闻女友被萧正楠追,0
绯闻女友,贾静雯,黄磊,刘若英贾静雯伊能静扒一扒黄磊绯闻女友,1
绯闻女友,赵卓娜,韩寒,韩寒七夕带绯闻女友赵卓娜会友,1
绯闻女友,刘芸,秦岚,黄晓明绯闻女友秦岚胡可刘芸应采儿,0
绯闻女友,鲁斯,阿泰,皮特鲁斯挺阿泰绯闻女友,0
绯闻女友,应采儿,黄晓明,秦岚应采儿赵薇揭黄晓明绯闻女友(图),1
绯闻女友,林文龙,董维嘉,林文龙绯闻女友董维嘉写真,1
绯闻女友,赵丽颖,李晟,陈晓绯闻女友赵丽颖pk李晟,0
绯闻女友,秦岚,赵薇,秦岚应采儿赵薇揭黄晓明绯闻女友,0
绯闻女友,黄幻,崔健,崔健25岁绯闻女友黄幻私照曝光,1
绯闻女友,邓紫棋,金鱼,金秀贤绯闻女友与邓紫棋金鱼嘴唤神龙（组图）,0
绯闻女友,潘霜霜,林峰,林峰绯闻女友“鬼材”潘霜霜,1
绯闻女友,舒淇,冯德伦,徐若瑄相约舒淇吃拉面同为冯德伦绯闻女友(图),1
绯闻女友,王子,杨丞琳,王子避谈绯闻女友杨丞琳,1
绯闻女友,钟鹿纯,刘晓宇,刘晓宇绯闻女友钟鹿纯观战,1
绯闻女友,谢楠,吴京,吴京与绯闻女友谢楠车内激吻,1
绯闻女友,何润东,徐熙媛,何润东约定绯闻女友徐熙媛,1
绯闻女友,孙悦,陆毅,孙悦绯闻女友张如意与陆毅亲密合照曝光,0
绯闻女友,廖碧儿,赵彤,廖碧儿男友林忠豪劈腿霍启刚绯闻女友赵彤,0
绯闻女友,王励勤,潘晓婷,赵薇潘晓婷领王励勤绯闻女友团,1
绯闻女友,韩佳,智恩,绯闻女友秀智恩全智贤静朴宝英韩佳,0
绯闻女友,胡可,秦岚,黄晓明绯闻女友秦岚胡可刘芸应采儿,0
绯闻女友,保剑锋,何珈好,保剑锋绯闻女友何珈好最新写真,1
绯闻女友,周杰伦,花仙子,周杰伦绯闻女友昆凌扮花仙子,0
绯闻女友,萧亚轩,明星,萧亚轩赵又廷等明星为吴宗宪绯闻女友庆生,0
绯闻女友,于港妹,刘翔,刘翔绯闻女友于港妹与男模贴身肉搏,1
绯闻女友,谢婷婷,李颖,谢婷婷李颖芝绯闻女友火辣（13）,0
绯闻女友,李奈英,金喜善,黎明新绯闻女友李奈英广告价格远超金喜善,0
绯闻女友,金莎,范冰冰,金莎范冰冰绯闻女友揭秘－明星娱乐八卦新闻－齐鲁晚报网,0
绯闻女友,王澄清,阿宝,阿宝绯闻女友登《歌声传奇》王中王澄清传言,0
绯闻女友,倪妮,安以轩,冯绍峰绯闻女友杨幂安以轩竞相为冯绍峰倪妮拍照,0
绯闻女友,侯诗辰,黄晓明,黄晓明绯闻女友侯诗辰,1
绯闻女友,张默,张国立,张国立之子张默7大绯闻女友逐个开扒,0
绯闻女友,黄晓明,王菲,黄晓明绯闻女友学王菲发“处女声”博出位,0
绯闻女友,郑爽,张翰,张翰力挺绯闻女友郑爽没整容,1
绯闻女友,阿杜,金莎,阿杜绯闻女友金莎来京发碟,1
绯闻女友,韩佳人,智恩,现实生活“花花公子”绯闻女友全智贤秀智恩静朴宝英韩佳人均在列图片频道,0
绯闻女友,黄晓明,风花雪月,黄晓明牵手绯闻女友深圳大玩“风花雪月”滚动频道,0
绯闻女友,娄艺潇,陈乔恩,陈乔恩林心如娄艺潇绯闻女友盘点,0
绯闻女友,关智斌,卫兰,关智斌不顾新绯闻女友卫兰,1
绯闻女友,中国,王石,《中国合伙人》王石绯闻女友田朴珺客串,0
绯闻女友,倪震,周慧敏,绯闻女友姚乐碧嘲倪震配不上周慧敏,0
绯闻女友,黄晓明,白恋,黄晓明绯闻女友白歆惠淡然回应“黄白恋”(图),0
绯闻女友,王海珍,张艺谋,张艺谋绯闻女友王海珍走天桥春光乍泄,1
绯闻女友,谈笑,叶璇,田亮与绯闻女友叶璇亲密谈笑,0
绯闻女友,姚明,易建联,前易建联绯闻女友挺姚明,0
绯闻女友,谢霆锋,杨幂,谢婷婷好奇打听谢霆锋新绯闻女友杨幂,1
绯闻女友,刘诗诗,唐嫣,刘亦菲刘诗诗唐嫣安以轩胡歌绯闻女友盘点,0
绯闻女友,郭富城,王力宏,郭富城绯闻女友晒与王力宏合照遭炮轰,0
绯闻女友,倪敏然,夏祎,倪敏然自杀绯闻女友夏祎难以相信,1
绯闻女友,李菲儿,唐嫣,唐嫣李沁李菲儿绯闻女友盘点(2),0
绯闻女友,张雨绮,周迅,林心如周迅张雨绮曾被传绯闻女友,0
绯闻女友,刘嘉玲,刘翔,刘翔绯闻女友助威刘嘉玲,0
绯闻女友,王励勤,刘彦池,王励勤绯闻女友刘彦池雷人私房照遭曝光(图),1
绯闻女友,赵普,李蜜,赵普绯闻女友李蜜长裙露美腿,1
绯闻女友,陈小艺,孙红雷,巩俐李馨雨陈小艺扒一扒孙红雷昔日绯闻女友,1
绯闻女友,余文乐,王璐瑶,余文乐绯闻女友王璐瑶穿内衣卖写真(图),1
绯闻女友,杨坤,丁丁,杨坤亲密携绯闻女友丁丁,1
绯闻女友,巩俐,李馨雨,巩俐李馨雨陈小艺扒一扒孙红雷昔日绯闻女友,0
绯闻女友,张柏芝,阿娇,张柏芝阿娇历届绯闻女友发展现状,0
绯闻女友,陈坚红,江珊,陈坚红江珊许晴揭王志文绯闻女友,0
绯闻女友,李小璐,王珞丹,王珞丹李小璐韩庚绯闻女友盘点,0
绯闻女友,郝蕾,安以轩,安以轩郝蕾殷桃盘点昔日绯闻女友,0
绯闻女友,马诺,阿朵,柳岩阿朵范冰冰马诺从男人装走出的绯闻女友们(组图),0
绯闻女友,王子,哈里王子,哈里王子绯闻女友纳塔莉,0
绯闻女友,马德钟,佘诗曼,马德钟与绯闻女友佘诗曼同场聚餐,1
绯闻女友,福原爱,赵婷婷,绯闻女友赵婷婷赵薇潘晓婷福原爱谁靠谱,0
绯闻女友,林心如,唐嫣,霍建华绯闻女友关之琳张韶涵林心如陈乔恩叶璇唐嫣张馨予,0
绯闻女友,米拉,中田英寿,中田英寿绯闻女友米拉,1
绯闻女友,姚明,陈楠,陈楠PK姚明绯闻女友,0
绯闻女友,吴卓羲,屠夫,花旦屠夫吴卓羲十大绯闻女友,0
绯闻女友,关之琳,叶璇,霍建华绯闻女友关之琳张韶涵林心如陈乔恩叶璇唐嫣张馨予,0
绯闻女友,王怡仁,满意,绯闻女友王怡仁老爸恐怕不满意,0
绯闻女友,陈豪,佘诗曼,陈豪短信慰问绯闻女友佘诗曼,1
绯闻女友,韩佳人,裴秀智,裴秀智恩静全智贤韩佳人盘点金秀贤5任绯闻女友,0
绯闻女友,熊倪,叶璇,熊倪绯闻女友叶璇,1
绯闻女友,关楚耀,卫诗,关楚耀打电话给绯闻女友卫诗,1
绯闻女友,张馨予,张韶涵,霍建华绯闻女友关之琳张韶涵林心如陈乔恩叶璇唐嫣张馨予,0
绯闻女友,张默,樊蕊,张默绯闻女友樊蕊,1
绯闻女友,刘亦菲,刘诗诗,刘亦菲刘诗诗唐嫣安以轩胡歌绯闻女友盘点,0
绯闻女友,周冬雨,刘翔,刘翔绯闻女友张梓琳露肩PK周冬雨透视露底裤装,0
绯闻女友,郑中基,侧田,郑中基侧田开唱绯闻女友齐缺席,0
绯闻女友,胡可,白芸,胡可传是沙溢和绯闻女友白芸的第三者,0
绯闻女友,林志玲,封波,言承旭绯闻女友林志玲身材火辣获封波神,0
绯闻女友,可乐,陈小春,陈小春七位数酬劳和绯闻女友拍可乐广告,0
绯闻女友,林峰,刘俐,林峰前绯闻女友刘俐卷入性丑闻,1
绯闻女友,白举纲,何炅,何炅白举纲快男好友齐祝福绯闻女友全曝光,0
绯闻女友,赵又廷,吴宗宪,赵又廷等明星为吴宗宪绯闻女友庆生,0
绯闻女友,陈晓,李晟,陈晓绯闻女友赵丽颖pk李晟,0
绯闻女友,杨幂,谢婷婷,谢婷婷好奇打听谢霆锋新绯闻女友杨幂,0
绯闻女友,张梓琳,刘翔,刘翔绯闻女友张梓琳白裙亮相美艳,1
绯闻女友,易建联,田亮,田亮走秀巧遇易建联绯闻女友,0
绯闻女友,李小璐,牛萌萌,绯闻女友牛萌萌范冰冰李小璐周迅,0
绯闻女友,陈乔恩,张韶涵,霍建华绯闻女友关之琳张韶涵林心如陈乔恩叶璇唐嫣张馨予,0
绯闻女友,王珂,汪小菲,曝京城四少汪小菲汪雨王烁王珂的绯闻女友,0
绯闻女友,古丽娜,郑爽,郑爽古丽娜扎张帆张翰三大绯闻女友大揭秘,0
绯闻女友,谢霆锋,家人,谢霆锋给家人及绯闻女友写公开信,0
绯闻女友,郭富城,房祖名,曝郭富城搭上房祖名绯闻女友,0
绯闻女友,陈文媛,陈冠希,陈冠希默认与绯闻女友陈文媛日本共度情人节(图),1
绯闻女友,王菲,汤唯,汤唯王菲绯闻女友遭起底,0
绯闻女友,贾静雯,伊能静,刘若英贾静雯伊能静扒一扒黄磊绯闻女友,0
绯闻女友,古丽娜,张帆,郑爽古丽娜扎张帆张翰三大绯闻女友大揭秘,0
绯闻女友,赵又廷,何润东,传赵又廷前绯闻女友移恋何润东,0
绯闻女友,黄伊汶,马伟豪,余文乐与绯闻女友黄伊汶出席马伟豪婚宴,0
绯闻女友,徐若瑄,冯德伦,莫文蔚与冯德伦绯闻女友徐若瑄同台不尴尬,1
绯闻女友,飞人,刘翔,飞人刘翔绯闻女友盘点,0
绯闻女友,杨幂,安以轩,冯绍峰绯闻女友杨幂安以轩竞相为冯绍峰倪妮拍照,0
绯闻女友,智恩,全智贤,绯闻女友秀智恩全智贤静朴宝英韩佳,0
绯闻女友,陈乔恩,唐嫣,霍建华绯闻女友关之琳张韶涵林心如陈乔恩叶璇唐嫣张馨予,0
绯闻女友,陈小艺,李馨雨,巩俐李馨雨陈小艺扒一扒孙红雷昔日绯闻女友,0
绯闻女友,孙红雷,左小青,孙红雷与陈道明绯闻女友左小青,0
绯闻女友,邓丽欣,陈冠希,陈冠希绯闻女友邓丽欣,1
绯闻女友,姜银,黄觉,黄觉绯闻女友姜银,1
绯闻女友,刘芸,黄晓明,黄晓明绯闻女友秦岚胡可刘芸应采儿,1
绯闻女友,裴秀智,朴宝英,全智贤裴秀智朴宝英含恩静金秀贤的真假绯闻女友,0
绯闻女友,陈乔恩,关之琳,霍建华绯闻女友关之琳张韶涵林心如陈乔恩叶璇唐嫣张馨予,0
绯闻女友,韩佳人,金秀贤,全智贤秀智韩佳人扒一扒金秀贤的绯闻女友,1
绯闻女友,袁成杰,戚薇,袁成杰与绯闻女友戚薇合作,1
绯闻女友,刘诗诗,徐若瑄,吴奇隆绯闻女友刘诗诗徐若瑄,0
绯闻女友,王励勤,赵婷婷,王励勤绯闻女友赵婷婷生活照,1
绯闻女友,李颖,房祖名,房祖名绯闻女友李颖芝,0
绯闻女友,秦岚,李菲儿,李菲儿秦岚应采儿绯闻女友挨个数,0
绯闻女友,黄磊,刘若英,刘若英贾静雯伊能静扒一扒黄磊绯闻女友,1
绯闻女友,倪睿思,罗中旭,罗中旭与绯闻女友倪睿思献技《舞林大会》,1
绯闻女友,张韶涵,叶璇,霍建华绯闻女友关之琳张韶涵林心如陈乔恩叶璇唐嫣张馨予,0
绯闻女友,陈冠希,何佩瑜,陈冠希绯闻女友何佩瑜亮相闹市,1
绯闻女友,林允儿,文根英,绯闻女友朴信惠文根英林允儿大曝光,0
绯闻女友,伊能静,刘若英,刘若英贾静雯伊能静扒一扒黄磊绯闻女友,0
绯闻女友,霍汶希,房祖名,霍汶希否认房祖名绯闻女友洛诗涉“房东案”,0
绯闻女友,周杰伦,昆凌,周杰伦绯闻女友昆凌以私人理由"大胆"临退康熙通告,1
绯闻女友,秦岚,刘亦菲,秦岚刘亦菲安以轩绯闻女友谁是真,0
绯闻女友,魏骏杰,向海岚,成龙魏骏杰绯闻女友向海岚美艳写真,1
绯闻女友,林允儿,张根硕,张根硕绯闻女友林允儿朴信惠吸睛配饰大比拼,1
绯闻女友,裴秀智,金秀贤,金秀贤真假绯闻女友裴秀智全智贤朴宝英含恩静,1
绯闻女友,唐嫣,胡歌,刘亦菲刘诗诗唐嫣安以轩胡歌绯闻女友盘点,1
绯闻女友,戴佩妮,谢婷婷,谢婷婷薛凯琪戴佩妮绯闻女友都火辣,0
绯闻女友,郜林,朱骏,朱骏海选游戏代言人郜林绯闻女友成热门,0
绯闻女友,吕婉柔,汪小菲,汪小菲绯闻女友吕婉柔丢失手机,1
绯闻女友,王力宏,林筱筠,曝林筱筠系王力宏绯闻女友,1
绯闻女友,张梓琳,大开,刘翔绯闻女友张梓琳胸口大开,0
绯闻女友,刘浩龙,容祖儿,容祖儿与刘浩龙绯闻女友同台,0
绯闻女友,全智贤,朴宝英,金秀贤真假绯闻女友裴秀智全智贤朴宝英含恩静,0
绯闻女友,谢霆锋,赵学而,谢霆锋绯闻女友赵学而26日出嫁,1
绯闻女友,吴宗宪,明星,赵又廷等明星为吴宗宪绯闻女友庆生(图),0
绯闻女友,刘亦菲,唐嫣,刘亦菲刘诗诗唐嫣安以轩胡歌绯闻女友盘点,0
绯闻女友,陈冠希,谢芷蕙,陈冠希绯闻女友谢芷蕙爆大尺度写真曝光,1
绯闻女友,古力娜扎,郑爽,张翰绯闻女友古力娜扎与旧爱郑爽美妆pk,0
绯闻女友,李秉宪,李敏贞,李秉宪绯闻女友李敏贞新剧台词练习现场,1
绯闻女友,郭富城,熊黛林,郭富城谈及绯闻女友熊黛林打哈哈,1
绯闻女友,薛凯琪,房祖名,房祖名带萧亚轩见家长撇下绯闻女友薛凯琪,1
绯闻女友,徐若瑄,罗志祥,台湾罗志祥绯闻女友“小徐若瑄”的清纯搭配,0
绯闻女友,周杰伦,上海,周杰伦绯闻女友昆凌亮相上海,0
绯闻女友,应采儿,赵薇,秦岚应采儿赵薇揭黄晓明绯闻女友,0
绯闻女友,张国荣,翁静晶,翁静晶曾是张国荣绯闻女友,1
绯闻女友,余文乐,马伟豪,余文乐与绯闻女友黄伊汶出席马伟豪婚宴,0
绯闻女友,王颖,王思聪,王思聪绯闻女友王颖性感照曝光,1
绯闻女友,张梓琳,周冬雨,刘翔绯闻女友张梓琳露肩PK周冬雨透视露底裤装,0
绯闻女友,胡可,黄晓明,黄晓明绯闻女友秦岚胡可刘芸应采儿,1
绯闻女友,金莎,林俊杰,林俊杰贴身配饰现绯闻女友金莎身上,1
绯闻女友,陈乔恩,张馨予,霍建华绯闻女友关之琳张韶涵林心如陈乔恩叶璇唐嫣张馨予,0
绯闻女友,汤镇宗,董维嘉,《我的绯闻女友》董维嘉汤镇宗演爱情风暴|董维嘉|汤镇宗|我的绯闻女友,0
绯闻女友,赵云,何韵诗,何韵诗绯闻女友何九云女版《三国》饰赵云,0
绯闻女友,黄晓明,赵薇,细数黄晓明9大绯闻女友赵薇秦岚等,1
绯闻女友,刘芸,应采儿,黄晓明绯闻女友秦岚胡可刘芸应采儿,0
绯闻女友,莫文蔚,周星驰,绯闻女友莫文蔚张柏芝甘为周星驰变"猛男",1
绯闻女友,林峰,陈嘉桓,林峰绯闻女友陈嘉桓遭陈浩民揩油,1
绯闻女友,王希怡,刘谦,刘谦被绯闻女友王希怡接机遭拍,1
绯闻女友,马诺,范冰冰,柳岩阿朵范冰冰马诺从男人装走出的绯闻女友们(组图),0
