翻版,本色,张柏芝,熟人曝光翻版"张柏芝"贡米本色,0
翻版,陈敏之,汤唯,现翻版汤唯金喜善陈敏之,0
翻版,谢霆锋,何超莲,翻版谢霆锋欲勾赌王女儿何超莲,0
翻版,张馨予,翁虹,惊现翻版张馨予熊黛林翁虹,0
翻版,伊人,胡军,挽翻版胡军小鸟伊人,0
翻版,林志玲,范冰冰,细数翻版范冰冰林志玲杨幂,0
翻版,张曼玉,阮玲玉,影后张曼玉翻版默片嘉宝阮玲玉,0
翻版,阿西克,安德森,阿西克或成安德森翻版,1
翻版,钟楚红,黎明,钟楚红上海密会“翻版黎明”,0
翻版,乔治,林书豪,乔治或成林书豪翻版,0
翻版,杨臣刚,李羲儿,李羲儿PK"翻版杨臣刚",0
翻版,薛凯琪,房祖名,房祖名否认恋上翻版薛凯琪,0
翻版,阿德,高健,高健庆祝动作翻版阿德经典,0
翻版,宋丹丹,周星驰,冯小刚追着默剧达人要电话周星驰助手邀戏翻版宋丹丹,0
翻版,陶虹,童瑶,翻版陶虹童瑶最神似,1
翻版,龚琳娜,乐嘉,乐嘉似龚琳娜翻版,1
翻版,熊黛林,翁虹,惊现翻版张馨予熊黛林翁虹,0
翻版,李易峰,王宝强,李易峰翻版王宝强,1
翻版,廖碧儿,藤原纪香,“翻版藤原纪香”廖碧儿嫌陈豪太穷最爱田亮,1
翻版,小燕子,赵薇,赵薇发合影祝女儿生日小四月如翻版小燕子,0
翻版,蔡依林,锦荣,蔡依林男友锦荣似翻版费翔,0
翻版,林志玲,成就,翻版林志玲成就最美showgirl,0
翻版,魏晨,小沈阳,翻版刘诗诗小沈阳魏晨,0
翻版,窦骁,周冬雨,传窦骁与翻版周冬雨相恋,0
翻版,周韵,胡歌,胡歌邀“翻版周韵”泡吧,0
翻版,陈坤,罗志祥,翻版“罗志祥”“陈坤”走红,0
翻版,张国荣,辛晓琪,翻版张国荣辛晓琪再聚首,0
翻版,杨若惜,贡米,贡米杨若惜翻版张柏芝,0
翻版,范冰冰,汤唯,翻版范冰冰汤唯驾到,0
翻版,王宝强,范冰冰,翻版王宝强文章范冰冰又出新版本,0
翻版,张柏芝,春光,“翻版张柏芝”底裤展春光,0
翻版,白娘子,潘长江,潘长江女儿演绎翻版白娘子,0
翻版,吉泽明步,邓丽欣,翻版邓丽欣吉泽明步开微博晒靓照,1
翻版,甘露,明星,甘露慕羽茜图揭翻版替身明星,0
翻版,米尔扎,林陶,李娜米尔扎翻版林陶之争,0
翻版,李晓东,刘战,李晓东称丁刘战翻版张王,0
翻版,黄健翔,牛群,翻版黄健翔嘶吼激怒牛群,0
翻版,于谦,郭德纲,郭德纲见翻版"于谦"无奈,0
翻版,红娘子,满意,信鹏满意《红娘子》获赞翻版"关宏达""韩兰根",0
翻版,霍思燕,范冰冰,翻版范冰冰李英爱童瑶霍思燕,0
翻版,景甜,牛萌萌,景甜张萌美人脸牛萌萌翻版张曼玉,0
翻版,谢霆锋,张柏芝,看巩俐张柏芝范冰冰谢霆锋翻版,0
翻版,陆贞,赵丽颖,赵丽颖现实是翻版陆贞传奇,0
翻版,林志颖,明星,林志颖妹妹是其翻版明星家人瞬间让人傻眼,0
翻版,张柏芝,刘诗诗,艺考翻版"刘诗诗张柏芝"走红,0
翻版,惠家康,雷永驰,惠家康雷永驰成周海滨翻版,0
翻版,刘亦菲,刘诗诗,翻版刘诗诗刘亦菲小沈阳,0
翻版,安志杰,谢婷婷,安志杰与翻版谢婷婷做瑜伽,0
翻版,李小璐,刘诗诗,林娜冰慕羽茜翻版PK原版刘诗诗李小璐（组图）,0
翻版,家人,明星,林志颖妹妹是其翻版明星家人瞬间让人傻眼,0
翻版,吴卓羲,张馨予,张馨予被爆与吴卓羲上演翻版“峰霜恋”,0
翻版,张萌,张曼玉,景甜张萌美人脸牛萌萌翻版张曼玉,0
翻版,吴莫愁,李嘉,“翻版吴莫愁”李嘉格正做客,0
翻版,罗大佑,李宗盛,翻版李宗盛罗大佑周华健同台,0
翻版,李敏镐,金秀贤,翻版“金秀贤”“李敏镐”走红荧屏,0
翻版,贝肯鲍尔,战神,独臂战神翻版贝肯鲍尔,0
翻版,黄渤,刘烨,梅西扮刘烨谁翻版黄渤(组图),0
翻版,许晋亨,李嘉欣,李嘉欣称爱子酷似翻版许晋亨,0
翻版,谭望嵩,施连志,谭望嵩翻版施连志,1
翻版,成龙,陈坤,小龙女长大翻版成龙陈坤儿子生母是一线女星,0
翻版,劳尔,孙可,孙可激情庆祝翻版劳尔经典,0
翻版,阿泰,野兽,粉丝“翻版阿泰”竟惊到野兽,0
翻版,生母,成龙,小龙女长大翻版成龙陈坤儿子生母是一线女星,0
翻版,郑欣宜,沈殿霞,郑欣宜贺岁喜剧怀旧造型彷如翻版沈殿霞,1
翻版,韩庚,马伊琍,惊现翻版韩庚陈乔恩马伊琍,0
翻版,永嘉,药家鑫,网传温州永嘉“药家鑫翻版”案,0
翻版,郑元畅,周迅,郑元畅恋上翻版周迅,0
翻版,宋慧乔,倪丹洁,倪丹洁被称“翻版宋慧乔”,1
翻版,刘佳,范冰冰,翻版范冰冰刘佳窜红网络新闻频道,0
翻版,林娜冰,刘诗诗,林娜冰慕羽茜翻版PK原版刘诗诗李小璐,0
翻版,周杰伦,桂纶镁,新港姐十二强出炉“翻版桂纶镁”感谢周杰伦,0
翻版,曹格,罗绮,曹格翻版杨宗纬罗绮怀孕或退赛,0
翻版,王宝强,文章,翻版王宝强文章范冰冰又出新版本,0
翻版,高院,李昌奎,云南高院出“李昌奎案”翻版男子求爱遭拒,0
翻版,大叔,米勒,老米勒若来将成穆大叔翻版,0
翻版,吕方,蔡少芬,吕方夜店拥吻翻版蔡少芬,0
翻版,张震岳,李宗盛,翻版张震岳李宗盛罗大佑周华健同台,0
翻版,大威,海宁,大威爆冷不敌翻版海宁,0
翻版,罗琦,曹格,罗琦怀孕或退赛曹格翻版杨宗纬,0
翻版,夏琳,赵青楚,赵青楚非翻版夏琳,0
翻版,波尔蒂,王成,媒体担忧标王成波尔蒂翻版,0
翻版,乐基儿,冯德伦,扔下张雨绮冯德伦会翻版乐基儿,0
翻版,王宝强,杨幂,李易峰翻版王宝强侧颜丑杨幂五方脸,1
翻版,深田恭子,齐藤佑树,深田恭子否认与"翻版刘翔"齐藤佑树相恋,0
翻版,李宇春,贾宝玉,李宇春就是贾宝玉的女翻版,1
翻版,戴娇倩,张柏芝,戴娇倩似翻版张柏芝,1
翻版,邓卓翔,韩鹏,邓卓翔翻版韩鹏,1
翻版,雷庆瑶,大兵,《非诚勿扰》断臂天使雷庆瑶牵手翻版大兵,0
翻版,乐基儿,陈冠希,陈冠希对“翻版乐基儿”体贴(组图),0
翻版,安吉丽娜,周笔畅,翻版周笔畅安吉丽娜落马,0
翻版,柳岩,欧弟,柳岩欧弟翻版《非诚勿扰》,0
翻版,林志玲,林莉,林志玲暗批林莉做翻版,0
翻版,刘德华,杨钰莹,翻版杨钰莹刘德华PK,0
翻版,杜兰特,吉诺比利,翻版吉诺比利辅佐杜兰特,0
翻版,甄嬛,明星,《我不是明星》翻版甄嬛驾到咆哮帝马景涛现身140225,0
翻版,杨幂,周冬雨,翻版周冬雨杨幂竞艳,0
翻版,董洁,潘粤明,如翻版董洁潘粤明事件（4）,0
翻版,杨幂,胡恩绮,翻版杨幂川音校花胡恩绮泳装惊艳,1
翻版,吴卓羲,上海,带翻版吴卓羲甜蜜游上海(组图),0
翻版,潘霜霜,周韦彤,翻版周韦彤林志玲张柏芝潘霜霜,0
翻版,恬妞,李霄云,翻版李霄云恬妞和女儿幸福照曝光,0
翻版,韩兰根,信鹏,信鹏满意《红娘子》获赞翻版"关宏达""韩兰根",0
翻版,张柏芝,林青霞,少女张柏芝似林青霞的翻版,1
翻版,曾志伟,张柏芝,曾志伟被爆上海夜总会寻欢泡翻版“张柏芝”,0
翻版,马加爵,曾世杰,网友称曾世杰成翻版马加爵(视频图),1
翻版,巩俐,范冰冰,看巩俐张柏芝范冰冰谢霆锋翻版,0
翻版,佟丽娅,林熙蕾,翻版佟丽娅林熙蕾迷倒网友,0
翻版,郭晶晶,田亮,田亮新女友翻版郭晶晶,0
翻版,郭富城,阿浩,翻版郭富城竟遭阿浩泼冷水,0
翻版,韩庚,周冬雨,惊现翻版韩庚马伊琍周冬雨,0
翻版,邓丽君,田震,翻版李玟大秀《浮夸》田震自爆曾模仿邓丽君,0
翻版,王檄,古力,古力“翻版”世石首局王檄进决赛,0
翻版,林丹,王仪涵,王仪涵输给翻版林丹,0
翻版,周华健,李宗盛,翻版李宗盛罗大佑周华健同台,0
翻版,魏晨,李俊基,翻版魏晨周渝民李俊基,0
翻版,胡瓜,倪震,胡瓜“贱婿”为翻版倪震,0
翻版,杨宗纬,曹格,罗琦怀孕或退赛曹格翻版杨宗纬,1
翻版,杨幂,郭晶晶,翻版杨幂郭晶晶周冬雨抢眼,0
翻版,阎清,张柏芝,“翻版张柏芝”阎清身形走样,1
翻版,张萌,牛萌萌,景甜张萌美人脸牛萌萌翻版张曼玉,0
翻版,阿凡提,朱孝天,观众称朱孝天版楚留香似翻版阿凡提加菲猫,1
翻版,蔡依林,费翔,蔡依林男友似翻版费翔,0
翻版,中田英寿,徐子珊,徐子珊恋“翻版中田英寿”谢伟业,0
翻版,范冰冰,李英爱,翻版小陶虹童瑶范冰冰李英爱,0
翻版,小沈阳,宋丹丹,山寨赵本山小沈阳欲与翻版宋丹丹演小品《很差钱》,0
翻版,上海,曹议文,上海小姐“翻版周慧敏”曹议文初夏秀美腿,0
翻版,林峰,陆小凤,林峰被誉翻版陆小凤,1
翻版,周迅,范玮琪,翻版周迅钟丽缇范玮琪李小璐聚齐暴风天使,0
翻版,方大同,薛凯琪,薛凯琪弃房祖名方大同秘恋翻版阮经天,0
翻版,章子怡,莫海,章子怡闺蜜莫艳琳PK翻版袁姗姗莫海婧,0
翻版,成龙,小龙女,小龙女长大翻版成龙陈坤儿子生母是一线女星,1
翻版,陈超尉,陈冠希,“翻版陈冠希”陈超尉,1
翻版,韩红,杨钰莹,韩红赞其杨钰莹翻版,0
翻版,周秀娜,范冰冰,“翻版范冰冰”何佩瑜模仿周秀娜,0
翻版,高迪,李金羽,高迪翻版李金羽招牌进球,0
翻版,董洁,柳如是,冯绍峰《柳如是》缠“翻版董洁”万茜,0
翻版,林熙蕾,苟芸慧,苟芸慧被喻翻版林熙蕾,1
翻版,张国荣,梅艳芳,翻版梅艳芳张国荣惊喜同台,0
翻版,林志玲,倪萍,《魅力新主播》倪萍不满翻版"林志玲",0
翻版,张默,张国立,张默不惧被称“翻版张国立”,1
翻版,曾志伟,上海,曾志伟被爆上海夜总会寻欢泡翻版“张柏芝”,0
翻版,谢娜,甄嬛,谢娜“大咖秀”扮甄嬛遇翻版,0
翻版,陆毅,傅天骄,傅天骄成翻版陆毅,1
翻版,戴军,李琳,李琳戴军翻版《非诚勿扰》,0
翻版,郭羡妮,林峰,郭羡妮娇擒翻版林峰,0
翻版,刘日曦,木村拓哉,吓坏翻版木村拓哉刘日曦(图),1
翻版,胡军,汤唯,胡军酒店夜会翻版汤唯1小时,0
翻版,陈乔恩,马伊琍,惊现翻版韩庚陈乔恩马伊琍,0
翻版,袁姗姗,章子怡,章子怡闺蜜莫艳琳PK翻版袁姗姗莫海婧,0
翻版,上海,冯德伦,冯德伦上海密会翻版“乐基儿”,0
翻版,邱士楷,言承旭,似与言承旭邱士楷三角恋翻版,0
翻版,张柏芝,汤唯,翻版汤唯张柏芝全到齐,0
翻版,关之琳,李嘉欣,关之琳前男友黄家诺约会翻版李嘉欣被撞破,0
翻版,张柏芝,苏珊大妈,从“苏珊大妈”到翻版张柏芝看“变味”的选秀,0
翻版,国安,欧冠,绿城战国安成欧冠决赛翻版,0
翻版,黄晓明,梁山,翻版黄晓明现身山东卫视《闯关上梁山》,0
翻版,阮经天,方大同,薛凯琪弃房祖名方大同秘恋翻版阮经天,0
翻版,谢娜,杨幂,张歆艺谢娜成翻版杨幂,1
翻版,金喜善,汤唯,今年港姐被赞质量高复试现翻版汤唯包面金喜善新闻频道,0
翻版,霍思燕,童瑶,翻版范冰冰李英爱童瑶霍思燕,0
翻版,王宝强,包贝尔,电影《一路顺疯》陈思诚包贝尔塑造翻版徐峥王宝强,0
翻版,刘德华,喻可欣,喻可欣恋上“翻版刘德华”,0
翻版,贝克汉姆,终结者,《终结者2018》翻版贝克汉姆鲁尼拯救世界,0
翻版,林志玲,刘翔,“翻版林志玲”登奥运航班做梦都想见到刘翔,0
翻版,陈冠希,廖碧儿,廖碧儿搭翻版陈冠希,0
翻版,鲁尼,终结者,《终结者2018》翻版贝克汉姆鲁尼拯救世界,0
翻版,张小五,金三顺,《张小五》疑似翻版金三顺,0
翻版,陈永馨,沈佳宜,“翻版沈佳宜”陈永馨好声音3走红,1
翻版,马伊琍,文章,李心洁原谅丈夫彭顺出轨翻版马伊琍文章,0
翻版,莫艳琳,袁姗姗,翻版袁姗姗莫艳琳疑似炒作自己,0
翻版,张馨予,熊黛林,惊现翻版张馨予熊黛林翁虹,0
翻版,劳尔,国安,国安老卡翻版劳尔有何不可,0
翻版,林志玲,全智贤,全智贤14年前旧照PK翻版林志玲性感私照,0
翻版,杨幂,金鹰,赵丽颖金鹰女神装似杨幂翻版,0
翻版,谢娜,宋承宪,翻版宋承宪表白谢娜,0
翻版,潘霜霜,舒淇,“翻版舒淇”潘霜霜变身皇马宝贝,1
翻版,姚婷芝,刘小慧,“翻版刘小慧”姚婷芝半裸照曝光,1
翻版,洛佩兹,戴蒙,戴蒙情陷“翻版洛佩兹”,0
翻版,周海媚,刘翔,周海媚自曝与翻版刘翔恋爱,0
翻版,宋丹丹,黄宏,成翻版黄宏宋丹丹,0
翻版,范冰冰,郑爽,翻版范冰冰郑爽最像,0
翻版,谢婷婷,贡米,谢婷婷新戏遭遇“翻版张柏芝”与贡米合影尴尬微笑,0
翻版,李英爱,陶虹,翻版小陶虹童瑶范冰冰李英爱,0
翻版,张慧雯,刘诗诗,新任谋女郎张慧雯曝光被称翻版刘诗诗,1
翻版,黄多,黄磊,黄磊女儿黄多多超级萌娃翻版森碟,0
翻版,林志玲,柳岩,柳岩性感礼裙不敌翻版林志玲,0
翻版,乔丹,罗斯,神形俱似罗斯或翻版乔丹,0
翻版,大娘,邓丽君,“芙蓉大娘”自称翻版邓丽君,0
翻版,周冬雨,郭晶晶,翻版杨幂郭晶晶周冬雨抢眼,0
翻版,高毅,吴秀波,高毅翻版吴秀波图片频道,0
翻版,陶虹,范冰冰,翻版范冰冰陶虹大S童瑶等吸睛,0
翻版,裴勇俊,李英爱,翻版李英爱被裴勇俊“相中”拍《武士2》,0
翻版,张柏芝,费曼,翻版王菲张柏芝费曼神似,0
翻版,张柏芝,王菲,翻版王菲张柏芝费曼神似,0
翻版,黄家诺,李嘉欣,关之琳前男友黄家诺情迷翻版李嘉欣,0
翻版,李心洁,文章,李心洁原谅丈夫彭顺出轨翻版马伊琍文章,0
翻版,周杰伦,佘诗曼,38岁佘诗曼恋翻版周杰伦,0
翻版,上户彩,山口百惠,“翻版山口百惠”上户彩青春写真集,0
翻版,齐藤佑树,刘翔,深田恭子否认与"翻版刘翔"齐藤佑树相恋,0
翻版,张柏芝,向华强,向华强儿子恋翻版张柏芝,0
翻版,孙俪,胡军,胡军孙俪要当翻版紫霞至尊宝,0
翻版,胡军,何韵诗,何韵诗撇容祖儿挽翻版胡军小鸟伊人,0
翻版,刘亦菲,宁财神,宁财神打造翻版刘亦菲,0
翻版,乐基儿,舒淇,乐基儿18岁出道被封翻版舒淇,1
翻版,藤原纪香,田亮,“翻版藤原纪香”廖碧儿嫌陈豪太穷最爱田亮,0
翻版,黄家诺,关之琳,关之琳前男友黄家诺约会翻版李嘉欣被撞破,0
翻版,米卢,杜伊,杜伊翻版米卢式神奇,0
翻版,李心洁,彭顺,李心洁原谅丈夫彭顺出轨翻版马伊琍文章,0
翻版,陈思诚,王宝强,电影《一路顺疯》陈思诚包贝尔塑造翻版徐峥王宝强,0
翻版,吴建豪,房祖名,短发房祖名变翻版吴建豪(多图),1
翻版,明道,范冰冰,明道和“翻版范冰冰”有望合演偶像剧,0
翻版,家人,林志颖,林志颖妹妹是其翻版明星家人曝光瞬间傻掉眼,0
翻版,舒淇,黎明,黎明默认“翻版舒淇”是女友,0
翻版,红娘子,信鹏,信鹏满意《红娘子》获赞翻版"关宏达""韩兰根",0
翻版,张杰,关迟,实力美女关迟对决翻版张杰钱俊霖,0
翻版,严禹豪,李敏镐,PK“翻版李敏镐”严禹豪谁更像,0
翻版,蔡依林,郭可盈,翻版蔡依林如花郭可盈,0
翻版,梁朝伟,成龙,背梁朝伟密会翻版成龙,0
翻版,林志玲,潘霜霜,翻版周韦彤林志玲张柏芝潘霜霜,0
翻版,甄嬛,马景涛,《我不是明星》翻版甄嬛驾到咆哮帝马景涛现身140225,0
翻版,潘霜霜,张柏芝,翻版周韦彤林志玲张柏芝潘霜霜,0
翻版,刘恺威,冯德伦,翻版刘恺威单挑冯德伦,0
翻版,李刚,刘孜,刘孜遇翻版李刚,0
翻版,黄维德,伊能静,翻版伊能静黄维德《向尚看齐》打造养生厨房,0
翻版,蔡赟,朱琳,朱琳与“翻版蔡赟”热恋6年,0
翻版,张恒远,梁博,张恒远翻版梁博注定难夺冠,1
翻版,牛萌萌,张曼玉,景甜张萌美人脸牛萌萌翻版张曼玉,1
翻版,罗伯斯,刘翔,罗伯斯翻版刘翔退赛,0
翻版,田雨橙,赵薇,田雨橙翻版赵薇王诗龄女神合体,0
翻版,成一,海宁,翻版海宁成一盏明灯,0
翻版,巩俐,张柏芝,看巩俐张柏芝范冰冰谢霆锋翻版,0
翻版,陈志朋,张国荣,“翻版张国荣”陈志朋,1
翻版,关宏达,红娘子,满意《红娘子》赞翻版“关宏达,0
翻版,章子怡,莫艳琳,章子怡闺蜜莫艳琳PK翻版袁姗姗莫海婧,0
翻版,郜林,乌龙,恒大海报翻版郜林乌龙,0
翻版,盛朗熙,李英爱,翻版李英爱盛朗熙私照曝光,0
翻版,张柏芝,吴佩慈,翻版张柏芝吴佩慈受关注,0
翻版,李冰冰,刘亦菲,翻版"李冰冰刘亦菲"报到,0
翻版,朱丹,周一围,朱丹与翻版“文章”周一围相恋,0
翻版,李念,马伊琍,堪称翻版李念马伊琍(图),0
翻版,白冰,金喜善,白冰翻版金喜善演《神话》貌似有点老,0
翻版,袁姗姗,莫海,翻版袁姗姗莫海婧爆红,0
翻版,江若琳,阿娇,翻版阿娇江若琳被炒热,1
翻版,蔡依林,郑嘉颖,传郑嘉颖恋上翻版“蔡依林”胡桑,0
翻版,童瑶,郑爽,翻版范冰冰郑爽李英爱童瑶最神似,0
翻版,景甜,戚薇,翻版戚薇景甜惊艳,0
翻版,张柏芝,朱永龙,张柏芝前经纪人朱永龙一手制造“翻版张柏芝”,0
翻版,哈林组合,马努,火箭哈林组合翻版马努帕克,0
翻版,佘诗曼,汤唯,翻版汤唯火拼断背佘诗曼,0
翻版,剧中,沈画,剧中沈画非翻版马诺(图),0
翻版,袁珊珊,章子怡,翻版袁珊珊被起底汪峰“抢”章子怡闺蜜,0
翻版,上海,钟楚红,钟楚红在上海密会翻版黎明,0
翻版,霍启刚,朱玲玲,霍启刚曾爱翻版朱玲玲,0
翻版,穆帅,德科,国米为穆帅寻觅翻版德科,0
翻版,窦靖童,陈小春,窦靖童小男友似翻版陈小春,0
翻版,蔡依林,胡灵,胡灵成翻版蔡依林,1
翻版,魏晨,周渝民,翻版魏晨周渝民李俊基,0
翻版,蕾哈娜,欧拉,欧拉是翻版蕾哈娜,1
翻版,容祖儿,何韵诗,何韵诗撇容祖儿挽翻版胡军小鸟伊人,0
翻版,吴彦祖,独眼龙,“翻版吴彦祖”惨成独眼龙,0
翻版,刘青云,陈伟霆,陈伟霆“翻版刘青云”赠祖儿,0
翻版,田雨橙,王诗龄,田雨橙翻版赵薇王诗龄女神合体,0
翻版,李英爱,林青霞,李英爱将“翻版”林青霞,0
翻版,刘仪伟,李小冉,刘仪伟与翻版李小冉当街亲密,0
翻版,张柏芝,阴奕彤,翻版刘嘉玲+张柏芝阴奕彤性感写真,0
翻版,杨晨,成功,成功翻版昔日杨晨,0
翻版,应采儿,陈国坤,翻版"李小龙"陈国坤黄伊汶大婚现场温馨应采儿感动落泪,0
翻版,姚明,王治郅,新双塔翻版姚明王治郅,0
翻版,李晟,赵薇,新《还珠》李晟成翻版赵薇,1
翻版,满意,信鹏,信鹏满意《红娘子》获赞翻版"关宏达""韩兰根",0
翻版,谢伟业,徐子珊,徐子珊恋“翻版中田英寿”谢伟业,0
翻版,魏晨,刘诗诗,翻版刘诗诗小沈阳魏晨,0
翻版,郭采洁,顾里,翻版“顾里”初家晴PK郭采洁,0
翻版,章子怡,汪峰,《好声音》汪峰抢章子怡闺蜜"翻版袁姗姗"爆红,0
翻版,周冬雨,马伊琍,惊现翻版韩庚马伊琍周冬雨,0
翻版,谢霆锋,徐若瑄,严防翻版徐若瑄勾引谢霆锋,0
翻版,蔡依林,可人,翻版蔡依林娇媚可人,0
翻版,王宝强,李易峰,揭秘《古剑奇谭》主角面部优缺点李易峰翻版王宝强,1
翻版,姚明,王哲林,王哲林获赞像姚明翻版,1
翻版,杨幂,李小璐,翻版杨幂李小璐,0
翻版,朱广沪,孔卡,朱广沪赞孔卡翻版梅西,0
翻版,钟汉良,乐嘉,翻版“钟汉良”引乐嘉比拼,0
翻版,杨颖,马苏,马苏卖萌不敌宋茜杨颖似翻版宋智孝,0
翻版,小龙女,陈坤,小龙女长大翻版成龙陈坤儿子生母是一线女星,0
翻版,陈冠希,连诗雅,连诗雅泳娜搭上翻版陈冠希,0
翻版,陶虹,胡兵,翻版小陶虹童瑶胡兵,0
翻版,王宝强,梁文冲,高球名将梁文冲与徐峥合影被称翻版王宝强|王宝强|徐峥|合影,0
翻版,陈豪,廖碧儿,“翻版藤原纪香”廖碧儿嫌陈豪太穷最爱田亮,0
翻版,蔡依林,王力宏,蔡依林被拍约会22岁翻版王力宏“姐弟恋”曝光,0
翻版,宋茜,宋智孝,马苏卖萌不敌宋茜杨颖似翻版宋智孝,0
翻版,小沈阳,刘亦菲,翻版刘诗诗刘亦菲小沈阳,0
翻版,赵本山,宋丹丹,成翻版赵本山宋丹丹,0
翻版,秦海璐,金秀贤,翻版"金秀贤"示爱吻秦海璐,0
翻版,杨幂,范冰冰,翻版佟丽娅范冰冰杨幂现身,0
翻版,陈豪,田亮,“翻版藤原纪香”廖碧儿嫌陈豪太穷最爱田亮,0
翻版,王菲,袁姗姗,翻版袁姗姗莫海婧与王菲PK《致青春》,0
翻版,袁珊珊,汪峰,翻版袁珊珊被起底汪峰“抢”章子怡闺蜜,0
翻版,梅西,朱广沪,朱广沪赞孔卡翻版梅西,0
翻版,金龟子,可爱,俏皮可爱如翻版金龟子,0
翻版,周旋,莫海,好声音3莫海婧翻版袁珊珊凤凰于飞演周旋韵味,0
翻版,周华健,罗大佑,翻版李宗盛罗大佑周华健同台,0
翻版,刘恺威,林峰,刘恺威整容变翻版林峰,1
翻版,古剑,李易峰,揭秘《古剑奇谭》主角面部优缺点李易峰翻版王宝强,0
翻版,周旋,袁姗姗,袁姗姗翻版莫海婧pk周旋,0
翻版,汤唯,明星,明星撞脸张根硕成翻版汤唯,0
翻版,李毓芬,柯震东,柯震东新欢李毓芬似翻版Angelababy,0
翻版,章子怡,袁姗姗,章子怡闺蜜PK翻版袁姗姗,0
翻版,乔丹,金刚,火箭矮金刚翻版乔丹经典,0
翻版,杨颖,宋智孝,杨颖汉子翻版宋智孝,1
翻版,吴千语,汤唯,翻版汤唯吴千语抢镜,0
翻版,舒淇,葛优,葛优与翻版舒淇办浪漫婚礼,0
翻版,王菲,莫海,翻版袁姗姗莫海婧与王菲PK《致青春》,0
翻版,舒淇,冯德伦,曝冯德伦不愿承认恋情舒淇转勾“翻版崔始源”,0
翻版,范冰冰,佟丽娅,惊现翻版佟丽娅范冰冰,0
翻版,金龟子,刘纯燕,刘纯燕女儿活脱“金龟子”翻版,0
