老乡,孟关良,鲁迅,孟关良是鲁迅老乡,1
老乡,陈吉宁,吉林,清华新校长陈吉宁是咱吉林老乡,0
老乡,齐鲁,吴俊全,齐鲁网专访淄博老乡吴俊全,0
老乡,山西,谭晶,两个山西老乡－谭晶,0
老乡,祖宗,都叫兽,原来“都叫兽”他祖宗是咱老乡哦,0
老乡,黄晓明,山东,山东老乡黄晓明贾妮做客齐鲁网,0
老乡,李肇星,山东,送山东老乡李肇星进场,0
老乡,刘坤,李连杰,老乡称刘坤是李连杰的替身,0
老乡,喜儿,大春,“喜儿”“大春”昨奔赴延安看老乡,0
老乡,金昶伯,金相烈,金相烈接韩国老乡金昶伯班,1
老乡,马化腾,李东生,老乡合作马化腾联手李东生进军家电业,1
老乡,白山,成立,吉林白山边防支队成立“春运老乡心理服务队”温暖返乡旅客,0
老乡,石景山,冯理达,冯理达将军看望石景山两位特殊的老乡,1
老乡,江涛,山东,山东老乡郑绪岚江涛亮相曹县,0
老乡,中国,尤纳斯,尤纳斯老乡执法中国比赛,0
老乡,张嘉译,宋思明,张嘉译看老乡情面接演宋思明,0
老乡,迟浩田,山东,山东老乡迟浩田的传奇爱情与温馨幸福的家,0
老乡,大头,杜威,安徽老乡赵鹏入选大头杜威彻底无缘,0
老乡,孙燕姿,涂紫凝,孙燕姿老乡涂紫凝事业心强,1
老乡,麦蒂,韦德,模板韦德麦蒂是老乡,1
老乡,曹景伟,韦迪,韦迪寻枪老乡曹景伟入足协,0
老乡,谢霆锋,王菲,谢霆锋陪阿sa吃喜面遭老乡围观喊王菲竟害羞,0
老乡,米卢,国安,米卢借来国安老乡指导国足,0
老乡,李宇春,韩红,韩红李宇春老乡唠家常,1
老乡,山西,贾樟柯,贾樟柯为山西老乡骄傲(图),0
老乡,崔天凯,大使,上海小“老乡”采访崔天凯大使,0
老乡,福拉多,杜伊,杜伊全力帮衬老乡福拉多,1
老乡,米利甘,李章洙,李章洙老乡踩伤米利甘,0
老乡,韦世豪,李毅,韦世豪与李毅大帝是老乡,1
老乡,郭美美,明星,娱乐圈有哪些明星是郭美美的老乡,0
老乡,于洋,庞龙,于洋微博收老乡庞龙鼓励,1
老乡,李明启,丹东,《满仓进城》丹东“老乡”李明启,0
老乡,巴萨,希丁克,曝梅西老乡马蒂诺下周入主巴萨资历不及希丁克,0
老乡,姚明,大叔,大叔老乡将成姚明替身,0
老乡,汪汪,安蒂奇,安蒂奇见老乡"两眼泪汪汪",0
老乡,武进,江南,5月10日下午两点武进前黄老乡朱学东将携新书《江南旧闻录》在常武购书中心举行签售会,0
老乡,王亚平,山东,山东老乡王亚平成唯一在选女航天员,0
老乡,喜悦,沙祖康,宜兴老乡分享沙祖康出任联合国副秘书长喜悦,0
老乡,魏晨,陈翔,陈翔和魏晨攀老乡,1
老乡,杨晨,古朗,米卢老乡古朗教练火线"救"杨晨,0
老乡,刘智超,长海,长海老乡来电要帮刘智超,0
老乡,哈恩,罗森,哈恩老乡罗森达尔队上赛季最佳射手试训辽足,0
老乡,朱之文,大衣哥,与大衣哥朱之文老乡,0
老乡,马德里,贝克汉姆,贝克汉姆马德里支持老乡,0
老乡,高秀敏,何庆魁,老乡玩侵权高秀敏何庆魁怒讨150万,0
老乡,房祖名,山东,山东老乡房祖名潘晓婷来济,0
老乡,姜育恒,山东,山东老乡姜育恒再回首唱响万达,0
老乡,马云,成功,马云成功激励浙江老乡,0
老乡,孙雯,陶璐娜,孙雯巧遇老乡陶璐娜,1
老乡,刘伯明,翟志刚,刘伯明和老乡翟志刚的大酱情结,1
老乡,聂海胜,飞天,老乡聂海胜北京备战飞天,0
老乡,京胡,赵本山,赵本山爽约毕福剑给社区老乡拉京胡,0
老乡,苏丹,山东,惊魂十三天终于回家了苏丹遇险工人平安回国其中有5名山东老乡,0
老乡,郑少东,黄光裕,老乡黄光裕是郑少东落马的直接推手,1
老乡,马苏,张殿伦,马苏被曝再与东北老乡张殿伦再结姐弟恋,1
老乡,杜万,罗杰斯,罗杰斯让老乡杜万蒙羞,1
老乡,尹明善,谢亚龙,尹明善给老乡谢亚龙提个醒,1
老乡,吴鹏,罗雪娟,罗雪娟助阵老乡吴鹏,1
老乡,武进,朱学东,5月10日下午两点武进前黄老乡朱学东将携新书《江南旧闻录》在常武购书中心举行签售会,0
老乡,欧阳中石,山东,自称“教书匠”的山东老乡欧阳中石先生,0
老乡,哈恩,阿德里安,阿德里安塞力挺老乡哈恩,0
老乡,巴萨,马蒂诺,梅西老乡马蒂诺或将执教巴萨,0
老乡,温暖,郁可唯,回家见老乡郁可唯献唱温暖新歌,0
老乡,刘德华,海涛,“刘德华”跟海涛是老乡,1
老乡,公安,袁誉柏,公安老乡袁誉柏任北海舰队司令员,0
老乡,花花,郭德纲,这个“花花”男人郭德纲来并和山西人攀老乡,0
老乡,洪辰,付梦妮,洪辰给老乡付梦妮“背后一枪”,1
老乡,学生,王定国,谢觉哉夫人王定国看望四川学生老乡,0
老乡,成立,沙龙,湖北老乡沙龙”成立一周年活动方案的通知,0
老乡,韦迪,任用,韦迪任用辽宁老乡赌奥运资格,0
老乡,李光弼,安禄山,老乡安禄山和李光弼,1
老乡,于明,东辉,青岛费县老乡联谊会年会暨高端人才交流会将于明天上午在东辉大酒店召开,0
老乡,德拉甘,安蒂奇,安蒂奇对战老乡德拉甘不客气,1
老乡,大卫,明星,各大卫视争抢老乡明星,0
老乡,张继科,倪萍,倪萍黄渤齐夸赞老乡张继科,1
老乡,秦岭,古乐,古乐艺人秦岭山中开“音乐会”免费为老乡演出,0
老乡,张艺谋,王全安,张艺谋王全安老乡争“熊”,1
老乡,孙渤,信念,中国首例海湾战争综合症患者烟台老乡孙渤的和平信念,0
老乡,贾妮,山东,山东老乡黄晓明贾妮做客齐鲁网,0
老乡,毛主席,谭千秋,毛主席的老乡谭千秋英雄教师回家,1
老乡,赵本山,翟志刚,翟志刚交谊舞跳得不错总爱说和赵本山是老乡|中国|半岛网,1
老乡,黄渤,傅淼,《青岛往事》傅淼与老乡黄渤有缘无分|黄渤|傅淼|青岛往事,1
老乡,关麟征,将军,赵寿山将军和小老乡关麟征将军在抗战中,0
老乡,姚明,吴敏霞,老乡吴敏霞夺冠姚明亲自加油,1
老乡,古丽,阿依,在京老乡看望阿依鲜古丽,0
老乡,于文华,唐山,唐山老乡于文华回家＿社会新闻＿唐山环渤海新闻网,0
老乡,熊召政,张居正,张居正老乡熊召政到张居正故乡“省亲”受冷遇,1
老乡,杜比,成功,全明星成纽约“内战”马布里成功扶老乡杜比上位,0
老乡,文献,山东,日照老乡王献唐为抢救山东地方文献不遗余力,0
老乡,米卢,伊万,米卢与老乡伊万同看台观战中网,1
老乡,温暖,成立,吉林白山边防支队成立“春运老乡心理服务队”温暖返乡旅客,0
老乡,东方,宁远,在北和东方的宁远老乡有用,0
老乡,王晓理,赵芸蕾,王晓理搭档换成老乡赵芸蕾,1
老乡,王当,孙悟空,想让美猴王当奥运吉祥物孙悟空老乡来杭吆喝,0
老乡,姚明,刘子歌,刘子歌把"老乡"姚明刘翔当做榜样,1
老乡,米卢,扬科维奇,米卢助阵老乡扬科维奇,1
老乡,上海,吉祥,上海君楚实业有限公司恭祝陕西在沪创业老乡新春大吉马年吉祥,0
老乡,聂远,明星,聂远倡议明星老乡抗灾,0
老乡,吉林,温暖,吉林白山边防支队成立“春运老乡心理服务队”温暖返乡旅客,0
老乡,山西,刘利,“京漂男孩的泣血呼喊”后续山西老乡冒雨捐款助刘利,0
老乡,谭正岩,任贤齐,任贤齐谭正岩给武汉老乡拜年,1
老乡,秦岚,王宣宇,《非缘勿扰》王宣宇与秦岚由老乡变闺蜜|秦岚|王宣宇|苏有朋,1
老乡,汪涵,朱江,汪涵为老乡朱江加油,1
老乡,高人,山东,“亚洲第一高人”张欢是咱山东老乡,0
老乡,王鸿举,汪洋,汪洋王鸿举在川“寻”重庆老乡,1
老乡,大年,汪英,汪英峰大年三十老乡聚首,0
老乡,朱学东,江南,5月10日下午两点武进前黄老乡朱学东将携新书《江南旧闻录》在常武购书中心举行签售会,0
老乡,刘曹冬,何勇,何勇哀悼重庆老乡刘曹冬,1
老乡,关公,国家,2011年新邮预订开始老乡“关公”将登上国家名片,0
老乡,翟墨,山东,山东老乡翟墨,0
老乡,赵鹏,杜威,安徽老乡赵鹏入选大头杜威彻底无缘,0
老乡,杨晨,米卢,米卢老乡火线“救”杨晨,0
老乡,中勇,洪水,洪水中勇救3老乡累到昏迷,0
老乡,温暖,周恩来,《周恩来的四个昼夜》表达总理坐在老乡家炕头的温暖,0
老乡,哈恩,达尔,哈恩老乡罗森达尔队上赛季最佳射手试训辽足,0
老乡,李路正,郭晶晶,李路正大赞老乡郭晶晶,1
老乡,齐鲁,山东,山东老乡黄晓明贾妮做客齐鲁网,0
老乡,孙渤,和平,中国首例海湾战争综合症患者烟台老乡孙渤的和平信念,0
老乡,石景山,将军,冯理达将军看望石景山两位特殊的老乡,0
老乡,邵阳,风声鹤唳,那个风声鹤唳的春天（作者是邵阳籍老乡）,0
老乡,李章洙,国安,李章洙老乡意外助国安,0
老乡,曾诚,荣昊,向老乡荣昊曾诚取经,1
老乡,马加爵,王和平,老乡厅长王和平天网速擒马加爵,1
老乡,胡杨林,王强,胡杨林鼓励老乡王强,1
老乡,毕有财,林永健,《毕有财》淳于珊珊林永健老乡合作,0
老乡,国安,大门,国安克星誓破老乡大门,0
老乡,穆帅,德罗巴,德罗巴给穆帅推荐老乡,0
老乡,菅直人,山东,日本首相菅直人是“山东老乡”,0
老乡,中国,和平,中国首例海湾战争综合症患者烟台老乡孙渤的和平信念,0
老乡,杨晨,马克思,风雨中杨晨迎战马克思老乡,0
老乡,伯乐,冯仁亮,冯仁亮绝杀老乡感谢俩伯乐,0
老乡,谢家麟,国家,哈尔滨老乡谢家麟获国家最高科技奖,0
老乡,刘洋,飞天,刘洋老乡高速停车鸣笛庆神九飞天被罚200元|鸣笛|神九|被罚,0
老乡,武齐尼奇,召唤,武齐尼奇召唤老乡加盟,0
老乡,潘晓婷,房祖名,山东老乡房祖名潘晓婷来济,1
老乡,于希宁,山东,山东老乡于希宁,0
老乡,胡亚捷,国家,《便衣警察》《国家命运》主演河南老乡胡亚捷接受今报记者专访,0
老乡,梅西,巴萨,曝梅西老乡马蒂诺下周入主巴萨,0
老乡,张殿伦,孔令辉,分手孔令辉后牵手东北老乡张殿伦,0
老乡,大门,穆图,穆图老乡曾破枪手大门,0
老乡,蒋孝严,秦光荣,老兵与秦光荣认“老乡”蒋孝严脱稿演讲获称赞,0
老乡,赵本山,毕福剑,赵本山爽约毕福剑给社区老乡拉京胡,0
老乡,伍娇,范冰冰,《非诚勿扰》20111030小范冰冰伍娇牵手成都老乡,0
老乡,安徒生,东方,安徒生的老乡来东方“取经”(组图),0
老乡,国安,王晓龙,国安紧追老乡王晓龙万厚良,0
老乡,杨佳,山东,杨佳霖怀揣"嫦一"注册证山东老乡探"嫦娥",0
老乡,陈梦,李晓霞,李晓霞横扫小老乡陈梦,1
老乡,范冰冰,山东,山东老乡不认范冰冰,0
老乡,马云,宋卫平,马云出手施援“老乡”宋卫平,1
老乡,孙楠,王琥,孙楠助阵老乡王琥发片,1
老乡,上海,刘翔,调侃上海老乡“刘翔大哥”,0
老乡,中国,信念,中国首例海湾战争综合症患者烟台老乡孙渤的和平信念,0
老乡,阿丘,朱迅,搭档阿丘遇老乡朱迅,1
老乡,张玉宁,曲圣卿,张玉宁曲圣卿赛后做东请老乡,0
老乡,上海,马丁,马丁上海会老乡三句不离进球,0
老乡,张娟娟,杜丽,老乡杜丽张娟娟谈温馨育儿经,1
老乡,高秉涵,家人,旅台菏泽老乡高秉涵携家人到菏泽学院参访交流,0
老乡,龙华,钟情,龙华警方侦破三老乡钟情日产车连盗34辆,0
老乡,中国,束从轩,老乡鸡董事长束从轩摘“中国好项目”桂冠,0
老乡,龙年,山东,祝山东老乡龙年快乐,0
老乡,吉林,赵俊方,河南老乡赵俊方当选“感动吉林”人物,0
老乡,李素芝,山东,以山东老乡李素芝为原型,0
老乡,张靓颖,徐睿,徐睿力挺老乡张靓颖,1
老乡,毛主席,蒋介石,毛主席和蒋介石是老乡,1
老乡,于海,杜威,于海渴望对抗老乡杜威,1
老乡,黄渤,张继科,倪萍黄渤齐夸赞老乡张继科,1
老乡,陈晓,黄光裕,黄光裕筹得潮汕老乡20亿PK陈晓,0
老乡,余华,黄守愚,黄守愚告了湖南老乡又骂余华兄弟,0
老乡,王力可,秦琼,王力可嫁“英雄老乡”秦琼,1
老乡,袁立,汤唯,汤唯被老乡袁立称赞“朴素不张扬”,1
老乡,朱时茂,山东,山东老乡朱时茂,0
老乡,桂林,强卫,强卫书记西街巧遇老乡都夸桂林山美水美,0
老乡,李娜,吴迪,吴迪感谢老乡李娜,1
老乡,岳母,大河,想把岳母接过来一起住孩儿巷大河里有没有江西婺源的老乡,0
老乡,吴江,田忠,吴江电视台第二次报道白血病老乡田忠凤,0
老乡,刘芳菲,高雅,央视高雅音乐春晚咱老乡刘芳菲主持,0
老乡,姚明,上海,上海老乡姚明助阵,0
老乡,吉林,白山,吉林白山边防支队成立“春运老乡心理服务队”温暖返乡旅客,0
老乡,阿德,国安,国安旧将阿德会巴西老乡奥托,0
老乡,汪汪,岳云鹏,岳云鹏见老乡两眼泪汪汪,0
老乡,中国,邵佳一,邵佳一德国迎来中国老乡,0
老乡,王永和,家人,老乡王永和家人等着你,0
老乡,梁文博,孙继海,孙继海给老乡梁文博捧场,1
老乡,达尔,罗森,哈恩老乡罗森达尔队上赛季最佳射手试训辽足,0
老乡,李宇春,任达华,任达华和李宇春攀老乡,1
老乡,范冰冰,李英子,影视新星李英子加盟电影《残冰》欲超老乡范冰冰,1
老乡,杨奇志,郭峰,郭峰杨奇志捧场戏剧老乡,1
老乡,大吉,阿普萨萨,阿普萨萨亮相《开门大吉》爱心助老乡圆梦,0
老乡,吉林,于海涛,吉林老乡于海涛的南非11年,0
老乡,王立群,山东,山东老乡王立群童年磨难多,0
老乡,山西,郭德纲,这个“花花”男人郭德纲来并和山西人攀老乡,0
老乡,刘喜,张迎春,会长张迎春探望东北老乡刘喜岩伤情,0
老乡,吉林,毕铭鑫,吉林老乡毕铭鑫成“黑马”,0
老乡,李琰,马延,李琰老乡助阵替换马延君,0
老乡,孟非,郭德纲,孟非郭德纲原来是老乡,1
老乡,吉林,成立,吉林白山边防成立“春运老乡心理服务队”温暖返乡旅客,0
老乡,中国,孙渤,中国首例海湾战争综合症患者烟台老乡孙渤的和平信念,0
老乡,王静,山东,山东老乡王静出演“英雄母亲”,0
老乡,万达,山东,山东老乡姜育恒再回首唱响万达,0
老乡,步兵,陆军,驻川某陆军预备役步兵旅为受灾老乡支起临时"家园",0
老乡,魏晨,李宇春,李宇春钟情老乡魏晨,1
老乡,高昊,任泉,高昊新专辑老乡任泉助阵,1
老乡,姚明,胡彦斌,胡彦斌和姚明是老乡,1
老乡,马丽,开心麻花,“开心麻花”马丽接戏不靠老乡,0
老乡,家人,阿罗约,家人要阿罗约救老乡,0
老乡,曹景伟,山东,山东老乡曹景伟曾是奥运功臣,0
老乡,姜育恒,万达,山东老乡姜育恒再回首唱响万达,0
老乡,大吉,上海,上海君楚实业有限公司恭祝陕西在沪创业老乡新春大吉马年吉祥,0
老乡,刘孟哲,臧启武,刘孟哲挺老乡导演臧启武,1
老乡,郑绪岚,山东,山东老乡郑绪岚江涛亮相曹县,0
老乡,赵俊方,唐山,濮阳农民赵俊方五赴唐山帮河南老乡讨薪,0
老乡,魏霞,家人,魏霞家人转捐善款助重病小老乡,0
老乡,周帅,金华,金华籍周帅老乡夺魁,0
老乡,黄光裕,潮汕,潮汕老乡火线相助黄光裕20亿元,0
老乡,陈杞,蔡振华,老乡蔡振华决定陈杞命运,1
老乡,佟大为,宋佳,吴宇森自称“湖北老乡”佟大为宋佳“作壁上观”,0
老乡,阿的江,贡献,阿的江赞老乡贡献大,0
老乡,巩俐,山东,山东老乡巩俐隐瞒的离婚真相,0
老乡,文涛,艾楚怡,文涛调侃小老乡艾楚怡,1
老乡,王金云,长征,湖北老乡王金云和他的帮教长征,0
老乡,毛主席,郭世佑,郭世佑这厮竟然称自己是毛主席的老乡,1
老乡,柏林,王全安,张艺谋和王全安两老乡柏林争熊,1
老乡,万厚良,王晓龙,国安紧追老乡王晓龙万厚良,0
老乡,中国,穆里奇,穆里奇帮助老乡打开中国市场,0
老乡,艺人,秦岭,古乐艺人秦岭山中开“音乐会”免费为老乡演出,0
老乡,阎锡山,山西,台湾阎锡山墓守护者盼有山西老乡来,0
老乡,莫言,山东,■同是山东老乡的政协委员莫言和韩美林在会上交流艺术,0
老乡,希丁克,国家,俄国家足球队候任教练称他比老乡希丁克有优势,0
老乡,中国,孙楠,孙楠变"中国好老乡",0
老乡,将军,冯理达,冯理达将军看望石景山两位特殊的老乡,0
老乡,单中惠,沙龙,北京湖北老乡沙龙与单中惠教授合影20100916高清大图,0
