老师,毛瑞斯莫,穆雷,毛瑞斯莫出任穆雷教练,1
老师,周立波,明星,刘亦菲张柏芝周立波周星驰成名后与恩师反目的明星,0
老师,林志玲,周杰伦,林志玲想拜周杰伦为师学唱歌,0
老师,姚明,麦蒂,姚明麦蒂恩师卸任,0
老师,成立,甄继先,王君利教授莅临爱美尔暨"甄继先名流苑"成立一周年,0
老师,刘诗雯,郭跃,郭跃刘诗雯另拜师傅,0
老师,古力,明星,棋坛明星古力师徒同参政,0
老师,羽泉,陈明,羽泉陈明杨宗纬变身老师(图),0
老师,张劲松,李楠,范斌张劲松李楠也是教练身份,0
老师,汪嵩,宋卫平,宋卫平当起“老娘舅”汪嵩冈田师徒“将相和”,0
老师,李湘,王诗龄,李湘将让王诗龄拜赵本山为师,0
老师,李聪,李睿,新东方的李聪和李睿老师是不是哥俩……长得略像啊……新东方的李聪和李睿老师是不是哥俩……长得略像啊……,0
老师,孙俪,邓超,邓超学英语孙俪请老师,0
老师,陈金,金兑,当代青年书法家陈金先生批评韩国当代艺术大家金兑庭教授不懂艺术,0
老师,郑少秋,戴孝,郑少秋戴孝送别恩师刘家良,0
老师,李诚,文章,李克强追忆恩师文章《追忆李诚先生》,0
老师,宋小宝,小沈阳,宋小宝小沈阳给师傅助理打酱油,0
老师,季广茂,文章,北师大教授季广茂删除博客上骂人文章,0
老师,刘永福,国家,访国家女子柔道教练刘永福,0
老师,中国,初一,中国国家男子举重队教练年初一猝死,0
老师,中国,功夫熊猫,《师傅》演绎中国版《功夫熊猫》,0
老师,张军,国家,国家羽毛球队教练张军,0
老师,郭德,侯耀文,生前侯耀文与哥哥侯耀华和徒弟郭德钢,0
老师,冯远征,安德烈,冯远征收徒弟安德烈拉泽夫,1
老师,北京航空航天大学,张文木,专访北京航空航天大学战略问题研究中心教授张文木,0
老师,风月,向能,向能《风月》中扮演老师,0
老师,李树芬,莫树锦,中大李树芬医学基金肿瘤学教授莫树锦教授就职演讲,0
老师,申雪,姚滨,姚滨申雪/赵宏博师徒双双获奖,1
老师,殷铁生,杜伊,杜伊下课殷铁生任执行教练,0
老师,华晨宇,尚雯婕,麒麟网欲签尚雯婕华晨宇师徒,1
老师,罗兰,明星,罗兰明星教练携优秀学员上阵,0
老师,赵本山,王金龙,嫁赵本山徒弟王金龙,1
老师,刘一男,周周,文都考研周周谈第四期（刘一男老师）7月17日华丽来袭,0
老师,不高兴,墨客,《羽毛》剧组打架视频网上疯传“墨客老师很不高兴”大热,0
老师,高洪波,谢幕,高洪波陪恩师谢幕,0
老师,中国,陈适,中国教练陈适京执教韩国体操队,0
老师,中国,张伯华,“中国作文数学第一人”张伯华教授访谈,0
老师,可爱,金秀贤,《来自星星的你》金秀贤可爱教授把持不住,0
老师,姚明,李秋平,姚明恩师李秋平入骑士教练组,1
老师,张亚东,朱志根,朱志根张亚东抢当教练,0
老师,姚明,林书豪,姚明带病当教练林书豪秀中文李娜逆转,0
老师,老舍,梅峰,浙江籍老师梅峰要拍老舍作品,0
老师,王楠,曾飞,“暴力教练”王楠曾飞鞋,0
老师,方略,曾国藩,宫玉振老师《曾国藩管理方略》课程笔记,0
老师,孙杨,濮存昕,孙杨濮存昕爱女贴面显师徒情,0
老师,周春秀,梁松利,周春秀教练梁松利小腿骨折仍带伤督战,1
老师,邓紫棋,茜拉,曹格仿效邓紫棋恩师改编茜拉秀高音宽度舞蹈女王范,0
老师,姚明,满意,姚明训练教练满意队友赞美,0
老师,王琨,山东,山东聚企携手亚洲超级演说家王琨老师来邹平,0
老师,王利,宁成,教练王利宁成为我省第一个到国外执教的散打教练,0
老师,任清华,孙葆洁,孙葆洁任清华教授住50平小两居,0
老师,姚鸣京,山水,中央美院姚鸣京教授师生山水写生作品观摩展在京开幕,0
老师,姚贝娜,朱克,姚贝娜刘欢徒弟朱克师从黄绮珊,0
老师,王家卫,王世泉,张震恩师王世泉大谈与王家卫莫逆之情,0
老师,王博,国林,王博英中国林科院沙棘研究教授,0
老师,冯树勇,满意,冯树勇教练满意刘翔表现,0
老师,周年,张亦春,厦大庆祝金融经济学家张亦春教授从教50周年滚动频道,0
老师,张军,李永波,李永波教练表示张军可能专攻混双,1
老师,高洪波,徐根宝,徐根宝赞高洪波是个好教练,0
老师,卢安克,大山,广西大山中的德国老师卢安克,0
老师,海梅,李晓霞,揭秘李晓霞启蒙教练石海梅,0
老师,唐僧,九九,唐僧师徒一行经历九九八十一难,0
老师,上海,刘治,上海队教练刘治仁经验谈,0
老师,时光,容祖儿,徒弟容祖儿怀念相处时光,0
老师,上海,沙龙,孟浩老师五月上海占星沙龙,0
老师,白银,真金,制罐师傅力证金罐是真金白银,0
老师,化妆师,宁辉,金牌摄影师郑宁辉老师+高级化妆师赵倩老师=你是最可爱的女孩,0
老师,赵本山,李立群,李立群代赵本山成小沈阳师傅,0
老师,陈涛,高兴,陈涛进球恩师库夫曼高兴坏了,0
老师,巩晓彬,尤纳斯,尤纳斯巩晓彬任南北教练,0
老师,大门,范德萨,教授欲用新范德萨守大门,0
老师,王怀玉,成美,王怀玉成美国教练,0
老师,莫耶斯,罗伯茨,莫耶斯欲挖角曼城青训教练罗伯茨,0
老师,马季,宝林,马季和师傅候宝林的是非恩怨,0
老师,红火,李隼,国乒教练李隼盼赛事红火,0
老师,小沈阳,蔡康永,蔡康永否认说过小沈阳"装"教授,0
老师,章子怡,张颐武,张颐武教授在blog上回应媒体质疑其提出“孔子不如章子怡,0
老师,马伟,彭帅,彭帅重回恩师马伟开帐下,1
老师,徐敬德,李英爱,李英爱与徐敬德教授赞助纽约哈林区韩国文化街道庆典,0
老师,温雅,田亮,《中国星跳跃》教练田亮赞温雅跳水,1
老师,滑雪,龙江,龙江滑雪教练将有从业资格证|技能|学员,0
老师,穆帅,任青,暂离穆帅任青训教练,0
老师,徐东林,邵宁,邵宁会见美国哈佛大学商学院教授徐东林一行,0
老师,阿毛里,满意,阿毛里梅开二度教练满意,0
老师,姜昆,刘惠,姜昆徒弟刘惠醉驾肇事被刑拘,1
老师,秋田,李政,秋田音乐架子鼓李政南老师担任广州中山音乐节鼓手,0
老师,马思纯,张国立,马思纯与张国立徒弟传绯闻,0
老师,吴宗宪,陈安之,吴宗宪亮相支持陈安之老师,0
老师,张杰,张靓颖,“都教授”金秀贤将携手张靓颖张杰献唱青奥会开幕式主题曲,0
老师,孙杨,高原,孙杨不上高原暂跟其他教练,0
老师,牛群,冯巩,牛群给冯巩下跪不如陪赵本山洋徒弟一晚,0
老师,罗斯,狂飙,罗斯狂飙原为教练授意,0
老师,乐易玲,马德钟,马德钟感激冼师傅及乐易玲,0
老师,王博,陈安之,陈安之机构六冠王博一文化销售冠军周老师加入公司短短一年时间开出全新宝马530轿车的秘诀,0
老师,王立群,余秋雨,教授王立群取代余秋雨,0
老师,申雪,赵宏博,申雪/赵宏博与恩师姚滨,0
老师,唐朝,俞灏明,俞灏明将演唐朝“都教授”,0
老师,佟文,吴卫凤,佟文教练吴卫凤,1
老师,闵维方,北京大学,北京大学党委书记闵维方教授,0
老师,岳母,王一梅,岳母曾是王一梅启蒙教练,0
老师,张琳,陈映红,教练陈映红曝张琳无缘奥运A标原因,0
老师,王军霞,毛德镇,王军霞恩师毛德镇逝世,1
老师,刘红,中华,胜利一小刘红老师主动申请到胜利中华小学支教－东营－齐鲁晚报网,0
老师,琼瑶,苏有朋,苏有朋声援恩师琼瑶,1
老师,陶瓷,高水旺,韩国陶瓷财团理事长康禹铉先生慕名拜访高水旺老师并参观洛阳唐三彩博物馆,0
老师,尔冬升,张柏芝,张柏芝感谢恩师尔冬升,1
老师,黄晓明,周润发,黄晓明认周润发做师傅,1
老师,剧中,陈乔恩,黄晓明剧中演陈乔恩教练,0
老师,成功,李强,李强老师成功人际关系,0
老师,王作富,高铭暄,高铭暄王作富教授85华诞联袂执教60周年学术庆典举行,0
老师,中国,穆宁,中国教练穆宁为季军代言,0
老师,回想,高中,回想了一下高中老师和大学老师的经典区别,0
老师,伯乐,安切洛蒂,会合伯乐莱昂纳多恩师安切洛蒂,0
老师,邓拓,山村,邓拓长女当山村音乐老师,0
老师,国家,李勇,成都理工大学教授李勇入选2013年国家百千万人才工程,0
老师,鲁迅,高中,粤高中教材"挽留鲁迅"学生称作品难懂老师有责任,0
老师,飞人,高中,牙买加飞人博尔特高中教练因病辞世,0
老师,米新,飞人,田径世锦赛100米新飞人盖伊的教练出狱,0
老师,翁帆,杨振宁,杨振宁教授牵手翁帆登上贺兰山圆了儿时梦,0
老师,刘欢,何炅,何炅黄磊李湘徐静蕾刘欢明星老师罕见授课照首曝光,0
老师,张纪中,马云,马云王菲张纪中为何拜我为师,0
老师,费德勒,阿加西,阿加西教练当年错失费德勒,0
老师,姚明,边远,姚明边远小学当“篮球教练”,0
老师,张文顺,张德武,张文顺徒弟张德武忆恩师,1
老师,展望,陈安之,陈安之老师分享如何展望2014年,0
老师,周立波,周星驰,刘亦菲张柏芝周立波周星驰成名后与恩师反目的明星,0
老师,白梅,满意,艺体教练白梅满意弟子表现,0
老师,陈楠,苗立杰,陈楠苗立杰改行当教练,0
老师,庞伟,王义夫,新科奥运冠军庞伟与教练王义夫分享喜悦,1
老师,韩方,余一,韩方"师徒铁门"尚余一道,0
老师,赵宏博,姚滨,姚滨申雪/赵宏博师徒获奖,1
老师,田少军,中华,田少军老师做客中华红人访,0
老师,易中天,明星,巅峰减重明星会员王文君做客易中天老师CCTV1节目《1起聊聊》,0
老师,姚彦,张继科,教练道出张继科/姚彦突破关键,0
老师,李时珍,韩国人,韩大学教授称孔子西施李时珍是韩国人(图),0
老师,刘诗诗,唐嫣,唐嫣刘诗诗苍老师,0
老师,吉新鹏,林丹,林丹拳打教练吉新鹏,1
老师,时间,操盘手,龙晴老师《店铺操盘手》抓紧时间报名啦,0
老师,吴莫愁,王菲,王菲“嘲讽”庾澄庆与吴莫愁师徒唱歌似猫叫,0
老师,李春波,方大同,方大同认同李春波老师维权做法,0
老师,王仪涵,终结者,王仪涵终结者师出中国教练,0
老师,刘伟,北京大学,北京大学经济学院院长刘伟教授认为,0
老师,英子,金玺,金玺集团摄影总监李新老师and金玺集团化妆总监英子老师邀请大家一起看他们,0
老师,温暖,唐勇,教授唐勇在浙江的温暖之旅,0
老师,大牌,彭帅,彭帅换大牌教练难迎09开门红,0
老师,马东,王菲,王菲头炮马东PK清华教授,0
老师,韩红,李祥祥,韩红告诫徒弟李祥祥,1
老师,本色,郭焱,教练和队友眼里的本色郭焱,0
老师,王宝山,张增群,张增群解释王宝山为何不坐教练席,0
老师,牛群,赵本山,牛群搭档赵本山洋徒弟,0
老师,赵本山,冯小刚,赵本山携徒弟见冯小刚,0
老师,梁占岩,国家,中国国家画院国画院院长著名人物画家梁占岩老师,0
老师,张铁林,黎明,黎明郭富城上演PK秀张铁林任普通话老师,0
老师,张宁,国家,张宁即将升任国家羽球教练,0
老师,陶伟,洪元硕,洪元硕陶伟师徒变同桌,1
老师,金妍儿,关颖珊,金妍儿新教练是关颖珊姐夫,0
老师,叶诗文,哈克特,哈克特教练力挺叶诗文,0
老师,杨梅,风光,青田白浦村“杨梅师傅”彭良松湖南育风光,0
老师,朴海镇,谢娜,朴海镇《大本营》变身都教授示爱谢娜,0
老师,舒婷,罗曼,舒婷老师学生及罗曼老师学生专场钢琴音乐会昨晚成功举办,0
老师,甄子丹,黄晓明,黄晓明加盟《叶问2》“李小龙”拜甄子丹为师,0
老师,梦鸽,李天一,李天一生父是梦鸽老师金铁霖,0
老师,白百何,张孝全,《那五年》白百何张孝全教授爱情保鲜法,0
老师,及时雨,吴金贵,申花教练吴金贵“输球是场及时雨”,0
老师,赵本山,张可,赵本山徒弟王小虎张可结婚,1
老师,中学生,刘翔,刘翔走进校园教授中学生跨栏,0
老师,郑洁,彭帅,彭帅换教练郑洁坚持夫妻档,0
老师,杨洛婷,王从希,港姐佳丽王从希杨洛婷谭静雯获教练称赞,0
老师,赵本山,王诗龄,李湘让女儿王诗龄拜赵本山为师的真实隐情（图）,1
老师,那英,多亮,那英个唱钟情徒弟多亮当嘉宾,0
老师,韩佳人,全智贤,“教授”爱搭讪有夫之妇全智贤韩佳人姐弟恋有缘无分,0
老师,龙晴,操盘手,龙晴老师《店铺操盘手》抓紧时间报名啦,0
老师,蒋恺,叶问,蒋恺塑叶问恩师形象,0
老师,彭林刚,陈吟秋,陈吟秋彭林刚师徒合演,1
老师,成就,胡献雅,浅谈胡献雅教授的艺术成就,0
老师,李坤,陶笛,李坤老师陶笛演奏《红尘情歌》,0
老师,刘晓庆,刘嘉玲,刘嘉玲称刘晓庆为老师5483015,1
老师,刘小光,倪萍,倪萍+徒弟刘小光,1
老师,姜昆,李金斗,师傅姜昆邀唐杰忠李金斗助阵,0
老师,学生,王晓龙,朴成王晓龙变教练指导学生,0
老师,成功,陈安之,陈安之老师分享成功的关键,0
老师,赵奕欢,荣荣,世界销售天才王心灵老师携手赵奕欢南宁荣荣大酒店新书启动发布会,0
老师,谢赫,胡耀宇,谢赫胡耀宇恩师均称失利不奇怪,0
老师,中国,刘延宁,中国民族贸易促进会执行会长刘延宁教授应邀来我校作专题讲座（4,0
老师,林妹妹,陈晓旭,陈晓旭的师傅净空法师道出“林妹妹”真正死因,0
老师,李洁,毕妍,美女足功勋教练迪西科力荐李洁毕妍进美大联盟(2008,0
老师,刘小兰,沙龙,刘小兰老师周末沙龙分享,0
老师,夏雨,李幼斌,李幼斌变身夏雨“师傅”,1
老师,拜尔,香川真司,香川真司恩师拜尔,1
老师,大使,吉罗,驻坦桑尼亚大使吕友清会见联合国前副秘书长米吉罗教授,0
老师,木拉提,孙伟博,孙伟博赴福建木拉提变教练,0
老师,大地,张云松,中国大地保险携手张云松开启“我是教练”计划,0
老师,勇士,蒙哥马利,勇士前教练蒙哥马利重返校园,0
老师,杜淳,安以轩,杜淳当安以轩吻戏教练,1
老师,古月,庄奴,恩师庄奴古月齐登台,0
老师,杨扬,孟庆余,杨扬恩师孟庆余先进事迹报告会,1
老师,李长春,邓敏,邓敏魏积军黄炳强拜杜近芳李长春尹培玺为师,1
老师,中国,姚宝荣,西安翻译学院姚宝荣教授主编的《中国社会与文化汉英读本》出版,0
老师,钟嘉欣,郑伊健,钟嘉欣忽然认郑伊健做师傅,1
老师,康卫,陈寒柏,陈寒柏老师亲情代言康卫者一次性水晶餐具,0
老师,施拉普纳,国家,德国籍教练施拉普纳可能执教伊朗国家足球队,0
老师,姚明,巴特勒,姚明与巴特勒教练席斗法,0
老师,王家卫,赵本山,王家卫午夜抵达沈阳赵本山率众徒弟久候迎接,0
老师,上海,马路,上海教授顾骏呼吁对马路设摊开禁,0
老师,陈坤,赵薇,陈坤赵薇黄晓明老师回忆明星“艺考”当年事,0
老师,蔡云寒,万钧,《终极一班3》第5集剧透万钧斗殴大东阻止雷婷插手蔡云寒成老师,0
老师,张蔚,明星,明星教练张蔚,0
老师,郭冬临,郭德纲,传小品演员郭冬临将拜郭德纲为师,1
老师,关凯,孔庆东,作为学法律的大学生关凯元应该向孔庆东教授道歉,0
老师,张引,李铁,李铁和张引师徒对话,1
老师,刘海,金秀贤,《来自星星的你》金秀贤剪去都教授标志性厚刘海出戏做回自己,0
老师,成就,方大,《如何成就幸福人生》一洋老师献给白山方大集团的专场培训会(二）,0
老师,张波,国家,电子科大张波教授入选2013年国家百千万人才工程,0
老师,小沈阳,李立群,李立群代赵本山成小沈阳师傅,0
老师,刘金东,吕征,刘金东吕征欢迎恩师重回中超,0
老师,鲍春来,李永波,鲍春来拒绝李永波留任教练建议,0
老师,宋彬彬,宋任穷,宋任穷女儿宋彬彬向文革被伤害老师道歉,0
老师,戴玉强,周年,金铁霖教授从教50周年音乐会宋祖英戴玉强献声,0
老师,时间,陈德永,北京302陈德永教授会诊时间进入最后三天黄金倒计时,0
老师,叶熙祺,林心如,山村老师叶熙祺《绣花鞋》遇见鬼妈妈林心如,0
老师,小彩旗,何炅,谢娜大咖秀成小彩旗何炅秒变都教授,0
老师,出线,成功,小柯老师成功出线,0
老师,母诗灏,家人,母诗灏家人控诉林教练,0
老师,中华,袁国勇,港大教授袁国勇称非典元凶是中华菊头蝠果子狸被冤枉,0
老师,中国,伊娃,伊娃和教练为中国选手授课,0
老师,可乐,孝敬,“可乐”孝敬师傅,0
老师,贾樟柯,周星驰,贾樟柯批周星驰教授太虚,0
老师,韩红,黄晓明,黄晓明要拜韩红为师,1
老师,吉林,邓媛媛,吉林最美生物老师邓媛媛被封女神,0
老师,赵洋,牛群,老赵洋徒弟搭牛群,0
老师,王林,邹勇,王林邹勇师徒交恶过程,1
老师,黄山,将军,台湾中华将军教授书画院名誉院长到安徽黄山参访,0
老师,大牌,朱骏,朱骏大牌教练好外援缺一不可,0
老师,戈德,法布,最近宾夕法尼亚大学地戈德法布教授质疑了这一说法,0
老师,雪人,浦玮,教练玩“狙击”浦玮雪人掉脑袋,0
老师,中国,扬科维奇,扬科维奇持教练证抵中国,0
老师,曹文轩,柳永,北大教授曹文轩自比金庸柳永,0
老师,姜春声,韩美,韩国五官精塑大师姜春声教授亲临韩美,0
老师,方法,文章,（老师文章）新起航晓路老师与大家分享成为优秀主持人的方法,0
老师,大牌,姚晨,孙红雷未大腕先大牌姚晨战战兢兢言必称"孙老师",0
老师,陈露,关颖珊,陈露恩师带出关颖珊接班人,0
老师,毛舜筠,吴千语,吴千语欲拜毛舜筠为师,1
老师,莫耶斯,李铁,莫耶斯对李铁恩师格外慷慨,0
老师,沙龙,周美,记周美伶老师“深度唤醒”沙龙,0
老师,明星,战士,海军战士成明星教练,0
老师,雪竹,刘谦,当代书画名家刘谦老师作品雪竹欣赏,0
老师,张传良,邹市明,邹市明和张传良师徒的"父子情",1
老师,杜威,朱广沪,朱广沪杜威师徒铸成大错,1
老师,范伟,陈连仲,范伟恩师陈连仲再收徒,1
老师,杨剑波,乌龙,乌龙指主角杨剑波变身大学教授,0
老师,汪涵,王燕,湖南卫视名嘴汪涵王燕泪别恩师,0
老师,阿里,熊朝忠,熊朝忠赴美拜阿里为师,1
老师,张楠,柴彪,柴彪张楠与教练,0
老师,张传,杨林,表扬感谢杨林成师傅和张传刚师傅,0
老师,魏克兴,洪元硕,战南京国安教练“多喊”魏克兴洪元硕参与指挥,0
老师,乔丹,韦德,韦德夏训求助前乔丹教练,0
老师,贺信,郭崇立,驻肯尼亚大使郭崇立向2004年诺贝尔和平奖获得者马塔伊教授转交我环保总局贺信,0
老师,李树昆,臧美孚,北京协和博士生导师臧美孚李树昆教授济南亲诊|男科|挂号费,0
老师,将军,戴安澜,戴复东教授回忆父亲戴安澜将军,0
老师,爱尔兰,孙大文,华人教授孙大文当选为爱尔兰皇家科学院院士,0
老师,程序,马怀德,受案范围过窄大量案件无法进入诉讼程序马怀德教授认为行政诉讼法需要大幅度修改,0
老师,韦唯,李谷一,韦唯李谷一师徒反目成仇,1
老师,鲍威尔,冯树勇,冯树勇欲请鲍威尔教练来华执教,0
老师,中国,周年,记中国教练协助排演阿尔及利亚独立50周年庆典,0
老师,于海,周海滨,巴斯滕启蒙恩师依然挂念于海对周海滨评论很谨慎,0
老师,吴玉林,巴克,围棋教父吴玉林老师为奇纳巴克杯段位争霸赛颁奖,0
老师,施展,李娜,教练让李娜施展天赋,0
老师,郑国凤,潘安,学唱丨郑国凤老师教你唱“人言潘安美书生”,0
老师,谢娜,小彩旗,谢娜大咖秀成小彩旗何炅秒变都教授,0
老师,中国,姚奠中,中国书法研究院副院长程志强拜姚奠中为师,0
老师,彭顺,张艾嘉,曝恩师张艾嘉对彭顺怒不可遏,1
老师,简金华,金由美,由简金华老师为广州金由美集团主讲《金花卖手训练》进入第二天课程,0
老师,马英九,周年,马英九就职周年国民党将邀台大教授建言,0
老师,中国,张岭,今天九点我去音乐俱乐部王超老师和中国好歌曲张岭老师做客飞鱼秀与小飞老师畅聊布鲁斯,0
老师,中国,国家,张将出任中国国家足球队教练,0
老师,邵天罡,刘晓宇,刘晓宇邵天罡荣归母校探望教练,0
老师,沈佳妮,刘烨,刘烨海岩老师和沈佳妮,0
老师,郭敬明,王安忆,北大教授将郭敬明与张爱玲王安忆并列遭反对,0
老师,鲍德,陈雨露,陈雨露校长会见国际财政学会会长罗宾鲍德威教授,0
老师,蒋冀骋,国家,蒋冀骋教授获批国家社会科学基金重大招标项目,0
老师,海军,杨小萍,海军跳水队教练杨小萍做客中国军网(组图),0
老师,孙悦,方向,雄鹿教练为孙悦指明方向,0
老师,学生,张仃,张仃学生忆恩师,0
老师,学生,文章,应试压力下老师渴望用文章与学生的情感交流,0
老师,张宁益,马琳,张宁益曝马琳行贿教练打主力,0
老师,周年,冯传汉,北大人民医院95周年暨冯传汉教授99寿辰庆典举办,0
老师,郁慕明,李京,李京教授与台湾新党主席郁慕明亲切会见,0
老师,余声,赵葆秀,《百姓秀场》赵葆秀余声师徒情,1
老师,邓建国,大王,潜能激励权威杨涛鸣老师和炒作大王邓建国厦门12月30,0
老师,董鲁安,钱学森,钱学森的老师董鲁安先生二三事,1
老师,唐僧,玄奘,“唐僧”师徒现身玄奘寺派发腊八粥,0
老师,大小姐,安妮,创始人安妮老师分享《什么是真正的大小姐》,0
老师,张怡宁,丁宁,恩师赞丁宁潜质超张怡宁,0
老师,李白,韩国人,韩国教授称李白为韩国人等报道不实,0
老师,单飞,龙年,本山徒弟龙年春晚不单飞,0
老师,李蓓,李跃龙,金牌摄影师李跃龙老师携手高级化妆师李蓓老师带来,0
老师,中国,黄磊,黄磊恩师任"中国偶像"评委,0
老师,桑巴,何备,桑巴教练缘何备受歧视,0
老师,郭晓小,侯耀文,侯耀文徒弟郭晓小状告侯瓒,1
老师,张敏学,文博,张敏学教授《文博十载庆,0
老师,张亚东,罗雪娟,曝张亚东与罗雪娟演戏促孙杨师徒和好,0
老师,都敏俊,金秀贤,都敏俊教授金秀贤or邓紫棋,0
老师,陈浩南,黄贯中,黄贯中演陈浩南恩师大佬B,0
老师,林丹,何雯娜,黄晓炎张兆民表彰林丹何雯娜及教练亲属,0
老师,沙龙,赵剑,周四12月5日赵剑弢老师“企业经营理念和利润的关系”组排体验式沙龙,0
老师,江洪,李富胜,江洪博客悼念恩师李富胜,1
老师,王婧,何晓乐,教练何晓乐与王婧,0
老师,邱大宗,胡卫东,邱大宗胡卫东是好教练,0
老师,学生,高三,沈阳学生投票评选高三任课老师,0
老师,梁翘柏,周笔畅,周笔畅《管他什么音乐》尚雯婕式胜利牵梁翘柏师徒情,0
老师,宋存寿,林青霞,林青霞恩师《窗外》导演宋存寿病逝,1
老师,福田,孙海平,刘翔教练孙海平代言福田奥铃,0
老师,王非,李春江,李春江超王非成夺总冠军次数最多教练,0
老师,周年,宋祖英,宋祖英董文华李丹阳等出席恩师从教50周年音乐会,0
老师,张选,陈大惠,陈大惠老师解读张选为什么能成为亿万富翁,0
老师,周恩来,林彪,表哥毛泽东老师周恩来同学林彪,0
老师,胡明海,舒俊榕,舒俊榕胡明海获金牌教练喜得贵子,0
老师,朴海镇,冷酷,来自星星的你冷酷教授金秀贤PK温暖男二朴海镇,0
老师,孔子,武艺强,北大教授孔庆东称孔子武艺强鲁迅薪水高(图),0
老师,国家,叶蓬,国家京剧院拜叶蓬为师,0
老师,陆虎,刘子歌,刘子歌买辆陆虎送教练,0
老师,李念,李承鹏,李念掐任志强周立波骂教授李承鹏轰名嘴,0
老师,叶问,郑嘉颖,《叶问》揭郑嘉颖恩师面纱,0
老师,李一,明星,李一被指有明星徒弟,0
老师,周润发,汪明荃,周润发汪明荃痛失恩师,0
老师,马云,王菲,马云王菲张纪中为何拜我为师,0
老师,张丹,姚滨,张丹调侃教练姚滨“虚伪”,0
老师,中国,周俊,美国举重教练在周俊比赛后找到中国记者,0
老师,中国,谢钢,专访印度尼赫鲁大学东亚研究中心中国问题教授谢钢,0
老师,李雪健,胡军,李雪健称胡军老师,1
老师,学生,罗曼,舒婷老师学生及罗曼老师学生专场钢琴音乐会昨晚成功举办,0
老师,中国,史努比,悼史努比中国之父马乐山老师,0
老师,小沈阳,风光,华鼎奖赵本山小沈阳师徒联手抢尽众星风光,0
老师,姚明,穆托姆博,姚明老师穆托姆博体验激情啤酒节,0
老师,黄磊,海清,黄磊是海清黄海波老师,1
老师,常昊,曹李,力克曹李师徒常昊棋风变硬,0
老师,学生,东方,东方童画南方商城校区苹果老师部分学生作品展示,0
老师,林正英,许冠英,许冠英林正英师徒同日亡,1
老师,任国,赵宏博,赵宏博将任国家花滑队教练,0
老师,捷克,李磊,捷克教练与李磊换队服,0
老师,江宁,高中,江宁高中开精神报告会请家长和学生为老师师德打分,0
老师,温暖,金秀贤,来自星星的你冷酷教授金秀贤PK温暖男二朴海镇,0
老师,长寿,中华,中华医学教授干祖望的长寿揭密,0
老师,施一公,阿兹,清华施一公教授研究组在《自然》发表论文报道阿兹海默症相关蛋白晶体结构,0
老师,林显宗,大地,林显宗老师祈请大家于5月11日向大地母亲“地球”真心忏悔及感恩,0
老师,杨立新,王轶,杨立新姚辉王轶三位教授畅谈《侵权责任法》,0
老师,刘兰芳,康熙,旭子十年庆典节目回顾（五）刘兰芳老师最新作品《康熙买马》且看且珍惜,0
老师,劳尔,巴尔达诺,恩师巴尔达诺建议劳尔,1
老师,张锦贵,福禄,第四期中华（河南）福禄同修会由亚洲第一名嘴张锦贵教授《人脉成功致富学》,0
老师,穆帅,欧冠,穆帅成最年轻双俱乐部欧冠教练,0
老师,黄东,沙龙,黄东老师做客大学生成长沙龙,0
老师,金应熙,陈寅恪,陈寅恪与金应熙的师徒恩怨,1
老师,李幼斌,葛优,葛优外甥吕行变身李幼斌徒弟,0
老师,朱志根,张亚东,张亚东暂带朱志根仍是教练,0
老师,穆雷,詹俊,詹俊称穆雷复制教练噩运,0
老师,杨丽丽,邵雷,中国传统文化促进会杨丽丽会长亲临邵雷老师研讨会现场莅临指导,0
老师,金毛狮王,郑智,金毛狮王并肩郑智留洋恩师,0
老师,雷牧,尤小刚,雷牧感谢恩师尤小刚,1
老师,高中,雷军,雷军是高中老师,0
老师,相声,曹云金,曹云金"天价相声"盖过师傅郭德纲,0
老师,周年,东方,济南甜甜舞之韵肚皮舞周年店庆甜甜老师东方舞,0
老师,归来,宋凡,宋凡老师07澳洲考察归来,0
老师,罗特,吴恳,驻奥地利大使吴恳为九旬恩师罗特夫人庆生,0
老师,中国,李秀娟,李秀娟教授在京出席2011中国企业领袖年会,0
老师,国家,陆远,国家攀岩队教练蔡陆远先生莅临皇冠体育中心,0
老师,范鹏飞,山东,山东“谈话死”的小伙子范鹏飞被认定是其老师过失致死,0
老师,姚明,邓肯,替补姚明首发恩师成全邓肯,0
老师,海岩,杨文超,《艺术天成》杂志社总编辑杨文超到南海岩工作室拜访海岩老师,0
老师,杨学增,孙军,杨学增孙军犹如师徒,0
老师,蒋文文,蒋婷婷,教练郑嘉揭密花游姐妹花蒋文文/蒋婷婷成功缘由,0
老师,赵奕欢,王心灵,世界销售天才王心灵老师携手赵奕欢南宁荣荣大酒店新书启动发布会,0
老师,谢娜,何炅,何炅教授汪涵大专谢娜大本,0
老师,孔庆东,郭德纲,北大教授孔庆东公开力挺郭德纲,0
老师,刘德华,刘芳,刘德华刘嘉玲苗侨伟悼念恩师刘芳刚,0
老师,孙杨,张亚东,张亚东称孙杨不换教练是底线,0
老师,大叔,毛毛,本山大叔春晚捧女徒弟昨是毛毛今是胖丫,0
老师,朱启南,王涛,朱启南教练改变王涛生涯,0
老师,中国,章开沅,历史学家章开沅成中国请辞资深教授第一人,0
老师,蒋兴权,郭士强,师傅蒋兴权小胜徒弟郭士强,1
老师,本色,李永波,李永波本色饰羽毛球教练,0
老师,高雄,黄英忠,任廷琦会见台湾高雄大学黄英忠教授,0
老师,李大潜,华罗庚,复旦大学教授李大潜院士获华罗庚数学奖,0
老师,王耀,艾米,重庆艾米妮亚婚庆公司邀请王耀老师授课,0
老师,高新,孙龙杰,专访西安科技大学高新学院董事长孙龙杰教授,0
老师,中国,陆元盛,教练陆元盛满意中国女队表现,0
老师,黄金荣,蒋介石,蒋介石曾拜流氓大亨黄金荣为师,1
老师,周汉民,文章,周汉民教授文章,0
老师,刘欢,明星,何炅黄磊李湘徐静蕾刘欢明星老师罕见授课照首曝光,0
老师,德罗巴,穆里尼奥,国米教练穆里尼奥出价购买德罗巴,0
老师,李艳,李晶晶,西安东方舞嘉年华”主题派对暨李晶晶&李艳菲老师西安站集训正式启动,0
老师,孙海平,李犁,李犁拉加特演刘翔孙海平般师徒情,0
老师,哈文,刘纯燕,哈文李咏刘纯燕忆老师,0
老师,中国,郭爱和,中国陶瓷艺术大师宁钢教授与郭爱和大师携手创作,0
老师,康震,王朝,北京师范大学教授康震教授《大唐王朝与盛世气象》,0
老师,鲁迅,武艺强,北大教授孔庆东称孔子武艺强鲁迅薪水高,0
老师,翁帆,贺兰山,杨振宁教授牵手翁帆登上贺兰山圆了儿时梦,0
老师,曹贵人,陈思斯,傻信“曹贵人”陈思斯是老师,0
老师,金铁霖,朱之文,“大衣哥”朱之文拜金铁霖为师,1
老师,国家,陈文斌,中国国家举重队教练陈文斌详解'遭遇战'战术,0
老师,班主任,高三,高三班主任谢老师的24小时,0
老师,谢军,叶江川,谢军叶江川师徒并列第六,0
老师,刘翔,孙海平,教练孙海平满意刘翔的比赛结果,1
老师,王励勤,福原爱,教练曝福原爱见王励勤就脸红,0
老师,巩俐,姜文,为巩俐姜文等恩师,0
老师,林丹,李永波,李永波否认林丹殴打教练,0
老师,林朝阳,邹凯,启蒙教练林朝阳祝贺邹凯梦圆伦敦,1
老师,李敖,王君超,李敖骂死清华教授王君超,0
老师,张艺谋,鞠躬,张艺谋鞠躬送别恩师吴天明,0
老师,林丹,陶菲克,林丹胜陶菲克让教练买单,0
老师,姚明,范帅,姚明恩师直言范帅战术单一,0
老师,金正恩,罗德曼,罗德曼称金正恩邀其担任朝鲜男篮国奥队教练,0
老师,田娃,刘小光,徒弟选中田娃刘小光,0
老师,刘欢,朱克,姚贝娜刘欢徒弟朱克师从黄绮珊,0
老师,在职,家教,邀在职老师家教广告惹反感(图),0
老师,黄晓明,赵薇,老师爆赵薇黄晓明两人曾“夜不归宿”,0
老师,潘金莲,西门庆,我是潘金莲教授就是西门庆,0
老师,高飞,道森,3月24日中英文演说家高飞老师与世界谈判大师罗杰道森同台演说,0
老师,上海,陈安之,相约上海及陈安之老师课程,0
老师,国家,许翔,许翔老师谈建筑留学的国家选择,0
老师,飞鱼,成风,中国水军留洋成风“飞鱼”教练看中张琳,0
老师,白求恩,刘斌,访吉林大学白求恩第二医院刘斌教授,0
老师,阿奴,陈亚,全球阿奴萨拉授权老师陈亚,0
老师,英达,霍元甲,《英达故事汇》霍元甲的师傅,0
老师,王琨,邹平,山东聚企携手亚洲超级演说家王琨老师来邹平,0
老师,金秀贤,邓紫棋,都敏俊教授金秀贤or邓紫棋,0
老师,谢霆锋,周润发,周润发谢霆锋上演师徒对决,1
老师,曹文轩,金庸,北大教授曹文轩自比金庸柳永,0
老师,傅博,石柯,石柯力挺恩师傅博,1
老师,谢霆锋,倪诗蓓,张国荣恋倪诗蓓谢霆锋爱恩师女儿,0
老师,金秀贤,冷酷,来自星星的你冷酷教授金秀贤PK温暖男二朴海镇,0
老师,李斌,毛泽东,李斌利老师篆刻“毛泽东诗《冬雪》”,0
老师,甄子丹,安志杰,甄子丹安志杰师徒对决,1
老师,中国,丹尼斯,专访中国国家游泳队澳大利亚籍教练丹尼斯,0
老师,检察官,雷尔,检察官欲阻止商学教授贾雷尔为拉贾拉特南作证,0
老师,刘昕生,大使,驻坦桑尼亚大使刘昕生会见皮特教授,0
老师,范志毅,吴伟超,吴伟超为恩师拒绝范志毅,0
老师,吴敬平,马琳,马琳和教练吴敬平,1
老师,于洋,孙立荣,徒弟王小利孙立荣于洋加盟,0
老师,梁启超,康有为,梁启超与老师康有为,1
老师,梁小冬,国家,国家男子举重教练梁小冬猝死,0
老师,谢晖,沈志强,谢晖祁宏恩师沈志强身患重病,1
老师,林曾,邹勇,“大师”王林曾向中央巡视组举报富豪“徒弟”邹勇,1
老师,化妆师,高梦瑶,金牌摄影师郑宁辉老师+新锐化妆师高梦瑶老师=爱情火花,0
老师,古天乐,张学友,形象大使古天乐成赶场王歌神张学友复出演教授,0
老师,伍文忠,时光,伍文忠留恋师徒时光,0
老师,成功,阎森,阎森成功竞聘女二队教练,0
老师,白韵琴,关海山,白韵琴出席“纪念关海山师傅”演唱晚会,0
老师,冯象,梅汝璈,清华大学设立“梅汝璈璈法学讲席教授”冯象聘为首任教授,0
老师,王文君,孙长金,毛公酒董事长王文君先生与中国毛泽东书法协会主席孙长金教授,0
老师,熊欣欣,刘家良,熊欣欣忆恩师刘家良,1
老师,吕斌,赵勇,教练赵勇谈世青赛吕斌夺冠,1
老师,刘籽辰,张丹丹,张丹丹南艺刘籽辰老师,0
老师,余少群,刘谦,刘谦给巍子余少群当师傅,1
老师,张纪中,陈凯歌,陈凯歌张纪中老师葬礼,0
老师,章子怡,赵薇,章子怡老师帮背书赵薇丢准考证,0
老师,王楠,孔令辉,蔡振华不否认孔令辉王楠兼教练,0
老师,库里,托马斯,托马斯库里师徒皆留任,1
老师,张琪,九十,国家首批“国医大师”张琪教授喜迎九十华诞,0
老师,申雪,召唤,恩师召唤申雪/赵宏博重返国家队,0
老师,姜昆,冯巩,冯巩姜昆过关本山师徒隐身,0
老师,高健,沈祥福,高健进球献给恩师沈祥福,1
老师,中国,陈安之,六月*陈安之老师*珠海《中国正能量》住宿及乘车路线,0
老师,郑波,马晋,教练指导郑波马晋,0
老师,赵婧,杨峻,赵婧教练杨峻,1
老师,罗生门,朱志根,朱志根否认师徒缘尽道歉“罗生门”,0
老师,周蜜,马力,大马力邀周蜜出任女单教练,0
老师,宋小宝,龙凤,赵本山徒弟宋小宝喜得龙凤双胞胎,0
老师,吴宗宪,管维嘉,吴宗宪徒弟管维嘉,0
老师,纪元,秋赤音,星纪元启航#秋赤音老师登场,0
老师,孔蒂,费拉拉,尤文教练人选费拉拉孔蒂二选一,0
老师,于丹,福田,日本首相福田会见于丹教授,0
老师,毕福剑,紫檀,毕福剑与女徒弟紫檀海量亲密照曝光,1
老师,大新,李娜,李娜脾气大新教练有应对妙招,0
老师,中国,那英,那英老师谷建芬认可章子怡当"中国最强音"评审,0
老师,阎娜,斯琴高娃,斯琴高娃阎娜《师傅》上演祖孙情,0
老师,孙杨,孙朴,昔日恩师谈孙朴巅峰战“孙杨实力最强,0
老师,吉尼斯,在职,全球最年长在职老师获吉尼斯认证,0
老师,包容,穆雷,穆雷谢教练包容坏脾气,0
老师,水军,飞鱼,中国水军留洋成风“飞鱼”教练看中张琳,0
老师,李逵,吴用,吴用是教授李逵是甜妈,0
老师,中华,许淑净,中华台北女力士许淑净呛教练,0
老师,艾扬格,葛星,健力美瑜伽部葛星翔老师成功考入艾扬格学院,0
老师,马国明,马浚伟,马浚伟马国明为拍戏刻苦学京剧获师傅称赞,0
老师,化妆师,文娟,金像主管摄影师李彬老师+金像金牌化妆师文娟老师=爱的星期天,0
老师,李果珍,徐克,徐克教授等人参加李果珍教授100岁寿辰暨从医从教70周年座谈会,0
老师,梁博,权振东,音乐“师徒”权振东与梁博,1
老师,杜云生,文章,亚洲《绝对成交》天王杜云生老师向您推荐一篇改变千万人命运的文章,0
老师,成立,周年,郑功成教授出席首都各界纪念全国人民代表大会成立50周年大会,0
老师,中国,劳尔,劳尔执政以中国为师,0
老师,李永波,羽毛,羽毛球队教练李永波预展奥运格局,0
老师,姜昆,唐杰忠,师傅姜昆邀唐杰忠李金斗助阵,1
老师,潘洁,归来,9月9日印度合一高频觉醒师潘洁娜老师圆满归来,0
老师,刘德华,吴建豪,吴建豪拜刘德华为师学习演戏,1
老师,张雨生,张惠妹,张雨生忌日张惠妹发与大海合照悼念恩师,0
老师,琼瑶,杨海薇,杨海薇叫板师傅琼瑶,1
老师,李矛,召唤,陶菲克为恩师拒绝李矛召唤,0
老师,费德勒,罗迪克,费德勒无法接罗迪克教练支持,1
老师,欧阳秋眉,彭博,欧阳秋眉教授接受《彭博商业周刊》采访,0
老师,陆元盛,满意,教练陆元盛满意中国女队表现,0
老师,侯瓒,郭晓小,侯耀文徒弟郭晓小以借贷纠纷为由反告侯瓒,0
老师,金妍儿,安藤美姬,教练狂言安藤美姬可击败金妍儿,0
老师,顾长卫,张艺谋,张艺谋顾长卫祭拜恩师吴天明,0
老师,高志华,中华,北京林业大学高志华教授接受中华地板网专访,0
老师,国家,徐汉虹,华农大教授徐汉虹捧国家最高发明创业奖,0
老师,检察官,李鸿禧,扁老师李鸿禧诅咒检察官,0
老师,赵佳雪,姚滨,恩师姚滨给孩子起名赵佳雪,0
老师,孔子,李时珍,韩大学教授称孔子西施李时珍是韩国人,0
老师,国家,时殷弘,时殷弘教授谈国家兴亡,0
老师,吕行,李幼斌,李幼斌吕行结缘《师傅》,0
老师,李艳,东方,西安李艳菲东方舞周末教练班火热进行中,0
老师,成就,大超,大超联赛成就冠军教练,0
老师,张晓刚,江湖,张晓刚75岁恩师重返江湖,0
老师,钱烈宪,孔庆东,北大教授孔庆东助理扎伤博客作者"钱烈宪"获刑,0
老师,云儿,刘荣,云儿广场舞又见山里红刘荣老师的分解,0
老师,李娜,张宇璇,小花张宇璇师从李娜教练,1
老师,何成,高发,教授缘何成了腐败高发人群,0
老师,张琳,哈克特,哈克特恩师科特莱尔为中国泳将张琳,0
老师,中国,李金,中国斯诺克集训队教练李金,0
老师,薛荣久,对外经济贸易大学,对外经济贸易大学薛荣久教授为特聘副会长,0
老师,桂林,阳朔,包健/陈玉老师邀请家长朋友结伴同行去广西`桂林`阳朔,0
老师,鞠萍,于丹,铁凝于丹鞠萍二月河忆恩师,0
老师,艾冬梅,王德显,前女子中长跑选手艾冬梅与教练王德显庭外和解,1
老师,华章,百家讲坛,百家讲坛孙立群教授华章专场讲座圆满结束,0
老师,李芳,郭晶晶,郭晶晶启蒙教练李芳,1
老师,成果,方舟子,方舟子认定武大教授独吞成果坑师,0
老师,赵本山,张能,大鹏靠一张能“嘚吧”的嘴成了赵本山徒弟/图,0
老师,单飞,牛群,本山徒弟单飞牛群搭档老外,0
老师,吉马,米卢,师傅米卢徒弟吉马互“叙友谊”,1
老师,刘强,吴建,三菱五型大连课程圆满结束（感谢贺岩老师刘强老师吴建老师王千一老师）,0
老师,谢娜,汪涵,何炅教授汪涵大专谢娜大本,0
老师,山东,康熙,老胶州人张谦宜是雍正的老师康熙封他为“山东学究”|书法|文人,0
老师,温格,费迪南德,阿森纳教练温格说曼联购买费迪南德花了冤枉钱,0
老师,杨志,戴安娜,杨志教授会见席酉民教授和戴安娜博士,0
老师,肖战,张继科,恩师肖战眼中的张继科,1
老师,高兴,李永波,徒弟争气李永波高兴,0
老师,林毅夫,北京大学,北京大学国家发展研究院教授林毅夫|北京大学|林毅夫|全国工商业联合会,0
老师,陈平,茅于轼,美加州州立大学商学院教授孙涤对话茅于轼陈平,0
老师,山本嘉次郎,黑泽明,黑泽明和他的老师山本嘉次郎,1
老师,周年,赵丽蓉,《与您相约》纪念赵丽蓉老师逝世五周年,0
老师,成才,大学生,“三必须”促大学生村官拜农民为师快成才,0
老师,金秀贤,宁静,宁静称都教授金秀贤这种小孩无吸引力,0
老师,宋丹丹,姚晨,姚晨老师猜中题宋丹丹早恋落榜,0
老师,李矛,陈刚,韩羽教练陈刚是李矛徒弟,1
老师,朱晓军,鲁迅,“两栖教授”朱晓军喜获鲁迅文学奖,0
老师,孙杨,明星,孙杨陪教练看病毫无明星架子,0
老师,杨维中,黄梅,第三届黄梅禅宗文化高峰论坛菩萨在线记者采访杨维中教授,0
老师,张晓龙,林志玲,张晓龙是林志玲和周杰伦老师,1
老师,中华,许晋,中华台北教练许晋哲,0
老师,雷锋,张峻,雷锋拜张峻为师学照相唯一一张照片,1
老师,周年,高歌,马金泉教授率众弟子高歌威尔第诞辰200周年/图,0
老师,王菲,戴思聪,王菲低调返港送恩师刘诗昆为戴思聪扶灵,0
老师,郑欣宜,刘家昌,刘家昌出碟不见徒弟郑欣宜,1
老师,中国,董炯,中国残疾人羽毛球队教练董炯,0
老师,张纪中,刘亦菲,刘亦菲戴过亿翡翠和恩师张纪中出席珠宝翡翠品鉴会,1
老师,陈剑,罗伯特,陈剑教授《罗伯特席勒金融学思想对中国房市的启示》,0
老师,李建东,鞠躬,刘兴土院士向李建东教授鞠躬道歉,0
老师,金妍儿,戴安娜,教练称金妍儿似戴安娜,0
老师,索尔斯克亚,明星,加迪夫任命前曼联明星索尔斯克亚为主教练,0
老师,范尼,德汉,范尼恩师德汉成热门,1
老师,李琰,李坚柔,李坚柔夺冠后与教练李琰分享胜利,1
老师,郝运,陈寅,郝运换教练投奔师兄陈寅,0
老师,家人,刘磊,家人教练眼中的冠军刘磊,0
老师,黄圣依,小沈阳,小沈阳不知黄圣依拜赵本山为师,0
老师,北极,高登义,探险家高登义教授到云南省师大附小校讲述南极北极的故事,0
老师,上海,邓肯,美国麦当娜私人教练邓肯王老师和上海梵一瑜伽教练胡卫国老师玩双人瑜伽,0
老师,时间,陈安之,陈安之机构六冠王博一文化销售冠军周老师加入公司短短一年时间开出全新宝马530轿车的秘诀,0
老师,贺信,大使,驻肯尼亚大使郭崇立向2004年诺贝尔和平奖获得者马塔伊教授转交我环保总局贺信,0
老师,翁葵,周年,歌唱家翁葵教授从艺40周年独唱音乐会在南宁举行,0
老师,陶泽如,李岷城,《百鸟朝凤》李岷城被师傅陶泽如下猛料,1
老师,蒋英,钱学森,缅怀钱学森夫人蒋英教授,0
老师,王爽,王冬,摄影部经理王冬老师与新锐化妆师王爽老师带大家一起欣赏那冬日里跳动的精灵≈,0
老师,米杨,陈丽怡,教练解释米杨陈丽怡为何无缘,0
老师,肖传国,方舟子,方舟子遇袭案教授肖传国已刑满获释,0
老师,燕子李三,六小龄童,六小龄童《新燕子李三》演师傅,0
老师,霍奇森,国家,英国人霍奇森将接任芬兰国家足球队教练职位,0
老师,和平,赵耀忠,10月5日赵耀忠教授亲诊温州和平与你美丽有约,0
老师,家人,刘翔,刘翔及教练家人,0
老师,唐僧,表情帝,51wan《飘渺西游》唐僧师徒变身鬼马表情帝,0
老师,孔子,韩国人,韩国梨花大学教授称孔子西施李时珍全是韩国人,0
老师,吴尊,林峰,林峰仔仔拜吴尊为师,1
老师,秦观,苏轼,风流秦观暗恋恩师苏轼宠妾,1
老师,金明,中华,本报专访中华中医药学会眼科分会主任委员金明教授常用眼药水是最大误区,0
老师,谢霆锋,李亚鹏,社科教授称李亚鹏谢霆锋是丑男,0
老师,魏积军,杜近芳,邓敏魏积军黄炳强拜杜近芳李长春尹培玺为师,1
老师,郝海涛,石勇,于根伟郝海涛石勇等教练参加亚足联“高级班”,0
老师,冯小刚,濮存昕,冯小刚恩师做客《艺术人生》濮存昕现场吐真言,0
老师,王楠,郭跃,王楠郭跃恩师讲述大院情结,0
老师,中国,戈鲲化,哈佛中国教授第一人戈鲲化,0
老师,哈蒙,魏圣美,老虎前教练哈蒙点评小将魏圣美,0
老师,孔子,孔庆东,北京大学教授孔庆东称孔子是2000年前的于丹,0
老师,章子怡,全智贤,都教授金秀贤全智贤范冰冰章子怡,0
老师,熊倪,高敏,高敏熊倪萨乌丁当教练,0
老师,陈嘉桓,冼国林,传黑帮追杀陈嘉桓师傅冼国林,1
老师,王琦,李振华,王琦教授拜访李振华教授,0
老师,孙杨,不二,张亚东是孙杨教练不二人选,0
老师,中国,满意,哈恩满意中国教练工作,0
老师,成亮,孙祥,孙祥尚未注册成亮转当教练,0
老师,杨志刚,郭德纲,郭德纲恩师杨志刚,1
老师,鲁米,苏菲,来自苏菲师傅鲁米的诗,1
老师,官兵,方永刚,胡锦涛看望海军大连舰艇学院教授方永刚号召广大共产党员和全军官兵向方永刚学习,0
老师,唐僧,吴承恩,吴承恩为什么要在《西游记》里杜撰出唐僧的三个徒弟,0
老师,单飞,赵本山,龙年春晚赵本山五徒弟上演单飞暗示了啥,0
老师,莫耶斯,李玮锋,莫耶斯是个好教练李玮锋应该有机会,1
老师,蔡剑忠,丁俊晖,丁俊晖蔡剑忠师徒再战,1
老师,姚明,霍林斯,霍林斯携姚明恩师上榜,0
老师,中国,国宝,汤媛媛带“国宝”压力大过中国教练,0
老师,中国,苏小,中国员工心态培训第一人苏小柏老师走进唐山朵儿宝贝育婴连锁倾情分享,0
老师,库里,刘翔,杜库里教练不看好刘翔卫冕,0
老师,佟文,大学生,佟文变教练指导大学生,0
老师,王濛,严重,曝王濛与领队教练严重冲突,0
老师,阿里,刘易斯,刘易斯教练称徒弟只比阿里差,0
老师,詹姆斯,山猫,詹姆斯恩师将接任山猫主帅,0
老师,王朔,侯耀文,常宽忆恩师侯耀文“我们不可能原谅王朔”,0
老师,中国,黄玉斌,大运会中国体操教练黄玉斌抒胸臆,0
老师,庾澄庆,王菲,王菲“嘲讽”庾澄庆与吴莫愁师徒唱歌似猫叫,0
老师,温和,晏紫,郑洁晏紫当教练温和细致,0
老师,李隼,李晓霞,冠军教练李隼助推李晓霞加冕,1
老师,孔子,章子怡,北大教授张颐武否认说过孔子不如章子怡,0
老师,艺人,郭德纲,相声演员郭德纲在津拜快板老艺人金文声为师,0
老师,刘德华,黎明,刘德华黎明恩师病危入院,0
老师,都敏俊,明星,外星人教授都敏俊vs无厘头明星千颂伊,0
老师,赵本山,宋小宝,小沈阳宋小宝大鹏揭赵本山最宠爱的十大徒弟,1
老师,邓建国,杨涛鸣,潜能激励权威杨涛鸣老师和知名导演邓建国厦门12月30,0
老师,陈定,胡说,陈定教练怒斥强暴传闻是胡说,0
老师,九月,肖雪,特邀肚皮舞人气老师肖雪雯九月北京集训三天,0
老师,林丹,李雪芮,林丹李雪芮初尝教练滋味,0
老师,吴莫愁,顿顿,庾澄庆吴莫愁师徒情深女方到台男方顿顿请吃鸡,0
老师,庾澄庆,杜德伟,庾澄庆被问“师徒情谊”杜德伟大谈“新婚燕尔”,0
老师,张汉忠,张海军,喜悦蜘蛛侠组合张海军等喜拜张汉忠为师,1
老师,王小虎,张可,赵本山徒弟王小虎张可结婚,0
老师,邱波,彭宇行,彭宇行杨松柏接见内江籍仁川亚运冠军邱波和教练,0
老师,周立波,倪萍,周立波骂教授李承鹏炮轰倪萍,0
老师,孙俪,甄嬛,甄嬛孙俪何老师皆被躺枪,0
老师,李鸣宇,冯巩,冯巩携徒弟李鸣宇说相声,1
老师,杨二车娜姆,朱朱,朱朱老师特邀成为杨二车娜姆老师的特约化妆师,0
老师,邓铁涛,国医大师,国医大师邓铁涛学术继承人吴伟康教授做客“松山湖养生大讲堂”,0
老师,殷铁生,杨一民,高洪波吴金贵殷铁生等国字号教练曾向杨一民送礼,0
老师,童年,郭跃,启蒙恩师谈郭跃童年,0
老师,中国,王德显,孙英杰恩师中国著名中长跑教练王德显简介,0
老师,程菲,刘群琳,程菲教练刘群琳,1
老师,肖鹰,苏紫紫,春晚导演马东微博回应肖鹰教授"苏紫紫"之说,0
老师,桑巴,牛洪利,桑巴教练辅助牛洪利,0
老师,倪妮,张艺谋,倪妮全程避谈恩师张艺谋,1
老师,家人,丁宁,专访丁宁家人和儿时教练,0
老师,刘德华,戴思聪,戴思聪葬礼举行刘德华送别恩师,1
老师,水木,沙龙,水木之约．与教授下午茶系列沙龙（第十六期）,0
老师,吴敏霞,郭晶晶,教练爆吴敏霞郭晶晶只交流业务,0
老师,章子怡,刘烨,刘烨章子怡在校被老师批演技差,0
老师,周年,北京大学,北京大学举行厉以宁教授80华诞暨从教55周年庆典滚动频道,0
老师,李好,李敏,李好成教授晓敏生出“李敏好”,0
老师,苍井空,赵本山,苍井空会不会借出演《屌丝男士》拜赵本山为师,0
老师,李阳,释永信,李阳皈依少林拜释永信为师“皈依少林”可在线申请,1
老师,金铁霖,董文华,董文华等祝贺老师金铁霖从教50周年,1
老师,燕飞,易思玲,易思玲启蒙教练仇燕飞,0
老师,黄晓明,陈安之,陈安之老师生日携手影视界明星黄晓明助阵,0
老师,郑艳东,王刚,王刚军艺教授老婆郑艳东近照曝光,0
老师,赵本山,严格,爆赵本山对徒弟很凶很严格,0
老师,大牌,唐杰忠,《大牌生日会》邀唐杰忠师徒,0
老师,罗切,费德勒,教练罗切为费德勒长舒了一口气,1
老师,成功,沙漠,医学教授郭试瑜沙漠成功植树140万株,0
老师,丁德科,张岂之,院长丁德科教授一行拜访著名史学家张岂之教授,0
老师,黄炳强,魏积军,邓敏魏积军黄炳强拜杜近芳李长春尹培玺为师,0
老师,常昊,聂卫平,常昊力挺师傅聂卫平,1
老师,李雷雷,国安,李雷雷成国安新任守门员教练,0
老师,罗马,蒙特拉,蒙特拉出任罗马青年队教练,0
老师,中国,大地,中国大地保险携手张云松开启“我是教练”计划,0
老师,巴菲特,张从忠,《与寰球策划导师张从忠教授共享“巴菲特”的全球投资策略》,0
老师,金融硕士,成功,211大学毕业的精英白领通过360教育集团郭艾伦老师成功申请麦考瑞大学金融硕士,0
老师,白发,学生,百名白发学生送恩师,0
老师,钟少珍,郭晶晶,郭晶晶推荐恩师钟少珍参与火炬接力,1
老师,张琳,孙杨,菲鱼教练看好张琳孙杨,0
老师,高洪波,李树斌,亚军教练李树斌过招冠军教练高洪波,0
老师,中国,麦蒂,麦蒂中国当教练,0
老师,赵本山,龙凤,赵本山徒弟宋小宝喜得龙凤双胞胎,0
老师,赵威,王振华,恩师王振华谈华山大会冠军赵威,1
老师,韩红,那英,韩红徒弟PK那英学员,0
老师,黄圣依,周润发,《大上海》发布会黄晓明跪拜周润发为师向黄圣依致敬,0
老师,魏群,马明宇,马明宇魏群师傅仍发挥余热,0
老师,张汉忠,喜悦蜘蛛侠,喜悦蜘蛛侠组合张海军等喜拜张汉忠为师,0
老师,管乐,姚晨,“小姚晨”管乐闪亮《师傅》,0
老师,马里科,安德森,教练圈定安德森马里科,0
老师,金莲花,王鹏,山西卫视《第一访谈》在五台山金莲花禅文化主题酒店专访古琴琴圣王鹏老师《一音一世界》,0
老师,杨波,吉利,北京吉利学院杨波老师夺得第九届教师基本技能大赛冠军,0
老师,戴玉强,宋祖英,金铁霖教授从教50周年音乐会宋祖英戴玉强献声,0
老师,辛吉斯,滑雪,辛吉斯爱上滑雪教练,0
老师,中国,孙英杰,孙英杰恩师中国著名中长跑教练王德显简介,0
老师,姚明,霍华德,霍华德欲效仿姚明恩师,0
老师,合力,马加特,马加特师徒合力弑旧主,0
老师,鲁尼,李铁,李铁恩师发掘鲁尼,0
老师,周年,高铭暄,高铭暄王作富教授联袂执教60周年学术庆典在京举行,0
老师,归来,肖云,祝肖云成老师赴北京迷迪音乐学校参加国际打击乐协会师资培训凯旋归来,0
老师,张挺,田亮,田亮教练张挺担任田叶大婚证婚人,1
老师,刘诗诗,佟丽娅,四川美女老师酷似刘诗诗佟丽娅,0
老师,方舟,郝万山,6月25日北京中医药大学郝万山教授在乐清玉方舟开展《情绪健康人生》公益讲座,0
老师,冯树勇,罗伯斯,冯树勇驳斥罗伯斯教练,0
老师,毕福剑,苏比,毕福剑徒弟苏比北京开唱,1
老师,魏群,战斗,魏群马明宇的师傅还在战斗,0
老师,高玉华,学生,王东明称赞地震时先保学生安全的老师高玉华,0
老师,罗迪克,彭帅,罗迪克恩师执教彭帅,0
老师,邓紫棋,金秀贤,金秀贤邓紫棋交往金鱼妹逆袭都教授,0
老师,黄奕,明星,陈安之老师10月6日课程现场特邀明星黄奕分享,0
老师,郭跃,马龙,郭跃马龙启蒙教练石海梅,0
老师,满意,那英,徒弟那英做得让我满意,0
老师,金秀贤,全智贤,全智贤《来自星星的你》10集幕后照情陷教授金秀贤,0
老师,朱凤玲,白雪,白雪教练朱凤玲有名无实,1
老师,林志玲,大学生,蔡康永林志玲获选大学生最哈男女老师,0
老师,李琰,王濛,教练李琰称与王濛没有矛盾,0
老师,上海,郭龙,郭龙三位老师赴上海学习至6月8日归来,0
老师,耿乃光,杨浚,耿乃光教授致函闫常人老师重申泗滨浮石的重新发现者是杨浚滋先生,0
老师,刘海涛,焦刘洋,访焦刘洋及其教练刘海涛,1
老师,海宁,九月,海宁九月来华客串教练,0
老师,魏秋月,程序,魏秋月兼任教练只差程序,0
老师,容祖儿,毕生,容祖儿称师傅教诲毕生受用,0
老师,陈嘉,冼国林,陈嘉垣师傅冼国林开记者会,0
老师,马英九,孔杰荣,马英九恩师孔杰荣今天到医院探视陈水扁,1
老师,陆春龙,成功,陆春龙成功离不开启蒙教练,0
老师,国家,牛荻涛,牛荻涛教授入选国家“万人计划”,0
老师,万峰,燕达,燕达医院心脏中心万峰教授接受香港健康卫视专访,0
老师,周成海,叶准,“咏春拳”传人叶准徒弟白静被丈夫周成海刺死,0
老师,侯瓒,侯耀文,侯耀文徒弟郭晓小状告侯瓒还钱,0
老师,陈木胜,徐克,陈木胜称是杜琪峰徐克的徒弟,1
老师,水色,马友友,《水色》获马友友恩师称赞|马友友|水色,0
老师,高子沣,李立群,李立群高子沣情如师徒,0
老师,马季,冯巩,冯巩送别师傅马季,1
老师,梅西,谈青,梅西启蒙教练谈青训,0
老师,曹建华,杨燕绥,曹建华董事长与杨燕绥教授交流,0
老师,中国,华天,启蒙教练谈中国马术界最亮明星华天,0
老师,赵小琪,金庸,赵小琪教授开讲金庸的“江湖”,0
老师,张劲松,范斌,范斌张劲松李楠也是教练身份,0
老师,风水大师,王瑞鸿,王瑞鸿老师倾情打造《说服力讲师班》并携手国际易学实战风水大师,0
老师,张国伟,家人,张国伟会见诺贝尔奖获得者崔琦教授及家人,0
老师,张亚东,赵戈,国家游泳队悄然换帅张亚东接替赵戈出任总教练罗雪娟师兄摇身变成师傅,0
老师,林丹,汤仙虎,林丹点帅只服老恩师汤仙虎,1
老师,刘洋,高中,高中老师忆女航天员刘洋,0
老师,李章洙,国安,李章洙与国安教练,0
老师,连胜文,高中,连胜文访高中老师,0
老师,罗特,大使,驻奥地利大使吴恳为九旬恩师罗特夫人庆生,0
老师,袁惟仁,李晓杰,袁惟仁李晓杰师徒逆袭小柯,1
老师,方永刚,大学生,在大学生眼中的方永刚教授,0
老师,颖儿,任达华,任达华颖儿“师徒”情深,1
老师,大眼睛,苏明娟,“大眼睛”女孩苏明娟当上了老师,0
老师,万达,李海亭,50多位企业家和微营销第一人李海亭老师再次相聚万达,0
老师,苏轼,康震,听康震老师讲“全民偶像”苏轼的那些事,0
老师,王杰,成龙,王杰因狠批成龙徒弟,0
老师,芙蓉姐姐,赵忠祥,芙蓉姐姐芳心被赵忠祥老师打动,0
老师,韩明玉,国家,国家苹果产业技术体系首席科学家韩明玉教授一行到昭通考察苹果生产,0
老师,朱光亚,王乃彦,王乃彦院士忆恩师朱光亚,1
老师,周立波,大春,《我的丑爹》周立波师傅携手“大春”江宏恩,0
老师,刘德华,彭登怀,刘德华深夜打电话问候“变脸”师傅彭登怀,1
老师,黄明开,刘仲华,刘仲华教授等三大黑茶泰斗和黄明开将军到我公司视察指导工作,0
老师,李中莹,沙龙,李中莹老师深圳沙龙学员分享01,0
老师,大头,车范根,恩师车范根钦点大头,0
老师,邹市明,罗奇,邹市明教练罗奇,1
老师,金花,彭帅,金花彭帅匆匆换教练,0
老师,易中天,徐静蕾,易中天徐静蕾入选魅力老师,0
老师,梅尔,伍德,梅尔伍德会恩师,0
老师,刘珂,陈永馨,大森蝶陈永馨PK都教授刘珂惹观众大,0
老师,濮方,濮存昕,孙杨为濮存昕爱女濮方做教练,0
老师,饶毅,文章,说说饶毅教授评陈竺院士的新文章,0
老师,李雪芮,谌龙,谌龙李雪芮变身教练,0
老师,国家,林贤,丁林贤教授课题组研发的“水质净化微生态系统及其应用”获国家发明专利,0
老师,陈晓,于正,陈晓谈恩师于正,1
老师,罗布森,穆里尼奥,穆里尼奥感激恩师罗布森,1
老师,庄村,张公,张公庄村的好老师,0
老师,冯巩,贾玲,冯巩女徒弟贾玲酒驾被拘,1
老师,邹平,王琨,欢迎王琨老师来到邹平,0
老师,宋丹丹,张国立,宋丹丹与张国立《相伴》上演师徒恋,0
老师,韩佳人,金秀贤,全智贤韩佳人借“教授”金秀贤翻身,0
老师,罗梅罗,成功,爱徒罗梅罗成功阻击师傅范加尔,0
老师,中国,黄益平,专访北大国家发展研究院教授黄益平中国金融问题根源,0
老师,梦鸽,金铁霖,生父实为梦鸽老师金铁霖,0
老师,邓超,田有良,邓超拍档恩师田有良,1
老师,张军,陈其遒,教练张军陈其遒战杜婧于洋,0
老师,易中天,大使,驻奥克兰总领事廖菊华出席首届新西兰读书文化节并会见“文化大使”易中天教授,0
老师,成立,曾湘泉,曾湘泉院长和彭剑峰教授出席全国人才服务标准化技术委员会成立大会暨第一次工作会议,0
老师,飞人,王德显,飞人戏称幸亏教练不是王德显,0
老师,中国,孙广,著名教练孙广林谈中国女子拳击,0
老师,佟健,庞清,恩师曝庞清/佟健十月回归,0
老师,成立,李曙光,中国政法大学教授李曙光建议成立金融国资委理顺中投和汇金关系,0
老师,屈原,召唤,教授召唤屈原精神回归,0
老师,李泉,古巨基,齐豫忆恩师唱《橄榄树》李泉古巨基加冕总冠军,0
老师,黄渤,余男,黄渤给余男当艳舞老师,1
老师,李政道,杨振宁,杨振宁李政道缅怀恩师,0
老师,杨珊珊,王宏伟,贝希斯坦艺术家杨珊珊老师和她先生王宏伟老师录制BTV《我爱我家》节目现场,0
老师,俞敏洪,东方,与俞敏洪老师一起追忆十年东方梦,0
老师,上海,伊娃,伊娃上海当“教练”,0
老师,国家,大学生,重庆大学大学生担纲毛里求斯国家羽毛球队教练,0
老师,霍春阳,孙其峰,霍春阳谈恩师孙其峰,1
老师,归来,薛申,薛申希望归来当教练,0
老师,英子,李新,金玺集团摄影总监李新老师和金玺集团化妆总监英子老师邀请大家一起欣赏,0
老师,黄立行,王朔,王朔像老师黄立行绅士,0
老师,上海,满意,上海队首胜教练满意防守,0
老师,黄圣依,刘亦菲,周星驰黄圣依刘亦菲翅膀硬了跟恩师反目明星大揭秘,0
老师,将军,戴复东,戴复东教授回忆父亲戴安澜将军,0
老师,叶问,李小龙,武学宗师叶问的徒弟李小龙,1
老师,王辉,丰收,王辉教授的丰收梦,0
老师,孙海平,刘翔,解密刘翔教练孙海平作用有多大,1
老师,杨家安,霍元甲,霍元甲徒弟扮演者杨家安雇凶杀人被判无期<Font,0
老师,张军,于洋,教练张军陈其遒战杜婧于洋,0
老师,赵锦焘,林永健,赵锦焘林永健《林师傅》成“情敌”,0
老师,姚明,巴特尔,杜锋退役赛姚明巴特尔成教练,0
老师,周杰伦,明星,周杰伦编舞老师爆料明星趣事,0
老师,牛尔,阿治,牛尔阿治老师晒绝招,0
老师,海清,黄海波,黄磊是海清黄海波老师,0
老师,家人,尹汉宁,尹汉宁到张培刚教授家中吊唁并看望家人,0
老师,化妆师,王爽,新锐摄影师安程老师with新锐化妆师王爽老师要大家一起看,0
老师,李彬,文娟,主管摄影师李彬老师+金牌化妆师文娟老师=我爱的那颗星是亲爱的你,0
老师,大牌,欧冠,预算3亿引大牌教练欧冠级外援,0
老师,吴天明,顾长卫,张艺谋顾长卫祭拜恩师吴天明,1
老师,原点,李磊,12月14日李磊老师职业化的四大原点公开课|房产|半岛网,0
老师,李文敏,刘蓓,刘蓓回归青衣恩师李文敏助阵,1
老师,张艺谋,赵薇,张艺谋恩师批赵薇子怡,0
老师,喜悦蜘蛛侠,张海军,喜悦蜘蛛侠组合张海军等喜拜张汉忠为师,0
老师,中国,金昶伯,中国女曲教练金昶伯,0
老师,赵丽颖,霍建华,赵丽颖霍建华师徒合照聚仙气,1
老师,吉尼斯,阿炳,单人150分钟烤999只鸡阿炳师傅成功创造吉尼斯世界记录,0
老师,温暖,冷酷,来自星星的你冷酷教授金秀贤PK温暖男二朴海镇,0
老师,伯乐,张艺谋,张艺谋恩师第五代伯乐,0
老师,姜昆,赵本山,姜昆徒弟投靠赵本山走红,0
老师,赵本山,王小宝,赵本山徒弟王小宝打人,1
老师,奚啸伯,王小蝉,王小蝉是京剧大师奚啸伯徒弟,1
老师,周星驰,明星,周星驰黄圣依刘亦菲翅膀硬了跟恩师反目明星大揭秘,0
老师,吕坚,国家,香港教授吕坚获选为法国国家技术科学院院士,0
老师,熊汝成,周年,上海纪念我国泌尿外科创始人熊汝成教授诞辰100周年,0
老师,严重,董永全,在此严重表扬韩建公司的董永全师傅,0
老师,孙杨,哈克特,孙杨和哈克特是最得意徒弟,0
老师,王绘春,刘涛,《妈祖》王绘春饰刘涛恩师,0
老师,萧亚轩,狂飙,萧亚轩见恩师姚谦狂飙泪,0
老师,宋美龄,黄君璧,宋美龄国画老师黄君璧,1
老师,牟钟鉴,施正一,施正一和牟钟鉴四位教授被评为我校首批学术名师,0
老师,文章,张德芬,张德芬老师老师文章精选,0
老师,国家,刘国梁,辅佐刘国梁担任国家一队教练,0
老师,李可,王中光,王中光韩硕李可当教练,0
老师,草蜢,梅艳芳,草蜢庆功悼恩师梅艳芳,1
老师,何炅,祖蓝,谢娜大咖秀成小彩旗何炅秒变都教授祖蓝变身李谷一,0
老师,化妆师,王焕,首席化妆师王焕老师简介,0
老师,李双江,冯巩,冯巩徒弟杨松借师傅和李双江之名诈骗30万被捕,0
老师,谢霆锋,郭德纲,郭德纲徒弟张柏芝谢霆锋,1
老师,谢霆锋,王晶,王晶开拍《赌神4》周润发谢霆锋上演师徒对决(图),1
老师,成功,海纳,凯旋国际公馆海纳组团和高晓松老师一起减肥成功,0
老师,唐山,万达,刘雪华老师下榻唐山万达洲际酒店,0
老师,九年,索德林,九年后索德林复制教练轨迹,0
老师,丹尼斯,张琳,教练丹尼斯谈张琳,1
老师,大牌,成一,大牌教练观战成一景,0
老师,成功,马琳,马琳客串教练助许昕成功"复仇",0
老师,六小龄童,迟重瑞,六小龄童与“师傅”迟重瑞重聚,1
老师,李琰,王春露,王春露或被调离教练李琰成最大赢家,0
老师,赵雷,赵照,赵雷师傅赵照下周亮相,1
老师,倪乐雄,赵勤轩,评倪乐雄教授与赵勤轩教授学术论文比较,0
老师,张雨绮,周星驰,张雨绮直言恩师周星驰人老,1
老师,李可染,李宝林,李宝林看望恩师李可染夫人师,1
老师,中国,丁宁,中国女乒教练施之皓力挺刘诗雯丁宁,0
老师,琼瑶,赵薇,赵薇电话向琼瑶“撒娇”师徒复合,1
老师,齐齐,马拉,佛罗伦萨美院马拉齐齐教授执教美术预科,0
老师,申思,祁宏,申思祁宏当教练,0
老师,伍文忠,丁俊晖,伍文忠丁俊晖再续师徒缘,1
老师,吴敏霞,何姿,上海跳水队教练赞吴敏霞何姿,0
老师,伯德,高兴,伯德为麦克海尔当教练高兴,0
老师,中国,武术,中国教练援外推动武术运动,0
老师,林丹,上海,林丹等教练队员来到上海花木中心小学当志愿者,0
老师,李嫣,李亚鹏,李亚鹏不管李嫣遭老师投诉,0
老师,贾秀全,戴琳,戴琳欲赴申花投恩师贾秀全,1
老师,董藩,陈雪,董藩教授的楼市谬论可以休矣(陈雪根),0
老师,王濛,李琰,师徒和解王濛短信感谢李琰,0
老师,玄武,狂潮,乱拳打死老师父《玄武》引发师徒挑战狂潮,0
老师,肖全,马克,肖全忆恩师马克,1
老师,班主任,芮成钢,芮成钢高三班主任老师姜守传,0
老师,中国,严格,中国金花感谢教练严格,0
老师,金铁霖,张英席,张英席献唱恩师金铁霖音乐会,1
老师,严重,谢长城,严重表扬兼感谢长城物业的贾师傅,0
老师,小沈阳,明星,《明星学院》“小沈阳”迷倒老师,0
老师,董文华,宋祖英,宋祖英董文华等祝贺老师金铁霖从教50年,0
老师,学生,果果,教授被指“赤果果”抄袭学生获世界大奖,0
老师,黄圣依,明星,周星驰黄圣依刘亦菲翅膀硬了跟恩师反目明星大揭秘,0
老师,姚贝娜,黄绮珊,姚贝娜刘欢徒弟朱克师从黄绮珊,0
老师,马季奇,高兴,马季奇归队报到教练高兴,0
老师,郑功成,周年,郑功成教授出席首都各界纪念全国人民代表大会成立50周年大会,0
老师,陈学冬,宋佳,陈学冬宋佳求一年级老师支招,0
老师,金花,云天,施兆鹏教授和“金花之父”视察云天阁太原展位,0
老师,胡锦涛,方永刚,胡锦涛看望海军大连舰艇学院教授方永刚号召广大共产党员和全军官兵向方永刚学习,0
老师,邢天恩,山东,山东著名教练邢天恩因病去世,0
老师,蔡依林,黄晓明,蔡依林黄晓明扮"西游"师徒,0
老师,严重,陈水扁,美法学教授认为陈水扁贪腐严重,0
老师,梅艳芳,何韵诗,何韵诗感念恩师梅艳芳,1
老师,宋倩,王冬,摄影部经理王冬老师and化妆部经理宋倩老师邀请大家一起,0
老师,崔琦,家人,张国伟会见诺贝尔奖获得者崔琦教授及家人,0
老师,舒印彪,吴中,国家电网公司舒印彪一行看望并慰问电科院吴中习教授,0
老师,张宇,郑洁,郑洁张宇陪教练上非诚勿扰,0
老师,成立,唐僧,唐僧师徒成立了智能电网项目组之后,0
老师,谈笑,本哈克,教练本哈克谈笑,0
老师,梁效,汤一介,汤一介教授的“梁效”岁月,0
老师,姚明,鲁迪,恩师鲁迪出计制服姚明,1
老师,成功,张丽莉,张丽莉老师成功接受植皮手术,0
老师,飞人,山猫,飞人牵手师徒有望聚首山猫,0
老师,成龙,李连杰,“都教授”索成龙李连杰签名,0
老师,双月,沙龙,黄震教授应邀参加中国社会组织促进会基金会双月沙龙,0
老师,霍利菲尔德,张君龙,中国拳手张君龙成霍利菲尔德亚洲第一个徒弟,1
老师,龚琳娜,老锣,龚琳娜老锣大战郭德纲师徒,0
老师,宿茂臻,山东,宿茂臻有望回山东做教练,0
老师,曹扬,韩红,韩红徒弟曹扬惊天逆转,1
老师,李肇星,季羡林,李肇星和印度驻华大使看望季羡林教授,0
老师,海闻,北京大学,论坛主持人北京大学教授海闻博士致欢迎辞,0
老师,孙英杰,王德显,孙英杰教练王德显有可能遭受终身禁赛的处罚,1
老师,中国,赵汝,8月3号中国金融总裁首选教练赵汝桂老师隆重登陆濮阳课程在线报名,0
老师,蔡依林,刘璇,刘璇成蔡依林体操教练,1
老师,中国,海尔,海尔师傅塑造中国好品牌,0
老师,李一,汤一介,北大教授汤一介卷入李一事件,0
老师,朱凤玲,国家,朱凤玲竞聘国家田径教练,0
