闺蜜,袁姗姗,莫艳琳,章子怡闺蜜莫艳琳PK翻版袁姗姗莫海婧,0
闺蜜,薛凯琪,杨子姗,陈意涵薛凯琪杨子姗成真闺蜜|首映|票房,1
闺蜜,陈晓,周冬雨,赵丽颖周冬雨闺蜜反目抢陈晓,0
闺蜜,陈小艺,郝泽嘉,郝泽嘉陈小艺剧中成闺蜜,0
闺蜜,高圆圆,王菲,贾静雯赞高圆圆好闺蜜赵薇爆料王菲KTV唱歌怪癖,0
闺蜜,李嫣,李亚鹏,王菲李亚鹏女儿李嫣与赵薇女儿小四月是闺蜜,0
闺蜜,胡歌,俞灏明,杨幂恋俞灏明刘诗诗胡歌是闺蜜,0
闺蜜,安以轩,倪景阳,安以轩倪景阳闺蜜情深,1
闺蜜,杨幂,胡歌,胡歌没了杨幂还不抓住闺蜜,0
闺蜜,余文乐,陈意涵,《闺蜜》余文乐陈意涵因戏生情,0
闺蜜,关凌,潘阳,《我不是明星》闺蜜关凌助阵潘阳,1
闺蜜,黄晓明,张国立,黄晓明亲张国立赵薇吻闺蜜,0
闺蜜,周冬雨,宋茜,复杂的男女闺蜜宋茜尼坤林更新周冬雨吴奇隆刘诗诗,0
闺蜜,叶一茜,大左,大左叶一茜拍闺蜜大片,1
闺蜜,汪峰,莫艳琳,汪峰秒抢章子怡闺蜜莫艳琳,0
闺蜜,李湘,罗志祥,李湘何炅蔡依林罗志祥闺蜜大揭秘,0
闺蜜,闫妮,海清,闫妮海清喝红酒论闺蜜情,1
闺蜜,霍思燕,范冰冰,范冰冰霍思燕《二次曝光》上演爱恨闺蜜风情万种,1
闺蜜,陈坤,明星,谢娜何炅赵薇陈坤周星驰真情假意的明星闺蜜,0
闺蜜,张逗逗,倪妮,《杀戒》张逗逗演倪妮闺蜜,0
闺蜜,孙红雷,吴镇宇,孙红雷成吴镇宇闺蜜,1
闺蜜,蒋雯丽,莫艳琳,章子怡莫艳琳闺蜜马思纯小姨蒋雯丽,0
闺蜜,成海清,马伊琍,“毒舌”金星变温情成海清闺蜜声援马伊琍,0
闺蜜,文章,陈可辛,陈可辛向岳母解释“男闺蜜”田朴珺还会继续写文章,0
闺蜜,贾静雯,赵薇,贾静雯赞高圆圆好闺蜜赵薇爆料王菲KTV唱歌怪癖,0
闺蜜,范玮琪,白百合,白百合范玮琪演闺蜜,0
闺蜜,陈意涵,吴建豪,陈意涵薛凯琪吴建豪钟汉良谈闺蜜友谊,0
闺蜜,王菲,范冰冰,赵薇王菲范冰冰杨幂唐嫣刘诗诗揭秘娱乐圈真假闺蜜,0
闺蜜,秦海璐,海清,秦海璐海清《成都》成“闺蜜”,0
闺蜜,高珑珂,徐璐,高珑珂徐璐演绎中国好闺蜜,1
闺蜜,贾静雯,姚晨,贾静雯高圆圆闫妮姚晨好闺蜜,0
闺蜜,周星驰,陈坤,谢娜何炅赵薇陈坤周星驰真情假意的明星闺蜜,0
闺蜜,张歆艺,曾培,曾培张歆艺闺蜜情深,1
闺蜜,张歆艺,中国,张歆艺获中国好闺蜜将明年生子,0
闺蜜,谢杏芳,赵婷婷,前女友赵婷婷是谢杏芳闺蜜,1
闺蜜,杨幂,唐嫣,杨幂护闺蜜唐嫣暗指劈腿,1
闺蜜,黄磊,冯绍峰,孙红雷黄磊这次成为闺蜜了古装戏终于没有阿哥格格了杨幂冯绍峰回到现代恋爱了,0
闺蜜,刘孜,马伊琍,马伊琍闺蜜刘孜不看好文章,1
闺蜜,刘诗诗,林更新,复杂的男女闺蜜宋茜尼坤林更新周冬雨吴奇隆刘诗诗,0
闺蜜,林志玲,周迅,赵薇林志玲周迅女星晒闺蜜,0
闺蜜,谢娜,李小冉,快乐大本营谢娜逆袭闺蜜李小冉,1
闺蜜,张嘉译,朱锐,朱锐助闺蜜狂追张嘉译,0
闺蜜,何炅,赵薇,黄晓明赵薇蓝颜谢娜何炅闺蜜,0
闺蜜,黄晓明,范冰冰,黄晓明范冰冰赵薇陈坤明星异性闺蜜恋爱友情分不清,1
闺蜜,中国,明星,明星“中国好闺蜜”大盘点,0
闺蜜,何炅,谢娜,杨幂刘诗诗谢娜何炅娱乐圈闺蜜起底,1
闺蜜,张碧,莫艳琳,张碧晨exo私生饭莫艳琳章子怡闺蜜,0
闺蜜,曾轶可,范冰冰,李宇春范冰冰私交好曾轶可刘亦菲传断背揭娱圈闺蜜情,0
闺蜜,高圆圆,柳岩,高圆圆柳岩《咱们结婚吧》扮闺蜜逛街,0
闺蜜,李湘,唐嫣,杨幂唐嫣李湘与闺蜜合照,0
闺蜜,高圆圆,大左,“中国好闺蜜”大左戏里摆平高圆圆,1
闺蜜,王菲,家人,王菲44岁生日闺蜜家人齐祝贺,0
闺蜜,蒋雯丽,梁静,《女人帮》蒋雯丽邬君梅梁静结闺蜜同盟,0
闺蜜,霍思燕,秦岚,霍思燕秦岚熊乃瑾明星闺蜜拍大片,1
闺蜜,范范,白百何,《那五年》白百何范范闺蜜发型,1
闺蜜,陈怡蓉,郭品超,郭品超陈怡蓉最佳闺蜜,1
闺蜜,林志玲,赵薇,赵薇林志玲周迅女星晒闺蜜,0
闺蜜,熊乃瑾,霍思燕,霍思燕熊乃瑾秦岚明星闺蜜团登《时尚芭莎》,1
闺蜜,秦岚,明星,霍思燕秦岚组明星闺蜜团,0
闺蜜,曾华倩,刘芸,曾华倩刘嘉玲刘芸胡可遭闺蜜抢男友的女星,0
闺蜜,陈晓,赵丽颖,赵丽颖周冬雨闺蜜反目抢陈晓,0
闺蜜,爱美,刘晓庆,曝闺蜜刘晓庆太爱美,0
闺蜜,窦骁,董洁,董洁与窦骁成闺蜜,1
闺蜜,罗晋,佟丽娅,罗晋《断奶》打造贴身“男闺蜜”痴心只为佟丽娅,0
闺蜜,童瑶,秦丽,《爸爸快长大》秦丽童瑶唐嫣上演“闺蜜时代”,0
闺蜜,杨幂,刘诗诗,刘诗诗杨幂范冰冰林心如曝女星假闺蜜背后利益,0
闺蜜,章子怡,那英,泼墨章子怡那英王菲闺蜜,1
闺蜜,王菲,李亚鹏,王菲李亚鹏女儿李嫣与赵薇女儿小四月是闺蜜,0
闺蜜,赵薇,陈坤明,黄晓明范冰冰赵薇陈坤明星异性闺蜜恋爱友情分不清,0
闺蜜,吕夏,海清,海清吕夏演闺蜜代言《抹布女》|海清|吕夏|闺蜜,0
闺蜜,刘诗诗,杨幂,谢楠柳岩杨幂刘诗诗昔日闺蜜同台比美谁被艳压,0
闺蜜,陈数,司珂华,我爱男闺蜜陈数司珂华,0
闺蜜,刘孜,文章,刘孜曾强烈反对马伊琍文章结婚获赞中国好闺蜜,0
闺蜜,曾华倩,刘嘉玲,曾华倩刘嘉玲刘芸胡可遭闺蜜抢男友的女星,0
闺蜜,袁珊珊,唐嫣,杨幂不敌闺蜜唐嫣袁珊珊入选,0
闺蜜,赵薇,林心如,周迅赵薇林心如小s晒闺蜜,0
闺蜜,郑希怡,陈小春,应采儿闺蜜郑希怡“监工”陈小春,0
闺蜜,姚笛,沈佳妮,沈佳妮姚笛闺蜜反目,0
闺蜜,赵丽颖,周冬雨,周冬雨赵丽颖闺蜜情战,1
闺蜜,刘诗诗,林心如,刘诗诗杨幂范冰冰林心如曝女星假闺蜜背后利益,0
闺蜜,赵薇,那英,刘嘉玲那英赵薇王菲组“中年闺蜜团”,1
闺蜜,吴奇隆,胡歌,盘点女星男闺蜜胡歌陈坤吴奇隆（16）,0
闺蜜,赵薇,周星驰,谢娜何炅赵薇陈坤周星驰真情假意的明星闺蜜,0
闺蜜,周迅,杨幂,赵薇周迅刘诗诗杨幂闺蜜翻脸,0
闺蜜,中国,袁珊珊,杨幂唐嫣中国好闺蜜袁珊珊苦脸情难堪,0
闺蜜,陈意涵,黄真真,陈意涵惨遭钟汉良劈腿黄真真新片《闺蜜》发布人物特辑,0
闺蜜,王力宏,舒淇,舒淇视王力宏为闺蜜,1
闺蜜,赵薇,陈坤,谢娜何炅赵薇陈坤周星驰真情假意的明星闺蜜,1
闺蜜,王菲,刘嘉玲,赵薇王菲刘嘉玲组“中年闺蜜团”,1
闺蜜,明星,谢娜,杨幂范冰冰李湘谢娜明星不为人知的闺蜜纠纷,0
闺蜜,曾轶可,刘亦菲,刘亦菲闺蜜是曾轶可,1
闺蜜,甄子丹,赵文卓,赵薇周迅刘诗诗杨幂闺蜜翻脸赵文卓甄子丹,0
闺蜜,吴建豪,钟汉良,余文乐钟汉良吴建豪"闺蜜情",1
闺蜜,林心如,陈坤,蔡依林赵薇林心如晒闺蜜罗志祥陈坤成妇女之友,0
闺蜜,吴奇隆,林更新,复杂的男女闺蜜宋茜尼坤林更新周冬雨吴奇隆刘诗诗,0
闺蜜,窦靖童,张智霖,窦靖童和张智霖外甥女闺蜜照曝光,0
闺蜜,周扬,董璇,周扬董璇等上演“闺蜜时代”,1
闺蜜,高圆圆,黄海波,黄海波和高圆圆是闺蜜,1
闺蜜,高富,陈数,陈数《男闺蜜》不接受高富帅,0
闺蜜,章子怡,张碧,张碧晨exo私生饭莫艳琳章子怡闺蜜,0
闺蜜,袁珊珊,汪峰,翻版袁珊珊被起底汪峰“抢”章子怡闺蜜,0
闺蜜,归来,陈乔恩,陈乔恩游学归来为闺蜜站台,0
闺蜜,杨幂,古剑,杨幂郑爽《古剑奇谭》戏里情敌戏外闺蜜,0
闺蜜,林青霞,蓝颜,揭林青霞与闺蜜蓝颜秘事,0
闺蜜,范冰冰,赵薇,黄晓明范冰冰赵薇陈坤明星异性闺蜜恋爱友情分不清,0
闺蜜,范玮琪,常石磊,范玮琪是吃货常石磊是闺蜜,1
闺蜜,吕一,袁弘,吕一赞袁弘演最佳男闺蜜,0
闺蜜,本色,沈凌,沈凌本色出演《男闺蜜》,0
闺蜜,范冰冰,林心如,刘诗诗杨幂范冰冰林心如曝女星假闺蜜背后利益,0
闺蜜,熊乃瑾,甘薇,李小璐晒与甘薇熊乃瑾霍思燕等众闺蜜素颜合影,0
闺蜜,佟大为,董璇,佟大为妻子关悦祝福闺蜜董璇,0
闺蜜,陈思斯,马伊琍,陈思斯马伊琍闺蜜至上,1
闺蜜,孙俪,刘亦菲,邓超吐槽孙俪无趣要做刘亦菲男闺蜜,0
闺蜜,徐洁儿,秦岚,秦岚徐洁儿上演乱世闺蜜情,1
闺蜜,周迅,林心如,周迅赵薇林心如小s晒闺蜜,0
闺蜜,杨幂,袁珊珊,杨幂唐嫣中国好闺蜜袁珊珊苦脸情难堪,0
闺蜜,邓超,杨幂,邓超扮女装与杨幂成“闺蜜”,1
闺蜜,赵薇,范冰冰,赵薇王菲范冰冰杨幂唐嫣刘诗诗揭秘娱乐圈真假闺蜜,0
闺蜜,陈小艺,袁姗姗,袁姗姗陈小艺结成“婆媳闺蜜”,1
闺蜜,吴越,杨婷,吴越杨婷闺蜜携手齐助阵,1
闺蜜,葛思然,房祖名,《周先生》葛思然变房祖名闺蜜,1
闺蜜,张歆艺,柳小海,柳小海张歆艺《新闺蜜》戏假情真,1
闺蜜,黄晓明,何炅,赵薇黄晓明何炅谢娜闺蜜情,0
闺蜜,袁姗姗,章子怡,章子怡闺蜜莫艳琳PK翻版袁姗姗莫海婧,0
闺蜜,田朴珺,曾三,田朴珺再谈男闺蜜自曝曾三人同居,0
闺蜜,唐嫣,李宇春,杨幂唐嫣刘诗诗范冰冰李宇春揭秘女神们的闺蜜,0
闺蜜,黄磊,陈数,《我爱男闺蜜》陈数最爱“欺负”黄磊,0
闺蜜,姚晨,林心如,《非常幸运》特辑章子怡谈与蔡少芬姚晨林心如闺蜜情,0
闺蜜,谢娜,黄晓明,赵薇黄晓明何炅谢娜闺蜜情(2),0
闺蜜,曾华倩,胡可,曾华倩刘嘉玲刘芸胡可遭闺蜜抢男友的女星(组图)（11）,0
闺蜜,刘芸,刘嘉玲,曾华倩刘嘉玲刘芸胡可遭闺蜜抢男友的女星,0
闺蜜,柳岩,杨幂,谢楠柳岩杨幂刘诗诗昔日闺蜜同台比美谁被艳压（23）,0
闺蜜,可乐,谢娜,闺蜜二人组李小冉谢娜挑战动作游戏失败被灌可乐,0
闺蜜,马思纯,蒋雯丽,章子怡莫艳琳闺蜜马思纯小姨蒋雯丽,0
闺蜜,中国,阚清子,李沁阚清子中国好闺蜜,0
闺蜜,霍思燕,甘薇,李小璐晒与甘薇熊乃瑾霍思燕等众闺蜜素颜合影,0
闺蜜,蒋欣,童瑶,张歆艺蒋欣童瑶《新闺蜜时代》全集剧情介绍大结局,0
闺蜜,张钧甯,贾乃亮,贾乃亮爱上张钧甯闺蜜,0
闺蜜,范冰冰,陈坤明,黄晓明范冰冰赵薇陈坤明星异性闺蜜恋爱友情分不清,0
闺蜜,刘诗诗,李宇春,杨幂唐嫣刘诗诗范冰冰李宇春揭秘女神们的闺蜜,0
闺蜜,杨幂,霍建华,杨幂《小时代2》热映中国好闺蜜暗示唐嫣霍建华恋情,0
闺蜜,金星,文章,马伊琍闺蜜金星批文章姚笛,0
闺蜜,李湘,田亮,李湘田亮爱女由闺蜜变情敌,0
闺蜜,刘芮麟,黄磊,《我爱男闺蜜》黄磊刘芮麟上演男神秀,0
闺蜜,王石,陈可辛,王石女友自称陈可辛闺蜜遭讽,0
闺蜜,朱媛媛,宋丹丹,宋丹丹与闺蜜朱媛媛嘴对嘴激吻,1
闺蜜,李沁,阚清子,阚清子李沁成闺蜜敌人,0
闺蜜,孙红雷,杨幂,孙红雷黄磊这次成为闺蜜了古装戏终于没有阿哥格格了杨幂冯绍峰回到现代恋爱了(组图),0
闺蜜,赵又廷,林更新,赵又廷林更新出演《痞子英雄2》互损斗嘴似闺蜜,0
闺蜜,中国,刘诗诗,中国好闺蜜刘诗诗杨幂友情告急,0
闺蜜,雪莉,可爱,雪莉秀可爱力挺闺蜜,0
闺蜜,刘炎,韩文,《新闺蜜时代》韩文静刘炎戏外有十多年交情,0
闺蜜,沈涛,伊能静,沈涛伊能静扮闺蜜,0
闺蜜,余文乐,吴建豪,余文乐钟汉良吴建豪"闺蜜情",1
闺蜜,章子怡,林心如,《非常幸运》特辑章子怡谈与蔡少芬姚晨林心如闺蜜情,1
闺蜜,可乐,李小冉,闺蜜二人组李小冉谢娜挑战动作游戏失败被灌可乐,0
闺蜜,郭采洁,于莎莎,闺蜜于莎莎点拨郭采洁,1
闺蜜,张柏芝,蓝颜,曝张柏芝的蓝颜闺蜜/组图,0
闺蜜,杨幂,佟丽娅,闺蜜杨幂佟丽娅爆猛料,1
闺蜜,应采儿,刘芸,刘芸曝伴娘秦岚应采儿闺蜜合照,1
闺蜜,江铠同,孙骁骁,孙骁骁江铠同最新闺蜜写真,1
闺蜜,董可飞,杨丞琳,董可飞杨丞琳成闺蜜,1
闺蜜,吴奇隆,周冬雨,复杂的男女闺蜜宋茜尼坤林更新周冬雨吴奇隆刘诗诗,0
闺蜜,崔强,宋茜,崔强自曝是宋茜男闺蜜,1
闺蜜,唐嫣,李小璐,王菲赵薇杨幂唐嫣李小璐闺蜜女星罕见合影谁最美,1
闺蜜,田朴珺,金磊,田朴珺再曝与好声音导演金磊的"闺蜜情",1
闺蜜,范冰冰,谢娜,杨幂范冰冰李湘谢娜明星不为人知的闺蜜纠纷,0
闺蜜,陈坤,周迅,陈坤赵薇黄觉周迅娱圈闺蜜起底,0
闺蜜,邓紫棋,周笔畅,邓紫棋或孤军奋战周笔畅成唯一闺蜜（组图）,1
闺蜜,胡可,刘嘉玲,曾华倩刘嘉玲刘芸胡可遭闺蜜抢男友的女星,0
闺蜜,陈赫,周迅,周迅谢娜是闺蜜陈赫表舅陈凯歌,0
闺蜜,霍思燕,明星,霍思燕秦岚组明星闺蜜团,0
闺蜜,李湘,杨幂,李小璐杨幂李湘与闺蜜合照,0
闺蜜,范冰冰,杨幂,杨幂唐嫣刘诗诗范冰冰李宇春揭秘女神们的闺蜜,0
闺蜜,刘诗诗,唐嫣,王菲赵薇刘诗诗杨幂唐嫣女星闺蜜合影必有一美,0
闺蜜,张璇,佟丽娅,张璇佟丽娅闺蜜情深,1
闺蜜,马思纯,莫艳琳,章子怡莫艳琳闺蜜马思纯小姨蒋雯丽,0
闺蜜,张曼玉,赵薇,赵薇王菲张曼玉盘点女星天后级闺蜜,0
闺蜜,吴莫愁,大山,影版《好声音》大山吴莫愁变身斗气闺蜜,1
闺蜜,章子怡,范冰冰,范冰冰章子怡赵薇周迅闺蜜翻脸,0
闺蜜,杨紫,刘筱筱,杨紫力挺闺蜜刘筱筱新片首映,1
闺蜜,章子怡,姚晨,《非常幸运》章子怡姚晨林心如闺蜜情深|《非常幸运》|蔡少芬|章子怡,1
闺蜜,杨幂,赵薇,王菲赵薇刘诗诗杨幂唐嫣女星闺蜜合影必有一美,0
闺蜜,李湘,范冰冰,杨幂范冰冰李湘谢娜明星不为人知的闺蜜纠纷,0
闺蜜,中国,杨幂,杨幂唐嫣中国好闺蜜,0
闺蜜,唐山,万达,唐山万达闺蜜节,0
闺蜜,邓超,刘亦菲,邓超吐槽孙俪无趣要做刘亦菲男闺蜜,1
闺蜜,杨幂,范冰冰,杨幂范冰冰李湘谢娜明星不为人知的闺蜜纠纷,1
闺蜜,中国,郑斯仁,郑斯仁被封中国好闺蜜,0
闺蜜,茜拉,李小冉,女神李小冉分享闺蜜秘密茜拉化身冰雪女王,0
闺蜜,章子怡,齐力,章子怡携手闺蜜齐力为患儿圆梦传递正能量,0
闺蜜,李玉,范冰冰,数范冰冰李玉闺蜜情,1
闺蜜,田朴珺,那英,那英调侃田朴珺闺蜜多,0
闺蜜,何炅,明星,谢娜何炅赵薇陈坤周星驰真情假意的明星闺蜜,0
闺蜜,周迅,赵薇,赵薇周迅刘诗诗杨幂闺蜜翻脸,0
闺蜜,高圆圆,姚晨,贾静雯高圆圆闫妮姚晨好闺蜜,0
闺蜜,沃森,爱玛,爱玛沃森与漂亮闺蜜出街,0
闺蜜,马思纯,章子怡,章子怡莫艳琳闺蜜马思纯小姨蒋雯丽,0
闺蜜,杨幂,李湘,杨幂范冰冰李湘谢娜明星不为人知的闺蜜纠纷,0
闺蜜,谢娜,陈坤,谢娜何炅赵薇陈坤周星驰真情假意的明星闺蜜,0
闺蜜,大左,钟欣桐,大左助阵钟欣桐发布会好闺蜜现场帮解围,1
闺蜜,中国,王力宏,中国好闺蜜王力宏陪张惠妹哭,0
闺蜜,张歆艺,戚迹,《新闺蜜》戚迹虏获张歆艺芳心,0
闺蜜,赵薇,李亚鹏,王菲李亚鹏女儿李嫣与赵薇女儿小四月是闺蜜,0
闺蜜,谢娜,陈凯歌,周迅谢娜是闺蜜陈赫表舅陈凯歌,0
闺蜜,唐嫣,霍唐,唐嫣谈“霍唐恋”坦言只是男闺蜜,0
闺蜜,殷桃,邓安奇,邓安奇成殷桃“男闺蜜”,1
闺蜜,张歆艺,蒋欣,张歆艺童瑶蒋欣大连拍戏成“麻辣闺蜜”,1
闺蜜,赵薇,唐嫣,王菲赵薇刘诗诗杨幂唐嫣女星闺蜜合影必有一美,0
闺蜜,范冰冰,李宇春,杨幂唐嫣刘诗诗范冰冰李宇春揭秘女神们的闺蜜,0
闺蜜,熊乃瑾,李小璐,李小璐晒与甘薇熊乃瑾霍思燕等众闺蜜素颜合影,1
闺蜜,杨幂,李小璐,杨幂李小璐李湘与闺蜜合照,0
闺蜜,黄晓明,赵薇,黄晓明范冰冰赵薇陈坤明星异性闺蜜恋爱友情分不清,0
闺蜜,默多克,邓文迪,李冰冰闺蜜邓文迪与传媒大亨默多克组图,0
闺蜜,金锁,艾米,臧洪娜《艾米加油》牵手“金锁”演办公室闺蜜,0
闺蜜,中国,大左,“中国好闺蜜”大左戏里摆平高圆圆,0
闺蜜,宋茜,周冬雨,林更新周冬雨宋茜尼坤娱乐圈复杂的男女闺蜜情,0
闺蜜,毛泽少,莫艳琳,章子怡闺蜜莫艳琳pk造假毛泽少,0
闺蜜,章子怡,毛泽少,章子怡闺蜜莫艳琳pk造假毛泽少,0
闺蜜,李湘,何炅,何炅李湘揭秘娱乐圈真闺蜜（8）－旅游体验师－齐鲁晚报网,1
闺蜜,杨幂,王菲,王菲赵薇杨幂唐嫣李小璐闺蜜女星罕见合影谁最美,0
闺蜜,熊乃瑾,秦岚,霍思燕熊乃瑾秦岚明星闺蜜团登《时尚芭莎》,1
闺蜜,李嫣,王菲,王菲李亚鹏女儿李嫣与赵薇女儿小四月是闺蜜,0
闺蜜,田朴珺,陈可辛,陈可辛否认田朴珺“闺蜜说”,0
闺蜜,邬君梅,蒋雯丽,蒋雯丽邬君梅梁静结为好闺蜜,1
闺蜜,马苏,李小冉,马苏李小冉刘涛演闺蜜新闻频道,0
闺蜜,高原,王菲,和高原系闺蜜不关注王菲,0
闺蜜,谢娜,明星,谢娜何炅赵薇陈坤周星驰真情假意的明星闺蜜,0
闺蜜,明星,范冰冰,杨幂范冰冰李湘谢娜明星不为人知的闺蜜纠纷,0
闺蜜,何炅,杨幂,刘诗诗杨幂何炅谢娜扒一扒娱乐圈闺蜜,0
闺蜜,陈意涵,杨子珊,陈意涵薛凯琪杨子珊上演闺蜜美肤计,1
闺蜜,陈坤,吴奇隆,盘点女星男闺蜜胡歌陈坤吴奇隆,0
闺蜜,蔡依林,罗志祥,李湘何炅蔡依林罗志祥闺蜜大揭秘,1
闺蜜,周冬雨,林更新,复杂的男女闺蜜宋茜尼坤林更新周冬雨吴奇隆刘诗诗,1
闺蜜,姚笛,曾泳醍,姚笛曾泳醍闺蜜百变造型大PK,1
闺蜜,谢娜,蓝颜,黄晓明赵薇蓝颜谢娜何炅闺蜜,0
闺蜜,谢楠,柳岩,谢楠柳岩杨幂刘诗诗昔日闺蜜同台比美谁被艳压（29）,0
闺蜜,应采儿,秦岚,刘芸曝伴娘秦岚应采儿闺蜜合照,1
闺蜜,高圆圆,赵薇,贾静雯赞高圆圆好闺蜜赵薇爆料王菲KTV唱歌怪癖,0
闺蜜,闫妮,姚晨,闫妮姚晨是闺蜜,1
闺蜜,章子怡,王菲,泼墨章子怡那英王菲闺蜜,1
闺蜜,黄磊,汪俊,孙红雷黄磊汪俊成“闺蜜”,1
闺蜜,唐嫣,戚薇,杨幂戚薇为好闺蜜唐嫣庆生,1
闺蜜,刘恺威,唐嫣,刘恺威杨幂婚后“大跟踪”之好闺蜜唐嫣忙相亲,0
闺蜜,赵薇,董洁,中国达人秀总决赛赵薇牵好闺蜜董洁一展歌喉,1
闺蜜,谢楠,何洁,首谈谢楠何洁“闺蜜”关系,1
闺蜜,赵薇,李小璐,王菲赵薇杨幂唐嫣李小璐闺蜜女星罕见合影谁最美,0
闺蜜,中国,刘亦菲,中国好闺蜜刘亦菲江一燕同庆生,0
闺蜜,章子怡,陈冰,张碧晨exo私生饭陈冰经融界白富美莫艳琳章子怡闺蜜,0
闺蜜,刘诗诗,周迅,赵薇周迅刘诗诗杨幂闺蜜翻脸,0
闺蜜,中国,汪峰,中国好声音3汪峰抢章子怡闺蜜,0
闺蜜,范冰冰,刘诗诗,杨幂唐嫣刘诗诗范冰冰李宇春揭秘女神们的闺蜜,0
闺蜜,中国,李沁,李沁阚清子中国好闺蜜,0
闺蜜,章子怡,汪峰,汪峰抢章子怡闺蜜,0
闺蜜,章子怡,赵薇,范冰冰章子怡赵薇周迅闺蜜翻脸,0
闺蜜,赵薇,何炅,谢娜何炅赵薇陈坤周星驰真情假意的明星闺蜜|赵薇|陈坤,0
闺蜜,蔡健雅,吴青峰,吴青峰中国好闺蜜助战蔡健雅,1
闺蜜,李湘,谢娜,杨幂范冰冰李湘谢娜明星不为人知的闺蜜纠纷,1
闺蜜,古晨,陈露,陈露澄清不是古晨闺蜜,0
闺蜜,中国,吴青峰,吴青峰中国好闺蜜助战蔡健雅,0
闺蜜,孙羽,张钧甯,《闺蜜》挑战六亿元《孙羽希》被称小张钧甯,0
闺蜜,杨子珊,薛凯琪,薛凯琪陈意涵杨子珊演绎逗比闺蜜,1
闺蜜,韩庚,张瑶,韩庚会闺蜜与张瑶,1
闺蜜,刘亦菲,柳岩,柳岩刘亦菲大秀"闺蜜情深",1
闺蜜,童瑶,高群书,张歆艺蒋欣童瑶同演高群书新作《麻辣闺蜜》,0
闺蜜,黄晓明,蓝颜,黄晓明赵薇蓝颜谢娜何炅闺蜜,0
闺蜜,黄磊,阳刚,《我爱男闺蜜》黄磊给男闺蜜上堂阳刚课,0
闺蜜,哈文,李咏,李咏禁止哈文交往男闺蜜,0
闺蜜,王菲,唐嫣,王菲赵薇刘诗诗杨幂唐嫣女星闺蜜合影必有一美,0
闺蜜,中国,韩雨芹,韩雨芹姚晨再现中国好闺蜜,0
闺蜜,赵薇,蓝颜,盘点赵薇的闺蜜与蓝颜,0
闺蜜,赵薇,赵文卓,赵薇周迅刘诗诗杨幂闺蜜翻脸赵文卓甄子丹,0
闺蜜,李湘,蔡依林,李湘何炅蔡依林罗志祥闺蜜大揭秘,0
闺蜜,姚晨,蔡少芬,《非常幸运》特辑章子怡谈与蔡少芬姚晨林心如闺蜜情,0
闺蜜,陈柏霖,文章,《我可能不会爱你》陈柏霖接棒文章变忠犬闺蜜,0
闺蜜,李嫣,赵薇,王菲李亚鹏女儿李嫣与赵薇女儿小四月是闺蜜,0
闺蜜,杨幂,郭碧婷,杨幂郭采洁郭碧婷闺蜜反目成仇,0
闺蜜,扬科,李娜,“闺蜜大战”李娜负扬科,1
闺蜜,陈坤,何炅,谢娜何炅赵薇陈坤周星驰真情假意的明星闺蜜,0
